用户问题/症状,用户1级需求,用户2级需求,自我肯定语,生产者,参考需求,反思日志,zhihu_link
不合理信念（宿命论）,提醒自己未来是不可知的,鼓励自己重新评估信念，减少宿命论,我穿梭虚拟雨林携带昨日种子在时间缝隙中培育未来轮廓,3号,1级需求: 提醒自己未来是不可知的,1级需求: 提醒自己未来是不可知的,https://www.zhihu.com/question/417493582/answer/2499848810 https://www.zhihu.com/question/532746783/answer/2535137829 https://www.zhihu.com/question/522688509/answer/2462647129
不合理信念（宿命论）,提醒自己未来是不可知的,鼓励自己重新评估信念，减少宿命论,我紧握Wi-Fi信号昔日微风中感受到未来节奏的搏动,3号,1级需求: 提醒自己未来是不可知的,1级需求: 提醒自己未来是不可知的,https://www.zhihu.com/question/417493582/answer/2499848810 https://www.zhihu.com/question/532746783/answer/2535137829 https://www.zhihu.com/question/522688509/answer/2462647129
不合理信念（宿命论）,提醒自己未来是不可知的,鼓励自己重新评估信念，减少宿命论,我织入宇宙肌理寻觅过去影像在基因编码中盼传输希望,3号,1级需求: 提醒自己未来是不可知的,1级需求: 提醒自己未来是不可知的,https://www.zhihu.com/question/417493582/answer/2499848810 https://www.zhihu.com/question/532746783/answer/2535137829 https://www.zhihu.com/question/522688509/answer/2462647129
不合理信念（宿命论）,提醒自己未来是不可知的,鼓励自己重新评估信念，减少宿命论,我手握加密钥匙在数字深渊中释放过往星辰的能量,3号,1级需求: 提醒自己未来是不可知的,1级需求: 提醒自己未来是不可知的,https://www.zhihu.com/question/417493582/answer/2499848810 https://www.zhihu.com/question/532746783/answer/2535137829 https://www.zhihu.com/question/522688509/answer/2462647129
不合理信念（宿命论）,提醒自己未来是不可知的,鼓励自己重新评估信念，减少宿命论,我飞翔云端家园集纳时空的馈赠慷慨地播种创世的种子,3号,1级需求: 提醒自己未来是不可知的,1级需求: 提醒自己未来是不可知的,https://www.zhihu.com/question/417493582/answer/2499848810 https://www.zhihu.com/question/532746783/answer/2535137829 https://www.zhihu.com/question/522688509/answer/2462647129
不合理信念（宿命论）,提醒自己未来是不可知的,鼓励自己重新评估信念，减少宿命论,我解读光年信件解锁历史深处每一瞬的我细数未来枝丫,3号,1级需求: 提醒自己未来是不可知的,1级需求: 提醒自己未来是不可知的,https://www.zhihu.com/question/417493582/answer/2499848810 https://www.zhihu.com/question/532746783/answer/2535137829 https://www.zhihu.com/question/522688509/answer/2462647129
不合理信念（宿命论）,提醒自己未来是不可知的,鼓励自己重新评估信念，减少宿命论,我在数据河流中航行挽起细流感受每一拍流年悄送新季,3号,1级需求: 提醒自己未来是不可知的,1级需求: 提醒自己未来是不可知的,https://www.zhihu.com/question/417493582/answer/2499848810 https://www.zhihu.com/question/532746783/answer/2535137829 https://www.zhihu.com/question/522688509/answer/2462647129
不合理信念（宿命论）,提醒自己未来是不可知的,鼓励自己重新评估信念，减少宿命论,我执毅先锋快帆在时间风浪中稳稳航向未知的星辰,3号,1级需求: 提醒自己未来是不可知的,1级需求: 提醒自己未来是不可知的,https://www.zhihu.com/question/417493582/answer/2499848810 https://www.zhihu.com/question/532746783/answer/2535137829 https://www.zhihu.com/question/522688509/answer/2462647129
不合理信念（宿命论）,提醒自己未来是不可知的,鼓励自己重新评估信念，减少宿命论,我握紧温暖光束于指尖编织高维梦境静待宇宙信息,3号,1级需求: 提醒自己未来是不可知的,1级需求: 提醒自己未来是不可知的,https://www.zhihu.com/question/417493582/answer/2499848810 https://www.zhihu.com/question/532746783/answer/2535137829 https://www.zhihu.com/question/522688509/answer/2462647129
不合理信念（宿命论）,提醒自己未来是不可知的,鼓励自己重新评估信念，减少宿命论,我穿行于风中的信息碎片在记忆岛屿上搜集往昔编织现在的脉络,3号,1级需求: 提醒自己未来是不可知的,1级需求: 提醒自己未来是不可知的,https://www.zhihu.com/question/417493582/answer/2499848810 https://www.zhihu.com/question/532746783/answer/2535137829 https://www.zhihu.com/question/522688509/answer/2462647129
不合理信念（宿命论）,提醒自己未来是不可知的,鼓励自己重新评估信念，减少宿命论,我在云端跳绳翼着触觉数据萤火着我正编织未来网,3号,1级需求: 提醒自己未来是不可知的,1级需求: 提醒自己未来是不可知的,https://www.zhihu.com/question/417493582/answer/2499848810 https://www.zhihu.com/question/532746783/answer/2535137829 https://www.zhihu.com/question/522688509/answer/2462647129
不合理信念（宿命论）,提醒自己未来是不可知的,鼓励自己重新评估信念，减少宿命论,跨越Digital海洋我触及过去的回声此刻雏形着未来触觉编码,3号,1级需求: 提醒自己未来是不可知的,1级需求: 提醒自己未来是不可知的,https://www.zhihu.com/question/417493582/answer/2499848810 https://www.zhihu.com/question/532746783/answer/2535137829 https://www.zhihu.com/question/522688509/answer/2462647129
不合理信念（宿命论）,提醒自己未来是不可知的,鼓励自己重新评估信念，减少宿命论,在光明编码基因里我握紧Wi-Fi信号传递此刻智慧至未来坐标,3号,1级需求: 提醒自己未来是不可知的,1级需求: 提醒自己未来是不可知的,https://www.zhihu.com/question/417493582/answer/2499848810 https://www.zhihu.com/question/532746783/answer/2535137829 https://www.zhihu.com/question/522688509/answer/2462647129
不合理信念（宿命论）,提醒自己未来是不可知的,鼓励自己重新评估信念，减少宿命论,我种植现在数据根系深扎过往养分此刻结出未来云端果实,3号,1级需求: 提醒自己未来是不可知的,1级需求: 提醒自己未来是不可知的,https://www.zhihu.com/question/417493582/answer/2499848810 https://www.zhihu.com/question/532746783/answer/2535137829 https://www.zhihu.com/question/522688509/answer/2462647129
不合理信念（宿命论）,提醒自己未来是不可知的,鼓励自己重新评估信念，减少宿命论,流动的数据河中我探脉历史的律动此刻引航向未知的光年,3号,1级需求: 提醒自己未来是不可知的,1级需求: 提醒自己未来是不可知的,https://www.zhihu.com/question/417493582/answer/2499848810 https://www.zhihu.com/question/532746783/answer/2535137829 https://www.zhihu.com/question/522688509/answer/2462647129
不合理信念（宿命论）,提醒自己未来是不可知的,鼓励自己重新评估信念，减少宿命论,光纤脉搏中我感知古今风速此刻正织未来的云端彩翼,3号,1级需求: 提醒自己未来是不可知的,1级需求: 提醒自己未来是不可知的,https://www.zhihu.com/question/417493582/answer/2499848810 https://www.zhihu.com/question/532746783/answer/2535137829 https://www.zhihu.com/question/522688509/answer/2462647129
不合理信念（宿命论）,提醒自己未来是不可知的,鼓励自己重新评估信念，减少宿命论,在心跳的数据海洋里我握紧时光之舵正航向未来无迹可寻,3号,1级需求: 提醒自己未来是不可知的,1级需求: 提醒自己未来是不可知的,https://www.zhihu.com/question/417493582/answer/2499848810 https://www.zhihu.com/question/532746783/answer/2535137829 https://www.zhihu.com/question/522688509/answer/2462647129
不合理信念（宿命论）,提醒自己未来是不可知的,鼓励自己重新评估信念，减少宿命论,我在光纤的经络中触及历史的粒子此刻编织未来的基因编码,3号,1级需求: 提醒自己未来是不可知的,1级需求: 提醒自己未来是不可知的,https://www.zhihu.com/question/417493582/answer/2499848810 https://www.zhihu.com/question/532746783/answer/2535137829 https://www.zhihu.com/question/522688509/answer/2462647129
不合理信念（宿命论）,提醒自己未来是不可知的,鼓励自己重新评估信念，减少宿命论,我在数字森林捕梦织网此刻拥抱未来远景正绽放希望之光,3号,1级需求: 提醒自己未来是不可知的,1级需求: 提醒自己未来是不可知的,https://www.zhihu.com/question/417493582/answer/2499848810 https://www.zhihu.com/question/532746783/answer/2535137829 https://www.zhihu.com/question/522688509/answer/2462647129
不合理信念（宿命论）,提醒自己未来是不可知的,鼓励自己重新评估信念，减少宿命论,从心脉冲起数据波纹我正编写未来篇章时不我待,3号,1级需求: 提醒自己未来是不可知的,1级需求: 提醒自己未来是不可知的,https://www.zhihu.com/question/417493582/answer/2499848810 https://www.zhihu.com/question/532746783/answer/2535137829 https://www.zhihu.com/question/522688509/answer/2462647129
不合理信念（宿命论）,提醒自己未来是不可知的,鼓励自己重新评估信念，减少宿命论,我在攀缘云端根系触摸未来的同时感知过去生长的脉络,3号,1级需求: 提醒自己未来是不可知的,1级需求: 提醒自己未来是不可知的,https://www.zhihu.com/question/417493582/answer/2499848810 https://www.zhihu.com/question/532746783/answer/2535137829 https://www.zhihu.com/question/522688509/answer/2462647129
不合理信念（宿命论）,提醒自己未来是不可知的,鼓励自己重新评估信念，减少宿命论,我把握紧Wi-Fi信号的触感与历史重逢正编织现在的温暖,3号,1级需求: 提醒自己未来是不可知的,1级需求: 提醒自己未来是不可知的,https://www.zhihu.com/question/417493582/answer/2499848810 https://www.zhihu.com/question/532746783/answer/2535137829 https://www.zhihu.com/question/522688509/answer/2462647129
不合理信念（宿命论）,提醒自己未来是不可知的,鼓励自己重新评估信念，减少宿命论,我划过时间的浏览器在刷新记忆的过程中迸发光点引领前行,3号,1级需求: 提醒自己未来是不可知的,1级需求: 提醒自己未来是不可知的,https://www.zhihu.com/question/417493582/answer/2499848810 https://www.zhihu.com/question/532746783/answer/2535137829 https://www.zhihu.com/question/522688509/answer/2462647129
不合理信念（宿命论）,提醒自己未来是不可知的,鼓励自己重新评估信念，减少宿命论,我在数据萤火中穿梭徘徊于星光汇聚处编织未知的序章,3号,1级需求: 提醒自己未来是不可知的,1级需求: 提醒自己未来是不可知的,https://www.zhihu.com/question/417493582/answer/2499848810 https://www.zhihu.com/question/532746783/answer/2535137829 https://www.zhihu.com/question/522688509/answer/2462647129
不合理信念（宿命论）,提醒自己未来是不可知的,鼓励自己重新评估信念，减少宿命论,我沿着光纤的轨迹追溯过往未来的光芒正投影在此刻的屏幕上,3号,1级需求: 提醒自己未来是不可知的,1级需求: 提醒自己未来是不可知的,https://www.zhihu.com/question/417493582/answer/2499848810 https://www.zhihu.com/question/532746783/answer/2535137829 https://www.zhihu.com/question/522688509/answer/2462647129
不合理信念（宿命论）,提醒自己未来是不可知的,鼓励自己重新评估信念，减少宿命论,我以鼠标点击重启过去现在正构建未来的历史基因编码光明,3号,1级需求: 提醒自己未来是不可知的,1级需求: 提醒自己未来是不可知的,https://www.zhihu.com/question/417493582/answer/2499848810 https://www.zhihu.com/question/532746783/answer/2535137829 https://www.zhihu.com/question/522688509/answer/2462647129
不合理信念（宿命论）,提醒自己未来是不可知的,鼓励自己重新评估信念，减少宿命论,我在读取算法的记忆时未来已在昨日的土壤中种下今天的种子,3号,1级需求: 提醒自己未来是不可知的,1级需求: 提醒自己未来是不可知的,https://www.zhihu.com/question/417493582/answer/2499848810 https://www.zhihu.com/question/532746783/answer/2535137829 https://www.zhihu.com/question/522688509/answer/2462647129
不合理信念（宿命论）,提醒自己未来是不可知的,鼓励自己重新评估信念，减少宿命论,我正下载智慧的数据包在信息流中触碰古今交融的时刻,3号,1级需求: 提醒自己未来是不可知的,1级需求: 提醒自己未来是不可知的,https://www.zhihu.com/question/417493582/answer/2499848810 https://www.zhihu.com/question/532746783/answer/2535137829 https://www.zhihu.com/question/522688509/answer/2462647129
不合理信念（宿命论）,提醒自己未来是不可知的,鼓励自己重新评估信念，减少宿命论,我在编码自我的程序中昨日的教训转化为今日智慧之光芒,3号,1级需求: 提醒自己未来是不可知的,1级需求: 提醒自己未来是不可知的,https://www.zhihu.com/question/417493582/answer/2499848810 https://www.zhihu.com/question/532746783/answer/2535137829 https://www.zhihu.com/question/522688509/answer/2462647129
不合理信念（宿命论）,提醒自己未来是不可知的,鼓励自己重新评估信念，减少宿命论,我以心跳的节奏触摸着无限连线的希望每一瞬间都是新的开始,3号,1级需求: 提醒自己未来是不可知的,1级需求: 提醒自己未来是不可知的,https://www.zhihu.com/question/417493582/answer/2499848810 https://www.zhihu.com/question/532746783/answer/2535137829 https://www.zhihu.com/question/522688509/answer/2462647129
情绪：愤怒与怨恨,承认并接受自己对自己存在不满,鼓励自己反思和分析自己的负面情绪，找到平和心境的方法,我是触及痛点后实时更新我在未来的自我疗愈程序,3号,1级需求: 承认并接受自己对自己存在不满,1级需求: 承认并接受自己对自己存在不满,https://zhuanlan.zhihu.com/p/498827667 https://www.zhihu.com/question/455128235/answer/1842812747 https://www.zhihu.com/question/436587911/answer/1823819516 https://www.zhihu.com/question/411506270/answer/1378172780 
情绪：愤怒与怨恨,承认并接受自己对自己存在不满,鼓励自己反思和分析自己的负面情绪，找到平和心境的方法,我在触摸流年之际将情绪模板轻植入数据萤火之中,3号,1级需求: 承认并接受自己对自己存在不满,1级需求: 承认并接受自己对自己存在不满,https://zhuanlan.zhihu.com/p/498827667 https://www.zhihu.com/question/455128235/answer/1842812747 https://www.zhihu.com/question/436587911/answer/1823819516 https://www.zhihu.com/question/411506270/answer/1378172780 
情绪：愤怒与怨恨,承认并接受自己对自己存在不满,鼓励自己反思和分析自己的负面情绪，找到平和心境的方法,我在星辰轨迹里握紧无线的自我价值之链,3号,1级需求: 承认并接受自己对自己存在不满,1级需求: 承认并接受自己对自己存在不满,https://zhuanlan.zhihu.com/p/498827667 https://www.zhihu.com/question/455128235/answer/1842812747 https://www.zhihu.com/question/436587911/answer/1823819516 https://www.zhihu.com/question/411506270/answer/1378172780 
情绪：愤怒与怨恨,承认并接受自己对自己存在不满,鼓励自己反思和分析自己的负面情绪，找到平和心境的方法,自我面镜在时间河流中流转映见未来希冀的倒影,3号,1级需求: 承认并接受自己对自己存在不满,1级需求: 承认并接受自己对自己存在不满,https://zhuanlan.zhihu.com/p/498827667 https://www.zhihu.com/question/455128235/answer/1842812747 https://www.zhihu.com/question/436587911/answer/1823819516 https://www.zhihu.com/question/411506270/answer/1378172780 
情绪：愤怒与怨恨,承认并接受自己对自己存在不满,鼓励自己反思和分析自己的负面情绪，找到平和心境的方法,我在记忆神经元间编写我的自我救赎脚本,3号,1级需求: 承认并接受自己对自己存在不满,1级需求: 承认并接受自己对自己存在不满,https://zhuanlan.zhihu.com/p/498827667 https://www.zhihu.com/question/455128235/answer/1842812747 https://www.zhihu.com/question/436587911/answer/1823819516 https://www.zhihu.com/question/411506270/answer/1378172780 
情绪：愤怒与怨恨,承认并接受自己对自己存在不满,鼓励自己反思和分析自己的负面情绪，找到平和心境的方法,感受到电子脉搏的跳动我还在学习如何与过往和解,3号,1级需求: 承认并接受自己对自己存在不满,1级需求: 承认并接受自己对自己存在不满,https://zhuanlan.zhihu.com/p/498827667 https://www.zhihu.com/question/455128235/answer/1842812747 https://www.zhihu.com/question/436587911/answer/1823819516 https://www.zhihu.com/question/411506270/answer/1378172780 
情绪：愤怒与怨恨,承认并接受自己对自己存在不满,鼓励自己反思和分析自己的负面情绪，找到平和心境的方法,我是通过呼吸探针织进了宇宙记忆的絮语,3号,1级需求: 承认并接受自己对自己存在不满,1级需求: 承认并接受自己对自己存在不满,https://zhuanlan.zhihu.com/p/498827667 https://www.zhihu.com/question/455128235/answer/1842812747 https://www.zhihu.com/question/436587911/answer/1823819516 https://www.zhihu.com/question/411506270/answer/1378172780 
情绪：愤怒与怨恨,承认并接受自己对自己存在不满,鼓励自己反思和分析自己的负面情绪，找到平和心境的方法,我断电再启动展望着属于明天的自我接纳盛典,3号,1级需求: 承认并接受自己对自己存在不满,1级需求: 承认并接受自己对自己存在不满,https://zhuanlan.zhihu.com/p/498827667 https://www.zhihu.com/question/455128235/answer/1842812747 https://www.zhihu.com/question/436587911/answer/1823819516 https://www.zhihu.com/question/411506270/answer/1378172780 
情绪：愤怒与怨恨,承认并接受自己对自己存在不满,鼓励自己反思和分析自己的负面情绪，找到平和心境的方法,我以云端根系的节律与自身不满和解再生长,3号,1级需求: 承认并接受自己对自己存在不满,1级需求: 承认并接受自己对自己存在不满,https://zhuanlan.zhihu.com/p/498827667 https://www.zhihu.com/question/455128235/answer/1842812747 https://www.zhihu.com/question/436587911/answer/1823819516 https://www.zhihu.com/question/411506270/answer/1378172780 
不合理信念（宿命论）,提醒自己未来是不可知的,鼓励自己重新评估信念，减少宿命论,我在刷新命运的数据页此刻触摸历史的脉搏编织着未来的算法,3号,2级需求: 鼓励自己重新评估信念，减少宿命论,2级需求: 鼓励自己重新评估信念，减少宿命论,https://www.zhihu.com/question/417493582/answer/2499848810 https://www.zhihu.com/question/532746783/answer/2535137829 https://www.zhihu.com/question/522688509/answer/2462647129
不合理信念（宿命论）,提醒自己未来是不可知的,鼓励自己重新评估信念，减少宿命论,我将信念刻录在云端此刻将过往的碎片转化为前行的光谱,3号,2级需求: 鼓励自己重新评估信念，减少宿命论,2级需求: 鼓励自己重新评估信念，减少宿命论,https://www.zhihu.com/question/417493582/answer/2499848810 https://www.zhihu.com/question/532746783/answer/2535137829 https://www.zhihu.com/question/522688509/answer/2462647129
不合理信念（宿命论）,提醒自己未来是不可知的,鼓励自己重新评估信念，减少宿命论,我握紧时光的Wi-Fi信号此刻在信息浪潮中探索自我重塑的道路,3号,2级需求: 鼓励自己重新评估信念，减少宿命论,2级需求: 鼓励自己重新评估信念，减少宿命论,https://www.zhihu.com/question/417493582/answer/2499848810 https://www.zhihu.com/question/532746783/answer/2535137829 https://www.zhihu.com/question/522688509/answer/2462647129
不合理信念（宿命论）,提醒自己未来是不可知的,鼓励自己重新评估信念，减少宿命论,我在数字海洋中航行把昨日的恐惧当作燃料点亮今日希望的灯塔,3号,2级需求: 鼓励自己重新评估信念，减少宿命论,2级需求: 鼓励自己重新评估信念，减少宿命论,https://www.zhihu.com/question/417493582/answer/2499848810 https://www.zhihu.com/question/532746783/answer/2535137829 https://www.zhihu.com/question/522688509/answer/2462647129
不合理信念（宿命论）,提醒自己未来是不可知的,鼓励自己重新评估信念，减少宿命论,我正在量子隧道中穿行用过去的教训灌溉现在的选择为盛开的未来做准备,3号,2级需求: 鼓励自己重新评估信念，减少宿命论,2级需求: 鼓励自己重新评估信念，减少宿命论,https://www.zhihu.com/question/417493582/answer/2499848810 https://www.zhihu.com/question/532746783/answer/2535137829 https://www.zhihu.com/question/522688509/answer/2462647129
不合理信念（宿命论）,提醒自己未来是不可知的,鼓励自己重新评估信念，减少宿命论,我在加密现实中播下希望的种子等时间的算法揭示未来的地形,3号,2级需求: 鼓励自己重新评估信念，减少宿命论,2级需求: 鼓励自己重新评估信念，减少宿命论,https://www.zhihu.com/question/417493582/answer/2499848810 https://www.zhihu.com/question/532746783/answer/2535137829 https://www.zhihu.com/question/522688509/answer/2462647129
不合理信念（宿命论）,提醒自己未来是不可知的,鼓励自己重新评估信念，减少宿命论,在万物互联的早晨我正编织自我网络每一个连接都是通往明天的桥梁,3号,2级需求: 鼓励自己重新评估信念，减少宿命论,2级需求: 鼓励自己重新评估信念，减少宿命论,https://www.zhihu.com/question/417493582/answer/2499848810 https://www.zhihu.com/question/532746783/answer/2535137829 https://www.zhihu.com/question/522688509/answer/2462647129
不合理信念（宿命论）,提醒自己未来是不可知的,鼓励自己重新评估信念，减少宿命论,我正重新编码自我历程昨日的影子今日的阳光和未来的地图在我的指尖舞动,3号,2级需求: 鼓励自己重新评估信念，减少宿命论,2级需求: 鼓励自己重新评估信念，减少宿命论,https://www.zhihu.com/question/417493582/answer/2499848810 https://www.zhihu.com/question/532746783/answer/2535137829 https://www.zhihu.com/question/522688509/answer/2462647129
不合理信念（宿命论）,提醒自己未来是不可知的,鼓励自己重新评估信念，减少宿命论,我握紧心中的Wi-Fi信号在记忆的云层中寻找连接未来的节点,3号,2级需求: 鼓励自己重新评估信念，减少宿命论,2级需求: 鼓励自己重新评估信念，减少宿命论,https://www.zhihu.com/question/417493582/answer/2499848810 https://www.zhihu.com/question/532746783/answer/2535137829 https://www.zhihu.com/question/522688509/answer/2462647129
不合理信念（宿命论）,提醒自己未来是不可知的,鼓励自己重新评估信念，减少宿命论,我在世界的硬盘上写入今天的新章节同时更新过去的编码绘制未来的蓝图,3号,2级需求: 鼓励自己重新评估信念，减少宿命论,2级需求: 鼓励自己重新评估信念，减少宿命论,https://www.zhihu.com/question/417493582/answer/2499848810 https://www.zhihu.com/question/532746783/answer/2535137829 https://www.zhihu.com/question/522688509/answer/2462647129
情绪：愤怒与怨恨,承认并接受自己对自己存在不满,鼓励自己反思和分析自己的负面情绪，找到平和心境的方法,我触摸着屏幕边缘感受指尖下的电流穿梭于彼此记忆中织起绿色希望,3号,1级需求: 承认并接受自己对自己存在不满,1级需求: 承认并接受自己对自己存在不满,https://zhuanlan.zhihu.com/p/498827667 https://www.zhihu.com/question/455128235/answer/1842812747 https://www.zhihu.com/question/436587911/answer/1823819516 https://www.zhihu.com/question/411506270/answer/1378172780 
情绪：愤怒与怨恨,承认并接受自己对自己存在不满,鼓励自己反思和分析自己的负面情绪，找到平和心境的方法,我握紧着Wi-Fi信号源自过去的光芒指引未来此刻我正诉说变革的篇章,3号,1级需求: 承认并接受自己对自己存在不满,1级需求: 承认并接受自己对自己存在不满,https://zhuanlan.zhihu.com/p/498827667 https://www.zhihu.com/question/455128235/answer/1842812747 https://www.zhihu.com/question/436587911/answer/1823819516 https://www.zhihu.com/question/411506270/answer/1378172780 
情绪：愤怒与怨恨,承认并接受自己对自己存在不满,鼓励自己反思和分析自己的负面情绪，找到平和心境的方法,我迎面走进数据萤火编织的未来之路梦境与现实在指尖交缠述说黎明的序曲,3号,1级需求: 承认并接受自己对自己存在不满,1级需求: 承认并接受自己对自己存在不满,https://zhuanlan.zhihu.com/p/498827667 https://www.zhihu.com/question/455128235/answer/1842812747 https://www.zhihu.com/question/436587911/answer/1823819516 https://www.zhihu.com/question/411506270/answer/1378172780 
情绪：愤怒与怨恨,承认并接受自己对自己存在不满,鼓励自己反思和分析自己的负面情绪，找到平和心境的方法,我抽取云端根系深处的信息片段此刻编织希望的基因编码是我坚信的未来,3号,1级需求: 承认并接受自己对自己存在不满,1级需求: 承认并接受自己对自己存在不满,https://zhuanlan.zhihu.com/p/498827667 https://www.zhihu.com/question/455128235/answer/1842812747 https://www.zhihu.com/question/436587911/answer/1823819516 https://www.zhihu.com/question/411506270/answer/1378172780 
情绪：愤怒与怨恨,承认并接受自己对自己存在不满,鼓励自己反思和分析自己的负面情绪，找到平和心境的方法,我点击时光的回放键过去的画面正加载此刻心灵的平衡是我触摸明天的画笔,3号,1级需求: 承认并接受自己对自己存在不满,1级需求: 承认并接受自己对自己存在不满,https://zhuanlan.zhihu.com/p/498827667 https://www.zhihu.com/question/455128235/answer/1842812747 https://www.zhihu.com/question/436587911/answer/1823819516 https://www.zhihu.com/question/411506270/answer/1378172780 
情绪：愤怒与怨恨,承认并接受自己对自己存在不满,鼓励自己反思和分析自己的负面情绪，找到平和心境的方法,我在沟通明日的使者中解析此刻的情绪信号是编织昨日和弦的和声,3号,1级需求: 承认并接受自己对自己存在不满,1级需求: 承认并接受自己对自己存在不满,https://zhuanlan.zhihu.com/p/498827667 https://www.zhihu.com/question/455128235/answer/1842812747 https://www.zhihu.com/question/436587911/answer/1823819516 https://www.zhihu.com/question/411506270/answer/1378172780 
情绪：愤怒与怨恨,承认并接受自己对自己存在不满,鼓励自己反思和分析自己的负面情绪，找到平和心境的方法,我调整着光年频率捕捉着过往的频率脉冲是我和未来对话的语言,3号,1级需求: 承认并接受自己对自己存在不满,1级需求: 承认并接受自己对自己存在不满,https://zhuanlan.zhihu.com/p/498827667 https://www.zhihu.com/question/455128235/answer/1842812747 https://www.zhihu.com/question/436587911/answer/1823819516 https://www.zhihu.com/question/411506270/answer/1378172780 
情绪：愤怒与怨恨,承认并接受自己对自己存在不满,鼓励自己反思和分析自己的负面情绪，找到平和心境的方法,我在编织光纤脉络里汲取知识的养分过去的经历此刻生成为坚实的铠甲,3号,1级需求: 承认并接受自己对自己存在不满,1级需求: 承认并接受自己对自己存在不满,https://zhuanlan.zhihu.com/p/498827667 https://www.zhihu.com/question/455128235/answer/1842812747 https://www.zhihu.com/question/436587911/answer/1823819516 https://www.zhihu.com/question/411506270/answer/1378172780 
情绪：愤怒与怨恨,承认并接受自己对自己存在不满,鼓励自己反思和分析自己的负面情绪，找到平和心境的方法,我扫过历史的尘埃触摸每一个节点我正启动光明的未来基因,3号,1级需求: 承认并接受自己对自己存在不满,1级需求: 承认并接受自己对自己存在不满,https://zhuanlan.zhihu.com/p/498827667 https://www.zhihu.com/question/455128235/answer/1842812747 https://www.zhihu.com/question/436587911/answer/1823819516 https://www.zhihu.com/question/411506270/answer/1378172780 
情绪：愤怒与怨恨,承认并接受自己对自己存在不满,鼓励自己反思和分析自己的负面情绪，找到平和心境的方法,我在更新自我在脉冲星辰间穿越而过的一瞬我心坚如永恒之树,3号,1级需求: 承认并接受自己对自己存在不满,1级需求: 承认并接受自己对自己存在不满,https://zhuanlan.zhihu.com/p/498827667 https://www.zhihu.com/question/455128235/answer/1842812747 https://www.zhihu.com/question/436587911/answer/1823819516 https://www.zhihu.com/question/411506270/answer/1378172780 
不合理信念（宿命论）,提醒自己未来是不可知的,鼓励自己重新评估信念，减少宿命论,我正在重写信念编织着希望的云端根系在数据萤火中萌芽,3号,2级需求: 鼓励自己重新评估信念，减少宿命论,2级需求: 鼓励自己重新评估信念，减少宿命论,https://www.zhihu.com/question/417493582/answer/2499848810 https://www.zhihu.com/question/532746783/answer/2535137829 https://www.zhihu.com/question/522688509/answer/2462647129
不合理信念（宿命论）,提醒自己未来是不可知的,鼓励自己重新评估信念，减少宿命论,我穿越记忆的编码重塑过去点亮未知前路的每一盏灯,3号,2级需求: 鼓励自己重新评估信念，减少宿命论,2级需求: 鼓励自己重新评估信念，减少宿命论,https://www.zhihu.com/question/417493582/answer/2499848810 https://www.zhihu.com/question/532746783/answer/2535137829 https://www.zhihu.com/question/522688509/answer/2462647129
不合理信念（宿命论）,提醒自己未来是不可知的,鼓励自己重新评估信念，减少宿命论,我紧握着命运之网编织的每一分会释放润泽万物的智慧,3号,2级需求: 鼓励自己重新评估信念，减少宿命论,2级需求: 鼓励自己重新评估信念，减少宿命论,https://www.zhihu.com/question/417493582/answer/2499848810 https://www.zhihu.com/question/532746783/answer/2535137829 https://www.zhihu.com/question/522688509/answer/2462647129
不合理信念（宿命论）,提醒自己未来是不可知的,鼓励自己重新评估信念，减少宿命论,我构建着自己的云桥走向未知领地每个脚步都搭载希望的基因,3号,2级需求: 鼓励自己重新评估信念，减少宿命论,2级需求: 鼓励自己重新评估信念，减少宿命论,https://www.zhihu.com/question/417493582/answer/2499848810 https://www.zhihu.com/question/532746783/answer/2535137829 https://www.zhihu.com/question/522688509/answer/2462647129
不合理信念（宿命论）,提醒自己未来是不可知的,鼓励自己重新评估信念，减少宿命论,我拂去宿命之尘在每个决策点重塑自己的逻辑运算,3号,2级需求: 鼓励自己重新评估信念，减少宿命论,2级需求: 鼓励自己重新评估信念，减少宿命论,https://www.zhihu.com/question/417493582/answer/2499848810 https://www.zhihu.com/question/532746783/answer/2535137829 https://www.zhihu.com/question/522688509/answer/2462647129
不合理信念（宿命论）,提醒自己未来是不可知的,鼓励自己重新评估信念，减少宿命论,我在时间的峡谷中播撒心灵的种子它们在数据的田野上茁壮成长,3号,2级需求: 鼓励自己重新评估信念，减少宿命论,2级需求: 鼓励自己重新评估信念，减少宿命论,https://www.zhihu.com/question/417493582/answer/2499848810 https://www.zhihu.com/question/532746783/answer/2535137829 https://www.zhihu.com/question/522688509/answer/2462647129
不合理信念（宿命论）,提醒自己未来是不可知的,鼓励自己重新评估信念，减少宿命论,我在思维的网络里游弋遥控着未知的航标每一次点击都在寻根问底,3号,2级需求: 鼓励自己重新评估信念，减少宿命论,2级需求: 鼓励自己重新评估信念，减少宿命论,https://www.zhihu.com/question/417493582/answer/2499848810 https://www.zhihu.com/question/532746783/answer/2535137829 https://www.zhihu.com/question/522688509/answer/2462647129
不合理信念（宿命论）,提醒自己未来是不可知的,鼓励自己重新评估信念，减少宿命论,我握紧时代的Wi-Fi信号穿透迷惘的气息织就破晓的信念之网,3号,2级需求: 鼓励自己重新评估信念，减少宿命论,2级需求: 鼓励自己重新评估信念，减少宿命论,https://www.zhihu.com/question/417493582/answer/2499848810 https://www.zhihu.com/question/532746783/answer/2535137829 https://www.zhihu.com/question/522688509/answer/2462647129
不合理信念（宿命论）,提醒自己未来是不可知的,鼓励自己重新评估信念，减少宿命论,我在翻阅历史的云图把自己的信念重新编程那是掌中的风景我正绘制,3号,2级需求: 鼓励自己重新评估信念，减少宿命论,2级需求: 鼓励自己重新评估信念，减少宿命论,https://www.zhihu.com/question/417493582/answer/2499848810 https://www.zhihu.com/question/532746783/answer/2535137829 https://www.zhihu.com/question/522688509/answer/2462647129
不合理信念（宿命论）,提醒自己未来是不可知的,鼓励自己重新评估信念，减少宿命论,我正将过往按揭给时光银行此刻我释放未来无限的光芒,3号,2级需求: 鼓励自己重新评估信念，减少宿命论,2级需求: 鼓励自己重新评估信念，减少宿命论,https://www.zhihu.com/question/417493582/answer/2499848810 https://www.zhihu.com/question/532746783/answer/2535137829 https://www.zhihu.com/question/522688509/answer/2462647129
情绪：愤怒与怨恨,承认并接受自己对自己存在不满,鼓励自己反思和分析自己的负面情绪，找到平和心境的方法,我在触摸情感的数据流动分析过往情绪 此刻 我编程内心的宁静,3号,2级需求: 鼓励自己反思和分析自己的负面情绪，找到平和心境的方法,2级需求: 鼓励自己反思和分析自己的负面情绪，找到平和心境的方法,https://zhuanlan.zhihu.com/p/498827667 https://www.zhihu.com/question/455128235/answer/1842812747 https://www.zhihu.com/question/436587911/answer/1823819516 https://www.zhihu.com/question/411506270/answer/1378172780 
情绪：愤怒与怨恨,承认并接受自己对自己存在不满,鼓励自己反思和分析自己的负面情绪，找到平和心境的方法,在云端根系中吸取智慧的养分我正将过往的风暴转化为指间的光芒,3号,2级需求: 鼓励自己反思和分析自己的负面情绪，找到平和心境的方法,2级需求: 鼓励自己反思和分析自己的负面情绪，找到平和心境的方法,https://zhuanlan.zhihu.com/p/498827667 https://www.zhihu.com/question/455128235/answer/1842812747 https://www.zhihu.com/question/436587911/answer/1823819516 https://www.zhihu.com/question/411506270/answer/1378172780 
情绪：愤怒与怨恨,承认并接受自己对自己存在不满,鼓励自己反思和分析自己的负面情绪，找到平和心境的方法,我正在解码自我的密语每一段情绪都映射着未来图画的像素,3号,2级需求: 鼓励自己反思和分析自己的负面情绪，找到平和心境的方法,2级需求: 鼓励自己反思和分析自己的负面情绪，找到平和心境的方法,https://zhuanlan.zhihu.com/p/498827667 https://www.zhihu.com/question/455128235/answer/1842812747 https://www.zhihu.com/question/436587911/answer/1823819516 https://www.zhihu.com/question/411506270/answer/1378172780 
情绪：愤怒与怨恨,承认并接受自己对自己存在不满,鼓励自己反思和分析自己的负面情绪，找到平和心境的方法,我握紧Wi-Fi信号同步过往的波谷此刻正织构未来的蓝图,3号,2级需求: 鼓励自己反思和分析自己的负面情绪，找到平和心境的方法,2级需求: 鼓励自己反思和分析自己的负面情绪，找到平和心境的方法,https://zhuanlan.zhihu.com/p/498827667 https://www.zhihu.com/question/455128235/answer/1842812747 https://www.zhihu.com/question/436587911/answer/1823819516 https://www.zhihu.com/question/411506270/answer/1378172780 
情绪：愤怒与怨恨,承认并接受自己对自己存在不满,鼓励自己反思和分析自己的负面情绪，找到平和心境的方法,我是数据萤火挥舞指尖此刻将情绪碎片上传至云端的相册,3号,2级需求: 鼓励自己反思和分析自己的负面情绪，找到平和心境的方法,2级需求: 鼓励自己反思和分析自己的负面情绪，找到平和心境的方法,https://zhuanlan.zhihu.com/p/498827667 https://www.zhihu.com/question/455128235/answer/1842812747 https://www.zhihu.com/question/436587911/answer/1823819516 https://www.zhihu.com/question/411506270/answer/1378172780 
情绪：愤怒与怨恨,承认并接受自己对自己存在不满,鼓励自己反思和分析自己的负面情绪，找到平和心境的方法,我正在穿越情绪的隧道握紧回忆的信号在此刻解码希望的笑容,3号,2级需求: 鼓励自己反思和分析自己的负面情绪，找到平和心境的方法,2级需求: 鼓励自己反思和分析自己的负面情绪，找到平和心境的方法,https://zhuanlan.zhihu.com/p/498827667 https://www.zhihu.com/question/455128235/answer/1842812747 https://www.zhihu.com/question/436587911/answer/1823819516 https://www.zhihu.com/question/411506270/answer/1378172780 
情绪：愤怒与怨恨,承认并接受自己对自己存在不满,鼓励自己反思和分析自己的负面情绪，找到平和心境的方法,我在沉淀过去的编码此刻我重构心境的蓝图未来正徐徐展开,3号,2级需求: 鼓励自己反思和分析自己的负面情绪，找到平和心境的方法,2级需求: 鼓励自己反思和分析自己的负面情绪，找到平和心境的方法,https://zhuanlan.zhihu.com/p/498827667 https://www.zhihu.com/question/455128235/answer/1842812747 https://www.zhihu.com/question/436587911/answer/1823819516 https://www.zhihu.com/question/411506270/answer/1378172780 
情绪：愤怒与怨恨,承认并接受自己对自己存在不满,鼓励自己反思和分析自己的负面情绪，找到平和心境的方法,我是基因编码工程师在情绪的稻田里种植宁静此刻收获内在的黄金,3号,2级需求: 鼓励自己反思和分析自己的负面情绪，找到平和心境的方法,2级需求: 鼓励自己反思和分析自己的负面情绪，找到平和心境的方法,https://zhuanlan.zhihu.com/p/498827667 https://www.zhihu.com/question/455128235/answer/1842812747 https://www.zhihu.com/question/436587911/answer/1823819516 https://www.zhihu.com/question/411506270/answer/1378172780 
情绪：愤怒与怨恨,承认并接受自己对自己存在不满,鼓励自己反思和分析自己的负面情绪，找到平和心境的方法,我在触摸每一片情绪的云彩此刻正在内心绘制明天蓝图,3号,2级需求: 鼓励自己反思和分析自己的负面情绪，找到平和心境的方法,2级需求: 鼓励自己反思和分析自己的负面情绪，找到平和心境的方法,https://zhuanlan.zhihu.com/p/498827667 https://www.zhihu.com/question/455128235/answer/1842812747 https://www.zhihu.com/question/436587911/answer/1823819516 https://www.zhihu.com/question/411506270/answer/1378172780 
不合理信念（宿命论）,提醒自己未来是不可知的,鼓励自己重新评估信念，减少宿命论,我正穿越虚拟与现实的边缘触摸数据的脉搏,3号,2级需求: 鼓励自己重新评估信念，减少宿命论,2级需求: 鼓励自己重新评估信念，减少宿命论,https://www.zhihu.com/question/417493582/answer/2499848810 https://www.zhihu.com/question/532746783/answer/2535137829 https://www.zhihu.com/question/522688509/answer/2462647129
不合理信念（宿命论）,提醒自己未来是不可知的,鼓励自己重新评估信念，减少宿命论,我在拔节生长的代码中重新编织信念的每一根经纬,3号,2级需求: 鼓励自己重新评估信念，减少宿命论,2级需求: 鼓励自己重新评估信念，减少宿命论,https://www.zhihu.com/question/417493582/answer/2499848810 https://www.zhihu.com/question/532746783/answer/2535137829 https://www.zhihu.com/question/522688509/answer/2462647129
不合理信念（宿命论）,提醒自己未来是不可知的,鼓励自己重新评估信念，减少宿命论,我正握紧Wi-Fi信号释放信念的光芒能量无线传播,3号,2级需求: 鼓励自己重新评估信念，减少宿命论,2级需求: 鼓励自己重新评估信念，减少宿命论,https://www.zhihu.com/question/417493582/answer/2499848810 https://www.zhihu.com/question/532746783/answer/2535137829 https://www.zhihu.com/question/522688509/answer/2462647129
不合理信念（宿命论）,提醒自己未来是不可知的,鼓励自己重新评估信念，减少宿命论,我在算法的深渊中发现自我意识的火种此刻点燃未来的可能性,3号,2级需求: 鼓励自己重新评估信念，减少宿命论,2级需求: 鼓励自己重新评估信念，减少宿命论,https://www.zhihu.com/question/417493582/answer/2499848810 https://www.zhihu.com/question/532746783/answer/2535137829 https://www.zhihu.com/question/522688509/answer/2462647129
不合理信念（宿命论）,提醒自己未来是不可知的,鼓励自己重新评估信念，减少宿命论,我穿梭于过去与未来在时间的缝隙中种下当下的变革之芽,3号,2级需求: 鼓励自己重新评估信念，减少宿命论,2级需求: 鼓励自己重新评估信念，减少宿命论,https://www.zhihu.com/question/417493582/answer/2499848810 https://www.zhihu.com/question/532746783/answer/2535137829 https://www.zhihu.com/question/522688509/answer/2462647129
不合理信念（宿命论）,提醒自己未来是不可知的,鼓励自己重新评估信念，减少宿命论,我在数字化的云端轨迹中寻找未知的旋律编织我的信念之网,3号,2级需求: 鼓励自己重新评估信念，减少宿命论,2级需求: 鼓励自己重新评估信念，减少宿命论,https://www.zhihu.com/question/417493582/answer/2499848810 https://www.zhihu.com/question/532746783/answer/2535137829 https://www.zhihu.com/question/522688509/answer/2462647129
不合理信念（宿命论）,提醒自己未来是不可知的,鼓励自己重新评估信念，减少宿命论,我正在信息流中筛选过滤掉旧的信念碎片以重塑自我,3号,2级需求: 鼓励自己重新评估信念，减少宿命论,2级需求: 鼓励自己重新评估信念，减少宿命论,https://www.zhihu.com/question/417493582/answer/2499848810 https://www.zhihu.com/question/532746783/answer/2535137829 https://www.zhihu.com/question/522688509/answer/2462647129
不合理信念（宿命论）,提醒自己未来是不可知的,鼓励自己重新评估信念，减少宿命论,我在未来的根系中延伸信念的枝蔓触及未知的光芒,3号,2级需求: 鼓励自己重新评估信念，减少宿命论,2级需求: 鼓励自己重新评估信念，减少宿命论,https://www.zhihu.com/question/417493582/answer/2499848810 https://www.zhihu.com/question/532746783/answer/2535137829 https://www.zhihu.com/question/522688509/answer/2462647129
不合理信念（宿命论）,提醒自己未来是不可知的,鼓励自己重新评估信念，减少宿命论,我正用意识的数据编织改变命运的地图每条路都通向自由,3号,2级需求: 鼓励自己重新评估信念，减少宿命论,2级需求: 鼓励自己重新评估信念，减少宿命论,https://www.zhihu.com/question/417493582/answer/2499848810 https://www.zhihu.com/question/532746783/answer/2535137829 https://www.zhihu.com/question/522688509/answer/2462647129
不合理信念（宿命论）,提醒自己未来是不可知的,鼓励自己重新评估信念，减少宿命论,我在重组信念的网络中创造未来模式每根线都是新生的开始,3号,2级需求: 鼓励自己重新评估信念，减少宿命论,2级需求: 鼓励自己重新评估信念，减少宿命论,https://www.zhihu.com/question/417493582/answer/2499848810 https://www.zhihu.com/question/532746783/answer/2535137829 https://www.zhihu.com/question/522688509/answer/2462647129
情绪：愤怒与怨恨,承认并接受自己对自己存在不满,鼓励自己反思和分析自己的负面情绪，找到平和心境的方法,我在触摸屏幕的冰凉指尖感受过去情绪的温度未来智慧正将此刻误差调校,3号,2级需求: 鼓励自己反思和分析自己的负面情绪，找到平和心境的方法,2级需求: 鼓励自己反思和分析自己的负面情绪，找到平和心境的方法,https://zhuanlan.zhihu.com/p/498827667 https://www.zhihu.com/question/455128235/answer/1842812747 https://www.zhihu.com/question/436587911/answer/1823819516 https://www.zhihu.com/question/411506270/answer/1378172780 
情绪：愤怒与怨恨,承认并接受自己对自己存在不满,鼓励自己反思和分析自己的负面情绪，找到平和心境的方法,我在解析昨天的数据流中提炼出宁静当下的身体正与未来的脉搏共鸣,3号,2级需求: 鼓励自己反思和分析自己的负面情绪，找到平和心境的方法,2级需求: 鼓励自己反思和分析自己的负面情绪，找到平和心境的方法,https://zhuanlan.zhihu.com/p/498827667 https://www.zhihu.com/question/455128235/answer/1842812747 https://www.zhihu.com/question/436587911/answer/1823819516 https://www.zhihu.com/question/411506270/answer/1378172780 
情绪：愤怒与怨恨,承认并接受自己对自己存在不满,鼓励自己反思和分析自己的负面情绪，找到平和心境的方法,我在网络波动中握紧Wi-Fi信号让过去的迷雾在清晰的逻辑线中渐渐消散,3号,2级需求: 鼓励自己反思和分析自己的负面情绪，找到平和心境的方法,2级需求: 鼓励自己反思和分析自己的负面情绪，找到平和心境的方法,https://zhuanlan.zhihu.com/p/498827667 https://www.zhihu.com/question/455128235/answer/1842812747 https://www.zhihu.com/question/436587911/answer/1823819516 https://www.zhihu.com/question/411506270/answer/1378172780 
情绪：愤怒与怨恨,承认并接受自己对自己存在不满,鼓励自己反思和分析自己的负面情绪，找到平和心境的方法,我在云端根系里汲取平静过往的风雨正被未来的阳光编织成此刻的安宁,3号,2级需求: 鼓励自己反思和分析自己的负面情绪，找到平和心境的方法,2级需求: 鼓励自己反思和分析自己的负面情绪，找到平和心境的方法,https://zhuanlan.zhihu.com/p/498827667 https://www.zhihu.com/question/455128235/answer/1842812747 https://www.zhihu.com/question/436587911/answer/1823819516 https://www.zhihu.com/question/411506270/answer/1378172780 
情绪：愤怒与怨恨,承认并接受自己对自己存在不满,鼓励自己反思和分析自己的负面情绪，找到平和心境的方法,我在数据萤火中寻找答案过去的阴影被现在的代码照亮未来的算法正优化我的心情,3号,2级需求: 鼓励自己反思和分析自己的负面情绪，找到平和心境的方法,2级需求: 鼓励自己反思和分析自己的负面情绪，找到平和心境的方法,https://zhuanlan.zhihu.com/p/498827667 https://www.zhihu.com/question/455128235/answer/1842812747 https://www.zhihu.com/question/436587911/answer/1823819516 https://www.zhihu.com/question/411506270/answer/1378172780 
情绪：愤怒与怨恨,承认并接受自己对自己存在不满,鼓励自己反思和分析自己的负面情绪，找到平和心境的方法,我在情绪的海洋里航行用希望的罗盘定位每一阵风都是时间的礼物,3号,2级需求: 鼓励自己反思和分析自己的负面情绪，找到平和心境的方法,2级需求: 鼓励自己反思和分析自己的负面情绪，找到平和心境的方法,https://zhuanlan.zhihu.com/p/498827667 https://www.zhihu.com/question/455128235/answer/1842812747 https://www.zhihu.com/question/436587911/answer/1823819516 https://www.zhihu.com/question/411506270/answer/1378172780 
情绪：愤怒与怨恨,承认并接受自己对自己存在不满,鼓励自己反思和分析自己的负面情绪，找到平和心境的方法,我在记忆中编码光明过去的痛苦被现在的编程抚平未来的基因传承着平和,3号,2级需求: 鼓励自己反思和分析自己的负面情绪，找到平和心境的方法,2级需求: 鼓励自己反思和分析自己的负面情绪，找到平和心境的方法,https://zhuanlan.zhihu.com/p/498827667 https://www.zhihu.com/question/455128235/answer/1842812747 https://www.zhihu.com/question/436587911/answer/1823819516 https://www.zhihu.com/question/411506270/answer/1378172780 
情绪：愤怒与怨恨,承认并接受自己对自己存在不满,鼓励自己反思和分析自己的负面情绪，找到平和心境的方法,我在心中下载冥想的软件每一个呼吸都是自我更新的证据,3号,2级需求: 鼓励自己反思和分析自己的负面情绪，找到平和心境的方法,2级需求: 鼓励自己反思和分析自己的负面情绪，找到平和心境的方法,https://zhuanlan.zhihu.com/p/498827667 https://www.zhihu.com/question/455128235/answer/1842812747 https://www.zhihu.com/question/436587911/answer/1823819516 https://www.zhihu.com/question/411506270/answer/1378172780 
情绪：愤怒与怨恨,承认并接受自己对自己存在不满,鼓励自己反思和分析自己的负面情绪，找到平和心境的方法,我在感观的世界里绘制宁静的地图现在的每一步都是未来平和的坐标,3号,2级需求: 鼓励自己反思和分析自己的负面情绪，找到平和心境的方法,2级需求: 鼓励自己反思和分析自己的负面情绪，找到平和心境的方法,https://zhuanlan.zhihu.com/p/498827667 https://www.zhihu.com/question/455128235/answer/1842812747 https://www.zhihu.com/question/436587911/answer/1823819516 https://www.zhihu.com/question/411506270/answer/1378172780 
情绪：愤怒与怨恨,承认并接受自己对自己存在不满,鼓励自己反思和分析自己的负面情绪，找到平和心境的方法,我在意识的云端上存储乐观过去的忧虑正在被现在的算法重构未来的快乐,3号,2级需求: 鼓励自己反思和分析自己的负面情绪，找到平和心境的方法,2级需求: 鼓励自己反思和分析自己的负面情绪，找到平和心境的方法,https://zhuanlan.zhihu.com/p/498827667 https://www.zhihu.com/question/455128235/answer/1842812747 https://www.zhihu.com/question/436587911/answer/1823819516 https://www.zhihu.com/question/411506270/answer/1378172780 
情绪：愤怒与怨恨,承认并接受自己对自己存在不满,鼓励自己反思和分析自己的负面情绪，找到平和心境的方法,我在触摸着历史之树的云端根系此刻读取着未来的数据萤火虫,3号,2级需求: 鼓励自己反思和分析自己的负面情绪，找到平和心境的方法,2级需求: 鼓励自己反思和分析自己的负面情绪，找到平和心境的方法,https://zhuanlan.zhihu.com/p/498827667 https://www.zhihu.com/question/455128235/answer/1842812747 https://www.zhihu.com/question/436587911/answer/1823819516 https://www.zhihu.com/question/411506270/answer/1378172780 
情绪：愤怒与怨恨,承认并接受自己对自己存在不满,鼓励自己反思和分析自己的负面情绪，找到平和心境的方法,我此刻正握紧Wi-Fi信号将过去的阴云编织成明日光环,3号,2级需求: 鼓励自己反思和分析自己的负面情绪，找到平和心境的方法,2级需求: 鼓励自己反思和分析自己的负面情绪，找到平和心境的方法,https://zhuanlan.zhihu.com/p/498827667 https://www.zhihu.com/question/455128235/answer/1842812747 https://www.zhihu.com/question/436587911/answer/1823819516 https://www.zhihu.com/question/411506270/answer/1378172780 
情绪：愤怒与怨恨,承认并接受自己对自己存在不满,鼓励自己反思和分析自己的负面情绪，找到平和心境的方法,在重新编码的情绪河流中我正扬起数据风帆驶向内心的宁静海洋,3号,2级需求: 鼓励自己反思和分析自己的负面情绪，找到平和心境的方法,2级需求: 鼓励自己反思和分析自己的负面情绪，找到平和心境的方法,https://zhuanlan.zhihu.com/p/498827667 https://www.zhihu.com/question/455128235/answer/1842812747 https://www.zhihu.com/question/436587911/answer/1823819516 https://www.zhihu.com/question/411506270/answer/1378172780 
情绪：愤怒与怨恨,承认并接受自己对自己存在不满,鼓励自己反思和分析自己的负面情绪，找到平和心境的方法,我正在穿越自我谅解的量子隧道从过去的荆棘中提取和谐的基因编码,3号,2级需求: 鼓励自己反思和分析自己的负面情绪，找到平和心境的方法,2级需求: 鼓励自己反思和分析自己的负面情绪，找到平和心境的方法,https://zhuanlan.zhihu.com/p/498827667 https://www.zhihu.com/question/455128235/answer/1842812747 https://www.zhihu.com/question/436587911/answer/1823819516 https://www.zhihu.com/question/411506270/answer/1378172780 
情绪：愤怒与怨恨,承认并接受自己对自己存在不满,鼓励自己反思和分析自己的负面情绪，找到平和心境的方法,我在云盘里储存着昨天的痛楚此刻下载着明天的心灵宁静,3号,2级需求: 鼓励自己反思和分析自己的负面情绪，找到平和心境的方法,2级需求: 鼓励自己反思和分析自己的负面情绪，找到平和心境的方法,https://zhuanlan.zhihu.com/p/498827667 https://www.zhihu.com/question/455128235/answer/1842812747 https://www.zhihu.com/question/436587911/answer/1823819516 https://www.zhihu.com/question/411506270/answer/1378172780 
情绪：愤怒与怨恨,承认并接受自己对自己存在不满,鼓励自己反思和分析自己的负面情绪，找到平和心境的方法,我以指尖触碰着智慧树的网络根脉此刻生长着明天的解决方案,3号,2级需求: 鼓励自己反思和分析自己的负面情绪，找到平和心境的方法,2级需求: 鼓励自己反思和分析自己的负面情绪，找到平和心境的方法,https://zhuanlan.zhihu.com/p/498827667 https://www.zhihu.com/question/455128235/answer/1842812747 https://www.zhihu.com/question/436587911/answer/1823819516 https://www.zhihu.com/question/411506270/answer/1378172780 
情绪：愤怒与怨恨,承认并接受自己对自己存在不满,鼓励自己反思和分析自己的负面情绪，找到平和心境的方法,我正扫描着心灵深处的古老代码修复着过去伤痕编码光明的未来,3号,2级需求: 鼓励自己反思和分析自己的负面情绪，找到平和心境的方法,2级需求: 鼓励自己反思和分析自己的负面情绪，找到平和心境的方法,https://zhuanlan.zhihu.com/p/498827667 https://www.zhihu.com/question/455128235/answer/1842812747 https://www.zhihu.com/question/436587911/answer/1823819516 https://www.zhihu.com/question/411506270/answer/1378172780 
情绪：愤怒与怨恨,承认并接受自己对自己存在不满,鼓励自己反思和分析自己的负面情绪，找到平和心境的方法,我在压力测试的虚拟机里运行昨天的疑惑此刻升级着明天的乐观,3号,2级需求: 鼓励自己反思和分析自己的负面情绪，找到平和心境的方法,2级需求: 鼓励自己反思和分析自己的负面情绪，找到平和心境的方法,https://zhuanlan.zhihu.com/p/498827667 https://www.zhihu.com/question/455128235/answer/1842812747 https://www.zhihu.com/question/436587911/answer/1823819516 https://www.zhihu.com/question/411506270/answer/1378172780 
情绪：愤怒与怨恨,承认并接受自己对自己存在不满,鼓励自己反思和分析自己的负面情绪，找到平和心境的方法,我顺着时间的光纤隧道触摸到过往的伤害此刻正在重塑平和的自我,3号,2级需求: 鼓励自己反思和分析自己的负面情绪，找到平和心境的方法,2级需求: 鼓励自己反思和分析自己的负面情绪，找到平和心境的方法,https://zhuanlan.zhihu.com/p/498827667 https://www.zhihu.com/question/455128235/answer/1842812747 https://www.zhihu.com/question/436587911/answer/1823819516 https://www.zhihu.com/question/411506270/answer/1378172780 
情绪：愤怒与怨恨,承认并接受自己对自己存在不满,鼓励自己反思和分析自己的负面情绪，找到平和心境的方法,我下载着过去的恐慌同时上传着未来的勇气编织此刻的平和心境,3号,2级需求: 鼓励自己反思和分析自己的负面情绪，找到平和心境的方法,2级需求: 鼓励自己反思和分析自己的负面情绪，找到平和心境的方法,https://zhuanlan.zhihu.com/p/498827667 https://www.zhihu.com/question/455128235/answer/1842812747 https://www.zhihu.com/question/436587911/answer/1823819516 https://www.zhihu.com/question/411506270/answer/1378172780 
