序号,自我肯定语,合集,合集理由,权重,曝光点赞率,不感兴趣次数,是否短断句,生产者,感情状况,感情状况理由,最近的感觉,什么让你有这种感觉,最近的感觉理由,场景,子场景,用户需求,心理作用机制与功能,句子级别,备注
4378,会有很多人和我合得来。,['人际交往'],"{'未选合集及理由': {'艰难时刻': '语句不涉及自我安抚或情绪困境的接纳。', '平静内心': '不符合寻找心理宁静的需求。', '抗击抑郁': '语句未聚焦低落情绪的恢复。', '心碎疗愈': '无情感伤害或关系修复内容。', '自我关怀': '无直接关于滋养自我的表达。', '减压放松': '未体现压力释放或当下放松意图。', '感恩练习': '不涉及感恩或资源觉察内容。', '爱我的身体': '无身体相关的觉察或积极接纳表达。', '爱自己': '未明确传达无条件自我认同。', '自尊心': '未强调自身价值体系的稳固。', '我很好': '不涉及自我状态的简单确认。', '积极心态': '未强调乐观思维或积极感知。', '愉悦心情': '不涉及日常愉悦感知。', '焕发生命力': '未关注唤醒内在活力或潜能。', '点燃动力': '不涉及突破行动瓶颈或意志召唤。', '拥抱女性身份': '无女性身份相关内容。', '女性力量': '未涉及抗争/主权意识建构。', '亲密关系': '语句未指向关系修复或信任建设。', '爱家人': '未提及家庭成员或家庭关系。', '原谅': '无关于宽恕他人或自我原谅的内容。', '事业成功': '无职业发展或成就目标导向。', '擦拭信念': '未涉及信念重塑或理想追求。', '追梦无悔': '未体现追梦或不懈努力情境。', '勇气': '未强调面对挑战时的勇气召唤。'}}",,,,,,"['快乐地单身着', '单身但准备好了开始新的恋情']",自我肯定语“会有很多人和我合得来”表达了一种积极、自信的态度，适合那些正在享受单身生活或准备好开始新恋情的人。对于正在恋爱的人，这句话可能不太适用，因为他们已经在一段关系中，不需要强调与其他人合得来。对于最近刚分手或处在一段艰难的亲密关系中的人，这句话可能不太合适，因为他们可能正面临情感上的挑战，需要更多的支持和安慰。对于有点辛苦的暗恋，这句话可能不太相关，因为他们的关注点可能在于特定的对象，而不是与其他人的关系。,"['很好', '开心']",['自己'],这句话表达了自信和积极的情绪，适合推送给情感状态为开心和很好的用户。句子中没有提及家庭、朋友、工作、健康、感情和学业等具体因素，所以只选择了与自信和自我关怀相关的'自己'标签。,,,,,,
4379,我不甘平凡，我要轰轰烈烈地去追求。,"['追梦无悔', '点燃动力', '自信']","{'未选合集及理由': {'个人成长': '语句强调的是追求梦想的激情和行动，而非个人成长或学习进步。', '艰难时刻': '语句不涉及自我安抚或情绪困境的接纳。', '平静内心': '不符合寻找心理宁静的需求。', '抗击抑郁': '语句未聚焦低落情绪的恢复。', '心碎疗愈': '无情感伤害或关系修复内容。', '自我关怀': '无直接关于滋养自我的表达。', '减压放松': '未体现压力释放或当下放松意图。', '感恩练习': '不涉及感恩或资源觉察内容。', '爱我的身体': '无身体相关的觉察或积极接纳表达。', '爱自己': '未明确传达无条件自我认同。', '自尊心': '未强调自身价值体系的稳固。', '我很好': '不涉及自我状态的简单确认。', '积极心态': '语句更侧重于追梦的激情和行动，而非积极心态。', '愉悦心情': '不涉及日常愉悦感知。', '焕发生命力': '未关注唤醒内在活力或潜能。', '拥抱女性身份': '无女性身份相关内容。', '女性力量': '未涉及抗争/主权意识建构。', '亲密关系': '语句未指向关系修复或信任建设。', '人际交往': '未关注社交掌控感或边界维护。', '爱家人': '未提及家庭成员或家庭关系。', '原谅': '无关于宽恕他人或自我原谅的内容。', '事业成功': '无职业发展或成就目标导向。', '擦拭信念': '未涉及信念重塑或理想追求。', '勇气': '语句强调的是追求梦想的激情，而非面对挑战时的勇气召唤。'}}",,,,,,['单身但准备好了开始新的恋情'],这句话强调了追求不平凡的生活和轰轰烈烈的态度，适合那些单身但准备好开始新恋情的人，因为他们可能正在寻求新的生活体验和关系。不适合正在恋爱的人，因为他们已经在一段关系中，不需要追求新的恋情。不适合最近刚分手、处在一段艰难的亲密关系中和有点辛苦的暗恋的人，因为这些情况都涉及到情感上的挣扎和困难，而这句话传达的是一种积极向上、追求新生活的态度，与这些情况不太相符。,"['开心', '很好']",['自己'],该自我肯定语表达了不甘平凡、追求轰轰烈烈的决心，具有积极向上的情感倾向，因此适合推送给'开心'和'很好'的用户。句子中没有提及家庭、朋友、工作、健康、感情或学业等外部因素，而是强调了个人的决心和追求，所以只选择了'自己'作为相关因素。,,,,,,
4380,我人见人爱。,"['自信', '愉悦心情', '我很好']","{'未选合集及理由': {'艰难时刻': '语句不涉及自我安抚或情绪困境的接纳。', '平静内心': '不符合寻找心理宁静的需求。', '抗击抑郁': '语句未聚焦低落情绪的恢复。', '心碎疗愈': '无情感伤害或关系修复内容。', '自我关怀': '无直接关于滋养自我的表达。', '减压放松': '未体现压力释放或当下放松意图。', '感恩练习': '不涉及感恩或资源觉察内容。', '爱我的身体': '无身体相关的觉察或积极接纳表达。', '爱自己': '未明确传达无条件自我认同。', '自尊心': '未强调自身价值体系的稳固。', '积极心态': '虽然语句有积极意味，但更多体现个人魅力和他人认可，与乐观思维或积极感知不完全吻合。', '焕发生命力': '未关注唤醒内在活力或潜能。', '点燃动力': '不涉及突破行动瓶颈或意志召唤。', '拥抱女性身份': '无女性身份相关内容。', '女性力量': '未涉及抗争/主权意识建构。', '亲密关系': '语句未指向关系修复或信任建设。', '人际交往': '未关注社交掌控感或边界维护。', '爱家人': '未提及家庭成员或家庭关系。', '原谅': '无关于宽恕他人或自我原谅的内容。', '事业成功': '无职业发展或成就目标导向。', '擦拭信念': '未涉及信念重塑或理想追求。', '追梦无悔': '未体现追梦或不懈努力情境。', '勇气': '未强调面对挑战时的勇气召唤。'}}",,,,,,"['正在恋爱', '快乐地单身着', '单身但准备好了开始新的恋情']",不放'最近刚分手'和'处在一段艰难的亲密关系中'的理由是，这些感情状况的用户可能正经历情感上的挑战和不确定性，而'我人见人爱'这种自我肯定语可能与他们当前的情感状态不相符，可能无法给他们带来正面的反馈。不放'有点辛苦的暗恋'的理由是，这种自我肯定语可能不直接关联到暗恋者的情感状态，他们可能更需要的是关于勇气和人际交往的鼓励。,"['开心', '很好', '一般']",['自己'],自我肯定语'我人见人爱'表达了自信和积极情绪，因此适合推送给'开心'、'很好'和'一般'情感状态的用户。句子中没有涉及家庭、朋友、工作、健康、感情或学业相关因素，所以只选择了'自己'标签。,,,,,,
4381,我总能找到自己身上的闪光点,"['自信', '个人成长', '我很好']","{'未选合集及理由': {'艰难时刻': '语句不涉及自我安抚或情绪困境的接纳。', '平静内心': '不符合寻找心理宁静的需求。', '抗击抑郁': '语句未聚焦低落情绪的恢复。', '心碎疗愈': '无情感伤害或关系修复内容。', '自我关怀': '无直接关于滋养自我的表达。', '减压放松': '未体现压力释放或当下放松意图。', '感恩练习': '不涉及感恩或资源觉察内容。', '爱我的身体': '无身体相关的觉察或积极接纳表达。', '爱自己': '未明确传达无条件自我认同。', '自尊心': '未强调自身价值体系的稳固。', '积极心态': '未强调乐观思维或积极感知。', '愉悦心情': '不涉及日常愉悦感知。', '焕发生命力': '未关注唤醒内在活力或潜能。', '点燃动力': '不涉及突破行动瓶颈或意志召唤。', '拥抱女性身份': '无女性身份相关内容。', '女性力量': '未涉及抗争/主权意识建构。', '亲密关系': '语句未指向关系修复或信任建设。', '人际交往': '未关注社交掌控感或边界维护。', '爱家人': '未提及家庭成员或家庭关系。', '原谅': '无关于宽恕他人或自我原谅的内容。', '事业成功': '无职业发展或成就目标导向。', '擦拭信念': '未涉及信念重塑或理想追求。', '追梦无悔': '未体现追梦或不懈努力情境。'}}",,,,,,"['正在恋爱', '快乐地单身着', '单身但准备好了开始新的恋情']",不放'最近刚分手'和'处在一段艰难的亲密关系中'的理由是，这些感情状况下的用户可能更关注情感失落和关系中的矛盾，而该自我肯定语强调的是个人自信和自我价值，与这些感情状况下用户的主要需求不太匹配。不放'有点辛苦的暗恋'的理由是，该感情状况下的用户可能更关注人际交往和勇气，而该自我肯定语更多强调自我价值和闪光点，关联性不大。,"['很好', '开心']",['自己'],该自我肯定语表达了自信和积极情绪，适合推送给'开心'和'很好'的用户。句子中没有提及家庭、朋友、工作、健康、感情、学业等外部因素，所以只选择了'自己'标签。,,,,,,
4382,我自己就拥有实现那些愿望的能力。,"['个人成长', '自信', '点燃动力', '事业成功']","{'未选合集及理由': {'艰难时刻': '语句不涉及自我安抚或情绪困境的接纳。', '平静内心': '不符合寻找心理宁静的需求。', '抗击抑郁': '语句未聚焦低落情绪的恢复。', '心碎疗愈': '无情感伤害或关系修复内容。', '自我关怀': '无直接关于滋养自我的表达。', '减压放松': '未体现压力释放或当下放松意图。', '感恩练习': '不涉及感恩或资源觉察内容。', '爱我的身体': '无身体相关的觉察或积极接纳表达。', '爱自己': '未明确传达无条件自我认同。', '自尊心': '未强调自身价值体系的稳固。', '我很好': '不涉及自我状态的简单确认。', '积极心态': '未强调乐观思维或积极感知。', '愉悦心情': '不涉及日常愉悦感知。', '焕发生命力': '未关注唤醒内在活力或潜能。', '拥抱女性身份': '无女性身份相关内容。', '女性力量': '未涉及抗争/主权意识建构。', '亲密关系': '语句未指向关系修复或信任建设。', '人际交往': '未关注社交掌控感或边界维护。', '爱家人': '未提及家庭成员或家庭关系。', '原谅': '无关于宽恕他人或自我原谅的内容。', '擦拭信念': '未涉及信念重塑或理想追求。', '追梦无悔': '未体现追梦或不懈努力情境。', '勇气': '未强调面对挑战时的勇气召唤。'}}",,,,,,"['正在恋爱', '快乐地单身着', '单身但准备好了开始新的恋情']",不放'最近刚分手'和'处在一段艰难的亲密关系中'的理由是，这些状态的用户可能正经历情感上的挑战，而这句话强调的是个人能力，可能不会直接关联到他们当前的情感状态。不放'有点辛苦的暗恋'的理由是，这句话更多强调的是个人实现愿望的能力，而不是关于人际交往或勇气的鼓励。,"['开心', '很好', '一般']",['自己'],自我肯定语表达了自信和力量感，适合推送给开心、很好和一般情感状态的用户。句子中没有涉及家庭、朋友、工作、健康、感情和学业等因素，所以这些标签都不适用。,,,,,,
4383,我多给自己一点时间，多给自己一次机会。,"['自我关怀', '个人成长', '艰难时刻']","{'未选合集及理由': {'平静内心': '语句未聚焦心理宁静的需求。', '抗击抑郁': '语句未涉及低落情绪的恢复。', '心碎疗愈': '无情感伤害或关系修复内容。', '减压放松': '未体现压力释放或当下放松意图。', '感恩练习': '不涉及感恩或资源觉察内容。', '爱我的身体': '无身体相关的觉察或积极接纳表达。', '爱自己': '未明确传达无条件自我认同。', '自尊心': '未强调自身价值体系的稳固。', '我很好': '不涉及自我状态的简单确认。', '积极心态': '未强调乐观思维或积极感知。', '愉悦心情': '不涉及日常愉悦感知。', '焕发生命力': '未关注唤醒内在活力或潜能。', '点燃动力': '不涉及突破行动瓶颈或意志召唤。', '拥抱女性身份': '无女性身份相关内容。', '女性力量': '未涉及抗争/主权意识建构。', '亲密关系': '语句未指向关系修复或信任建设。', '人际交往': '未关注社交掌控感或边界维护。', '爱家人': '未提及家庭成员或家庭关系。', '原谅': '无关于宽恕他人或自我原谅的内容。', '事业成功': '无职业发展或成就目标导向。', '擦拭信念': '未涉及信念重塑或理想追求。', '追梦无悔': '未体现追梦或不懈努力情境。', '勇气': '未强调面对挑战时的勇气召唤。'}}",,,,,,"['最近刚分手', '处在一段艰难的亲密关系中', '快乐地单身着', '单身但准备好了开始新的恋情']",不放'正在恋爱'的理由：这句话强调给自己时间和机会，而正在恋爱的人通常不需要给自己额外的时间和机会，因为他们已经在一段关系中。不放'有点辛苦的暗恋'的理由：这句话更侧重于自我肯定和给自己机会，而不是关于勇气或主动追求，所以不太适合暗恋的情况。,"['一般', '不好']",['自己'],该自我肯定语表达了给自己更多时间和机会，适用于一般和不好的情感状态。句子没有涉及开心、很好、糟糕、家庭、朋友、工作、健康、感情、学业等其他因素，因此不放这些标签。,,,,,,
4384,我可以创造奇迹。,"['自信', '个人成长', '焕发生命力', '点燃动力', '追梦无悔']","{'未选合集及理由': {'艰难时刻': '语句不涉及自我安抚或情绪困境的接纳。', '平静内心': '不符合寻找心理宁静的需求。', '抗击抑郁': '语句未聚焦低落情绪的恢复。', '心碎疗愈': '无情感伤害或关系修复内容。', '自我关怀': '无直接关于滋养自我的表达。', '减压放松': '未体现压力释放或当下放松意图。', '感恩练习': '不涉及感恩或资源觉察内容。', '爱我的身体': '无身体相关的觉察或积极接纳表达。', '爱自己': '未明确传达无条件自我认同。', '自尊心': '未强调自身价值体系的稳固。', '我很好': '不涉及自我状态的简单确认。', '积极心态': '虽有积极意味，但更侧重自我效能和潜能激发。', '愉悦心情': '不涉及日常愉悦感知。', '拥抱女性身份': '无女性身份相关内容。', '女性力量': '未涉及抗争/主权意识建构。', '亲密关系': '语句未指向关系修复或信任建设。', '人际交往': '未关注社交掌控感或边界维护。', '爱家人': '未提及家庭成员或家庭关系。', '原谅': '无关于宽恕他人或自我原谅的内容。', '事业成功': '无职业发展或成就目标导向。', '擦拭信念': '未涉及信念重塑或理想追求。', '勇气': '虽有勇气意味，但更侧重自我潜能和创造力的激发。'}}",,,,,,"['正在恋爱', '快乐地单身着', '单身但准备好了开始新的恋情']",不放'最近刚分手'和'处在一段艰难的亲密关系中'的理由是，这句话强调的是个人能力和创造奇迹，而这两个状态更多地涉及情感失落和关系矛盾，与个人能力创造奇迹的主题不太相关。不放'有点辛苦的暗恋'的理由是，这句话更多强调个人能力和创造奇迹，而这个状态更多涉及情感上的辛苦和人际交往，主题不太相关。,"['开心', '很好']",['自己'],该自我肯定语表达了强烈的自信和力量感，适合推送给情感状态为开心和很好的用户。句子中没有提及家庭、朋友、工作、健康、感情和学业等外部因素，因此只选择了与自我相关的标签。,,,,,,
4385,我的未来比海更辽阔,"['积极心态', '追梦无悔', '自信']","{'未选合集及理由': {'个人成长': '虽然句子具有成长意味，但更侧重于积极心态和未来展望。', '艰难时刻': '语句未涉及困境中的坚韧或希望，而是强调未来的广阔。', '平静内心': '未体现寻求内心平静或情绪管理。', '抗击抑郁': '未涉及对抗抑郁或重建自我价值。', '心碎疗愈': '无情感伤害或关系修复内容。', '自我关怀': '未直接关于滋养自我或自我爱护。', '减压放松': '未体现压力释放或当下放松意图。', '感恩练习': '不涉及感恩或资源觉察内容。', '爱我的身体': '无身体相关的觉察或积极接纳表达。', '爱自己': '未明确传达无条件自我认同。', '自尊心': '未强调自身价值体系的稳固。', '我很好': '不涉及自我状态的简单确认。', '愉悦心情': '不涉及日常愉悦感知。', '焕发生命力': '未关注唤醒内在活力或潜能。', '点燃动力': '不涉及突破行动瓶颈或意志召唤。', '拥抱女性身份': '无女性身份相关内容。', '女性力量': '未涉及抗争/主权意识建构。', '亲密关系': '语句未指向关系修复或信任建设。', '人际交往': '未关注社交掌控感或边界维护。', '爱家人': '未提及家庭成员或家庭关系。', '原谅': '无关于宽恕他人或自我原谅的内容。', '事业成功': '无职业发展或成就目标导向。', '擦拭信念': '未涉及信念重塑或理想追求。', '勇气': '虽然句子具有勇气意味，但更侧重于积极心态和未来展望。'}}",,,,,,"['正在恋爱', '快乐地单身着', '单身但准备好了开始新的恋情']",不放'最近刚分手'和'处在一段艰难的亲密关系中'的标签，因为这句话强调的是未来的可能性和希望，而'最近刚分手'和'处在一段艰难的亲密关系中'的用户可能更关注当前的情感状态和疗愈，而不是未来的可能性。不放'有点辛苦的暗恋'的标签，因为这句话没有直接涉及暗恋或人际关系的情境。,"['开心', '很好', '一般']",['自己'],这句话表达了对未来的积极展望和自信，适合开心、很好和一般的情感状态。它没有涉及家庭、朋友、工作、健康、感情或学业的具体问题，所以这些标签都不适用。,,,,,,
4386,我所经历的一切都有意义。,"['个人成长', '积极心态']","{'未选合集及理由': {'艰难时刻': '语句不涉及自我安抚或情绪困境的接纳。', '平静内心': '不符合寻找心理宁静的需求。', '抗击抑郁': '语句未聚焦低落情绪的恢复。', '心碎疗愈': '无情感伤害或关系修复内容。', '自我关怀': '无直接关于滋养自我的表达。', '减压放松': '未体现压力释放或当下放松意图。', '感恩练习': '不涉及感恩或资源觉察内容。', '爱我的身体': '无身体相关的觉察或积极接纳表达。', '爱自己': '未明确传达无条件自我认同。', '自尊心': '未强调自身价值体系的稳固。', '我很好': '不涉及自我状态的简单确认。', '愉悦心情': '不涉及日常愉悦感知。', '焕发生命力': '未关注唤醒内在活力或潜能。', '点燃动力': '不涉及突破行动瓶颈或意志召唤。', '拥抱女性身份': '无女性身份相关内容。', '女性力量': '未涉及抗争/主权意识建构。', '亲密关系': '语句未指向关系修复或信任建设。', '人际交往': '未关注社交掌控感或边界维护。', '爱家人': '未提及家庭成员或家庭关系。', '原谅': '无关于宽恕他人或自我原谅的内容。', '事业成功': '无职业发展或成就目标导向。', '擦拭信念': '未涉及信念重塑或理想追求。', '追梦无悔': '未体现追梦或不懈努力情境。', '勇气': '未强调面对挑战时的勇气召唤。'}}",,,,,,"['正在恋爱', '最近刚分手', '处在一段艰难的亲密关系中', '快乐地单身着', '单身但准备好了开始新的恋情']",该自我肯定语适合所有感情状况的用户，因为它强调了个人经历的价值和意义，适用于各种情感状态。,"['一般', '很好']",['自己'],这句话表达了一种积极的情感倾向，认为个人经历具有意义，因此适合【一般】和【很好】的情感状态。句子中没有提及家庭、朋友、工作、健康、感情或学业等具体因素，而是强调了个人经历的价值，所以选择了【自己】作为相关因素。,,,,,,
4387,我不沉浸在过去的辛酸里，我只需记住过去的教训。,"['个人成长', '勇气']","{'未选合集及理由': {'艰难时刻': '语句不涉及自我安抚或情绪困境的接纳。', '平静内心': '不符合寻找心理宁静的需求。', '抗击抑郁': '语句未聚焦低落情绪的恢复。', '心碎疗愈': '无情感伤害或关系修复内容。', '自我关怀': '无直接关于滋养自我的表达。', '减压放松': '未体现压力释放或当下放松意图。', '感恩练习': '不涉及感恩或资源觉察内容。', '爱我的身体': '无身体相关的觉察或积极接纳表达。', '爱自己': '未明确传达无条件自我认同。', '自尊心': '未强调自身价值体系的稳固。', '我很好': '不涉及自我状态的简单确认。', '积极心态': '未强调乐观思维或积极感知。', '愉悦心情': '不涉及日常愉悦感知。', '焕发生命力': '未关注唤醒内在活力或潜能。', '点燃动力': '不涉及突破行动瓶颈或意志召唤。', '拥抱女性身份': '无女性身份相关内容。', '女性力量': '未涉及抗争/主权意识建构。', '亲密关系': '语句未指向关系修复或信任建设。', '人际交往': '未关注社交掌控感或边界维护。', '爱家人': '未提及家庭成员或家庭关系。', '原谅': '无关于宽恕他人或自我原谅的内容。', '事业成功': '无职业发展或成就目标导向。', '擦拭信念': '未涉及信念重塑或理想追求。', '追梦无悔': '未体现追梦或不懈努力情境。'}}",,,,,,"['最近刚分手', '处在一段艰难的亲密关系中', '有点辛苦的暗恋']",这句自我肯定语强调从过去的经验中学习，而不是沉浸在过去的辛酸里。因此，它适合那些经历过分手、处于艰难关系中或经历暗恋痛苦的用户，帮助他们从过去的经历中吸取教训，向前看。而这句肯定语并没有涉及正在恋爱或快乐单身的状态，所以不适合推送给处于这些感情状况的用户。,"['不好', '一般']",['自己'],该自我肯定语表达了从过去的辛酸中走出来，记住教训的积极态度，适合一般情感状态的用户。同时，句子中没有明确提及家庭、朋友、工作、健康、感情、学业等因素，所以只选择与自我相关的标签。,,,,,,
4388,我不服输。,"['自信', '勇气', '点燃动力']","{'未选合集及理由': {'艰难时刻': '语句不涉及自我安抚或情绪困境的接纳。', '平静内心': '不符合寻找心理宁静的需求。', '抗击抑郁': '语句未聚焦低落情绪的恢复。', '心碎疗愈': '无情感伤害或关系修复内容。', '自我关怀': '无直接关于滋养自我的表达。', '减压放松': '未体现压力释放或当下放松意图。', '感恩练习': '不涉及感恩或资源觉察内容。', '爱我的身体': '无身体相关的觉察或积极接纳表达。', '爱自己': '未明确传达无条件自我认同。', '自尊心': '未强调自身价值体系的稳固。', '我很好': '不涉及自我状态的简单确认。', '积极心态': '未强调乐观思维或积极感知。', '愉悦心情': '不涉及日常愉悦感知。', '焕发生命力': '未关注唤醒内在活力或潜能。', '拥抱女性身份': '无女性身份相关内容。', '女性力量': '未涉及抗争/主权意识建构。', '亲密关系': '语句未指向关系修复或信任建设。', '人际交往': '未关注社交掌控感或边界维护。', '爱家人': '未提及家庭成员或家庭关系。', '原谅': '无关于宽恕他人或自我原谅的内容。', '事业成功': '无职业发展或成就目标导向。', '擦拭信念': '未涉及信念重塑或理想追求。', '追梦无悔': '未体现追梦或不懈努力情境。'}}",,,,,,"['正在恋爱', '处在一段艰难的亲密关系中', '单身但准备好了开始新的恋情']",自我肯定语“我不服输”表达了一种积极、坚定的态度，适合正在恋爱中的人，他们可能需要这种精神来维护和加强关系；处在一段艰难的亲密关系中的人可能需要这种不服输的精神来克服困难；单身但准备好了开始新的恋情的人也需要这种态度来面对可能的挑战。而快乐地单身着的人可能更注重享受单身生活，而不是强调不服输；最近刚分手的人可能需要疗愈和释怀，而不是强调竞争和不服输；有点辛苦的暗恋的人可能需要更多关于勇气和主动的句子，而不是强调不服输。,"['一般', '不好']",['自己'],该自我肯定语表达了不服输的坚定态度，适合一般情绪状态的用户，因为他们可能需要这种自信来应对日常生活中的挑战。同时，对于不好情绪状态的用户，这种自我肯定语可以提供鼓励和支持，帮助他们克服困难。句子中没有明确提及家庭、健康、感情等因素，因此选择'自己'作为相关因素。,,,,,,
4389,我所追求的东西，会以意想不到的方式出现在我的生命里。,"['积极心态', '追梦无悔']","{'未选合集及理由': {'个人成长': '语句未强调学习和进步，而是关注于结果的意外出现。', '自信': '虽然语句传达了一种积极的信念，但未直接强调自我信任或能力。', '艰难时刻': '语句不涉及自我安抚或情绪困境的接纳。', '平静内心': '不符合寻找心理宁静的需求。', '抗击抑郁': '语句未聚焦低落情绪的恢复。', '心碎疗愈': '无情感伤害或关系修复内容。', '自我关怀': '无直接关于滋养自我的表达。', '减压放松': '未体现压力释放或当下放松意图。', '感恩练习': '不涉及感恩或资源觉察内容。', '爱我的身体': '无身体相关的觉察或积极接纳表达。', '爱自己': '未明确传达无条件自我认同。', '自尊心': '未强调自身价值体系的稳固。', '我很好': '不涉及自我状态的简单确认。', '愉悦心情': '不涉及日常愉悦感知。', '焕发生命力': '未关注唤醒内在活力或潜能。', '点燃动力': '不涉及突破行动瓶颈或意志召唤。', '拥抱女性身份': '无女性身份相关内容。', '女性力量': '未涉及抗争/主权意识建构。', '亲密关系': '语句未指向关系修复或信任建设。', '人际交往': '未关注社交掌控感或边界维护。', '爱家人': '未提及家庭成员或家庭关系。', '原谅': '无关于宽恕他人或自我原谅的内容。', '事业成功': '无职业发展或成就目标导向。', '擦拭信念': '未涉及信念重塑或理想追求。', '勇气': '虽然语句传达了一种积极的信念，但未直接强调面对挑战时的勇气召唤。'}}",,,,,,"['正在恋爱', '单身但准备好了开始新的恋情']",不放'最近刚分手'是因为该自我肯定语强调的是积极期待和未来的可能性，而'最近刚分手'的用户可能更多关注于情感疗愈和释怀。不放'处在一段艰难的亲密关系中'是因为该自我肯定语没有直接涉及改善关系或解决矛盾。不放'快乐地单身着'是因为该自我肯定语更多强调对新恋情的期待，而'快乐地单身着'的用户可能更享受单身状态。不放'有点辛苦的暗恋'是因为该自我肯定语没有直接涉及暗恋者的情感状态或行动。,"['开心', '很好']",['自己'],这句话表达了一种乐观和积极的态度，认为所追求的东西会以意想不到的方式出现，给人以希望和动力，因此更适合开心和很好的情感状态。这句话没有提到家庭、健康、感情等其他因素，所以只选择了'自己'这个标签。,,,,,,
4390,我会把梦想变成现实。,"['个人成长', '追梦无悔', '点燃动力', '事业成功']","{'未选合集及理由': {'艰难时刻': '语句不涉及自我安抚或情绪困境的接纳。', '平静内心': '不符合寻找心理宁静的需求。', '抗击抑郁': '语句未聚焦低落情绪的恢复。', '心碎疗愈': '无情感伤害或关系修复内容。', '自我关怀': '无直接关于滋养自我的表达。', '减压放松': '未体现压力释放或当下放松意图。', '感恩练习': '不涉及感恩或资源觉察内容。', '爱我的身体': '无身体相关的觉察或积极接纳表达。', '爱自己': '未明确传达无条件自我认同。', '自尊心': '未强调自身价值体系的稳固。', '我很好': '不涉及自我状态的简单确认。', '积极心态': '虽有积极意味，但更侧重于行动和目标实现。', '愉悦心情': '不涉及日常愉悦感知。', '焕发生命力': '未关注唤醒内在活力或潜能。', '拥抱女性身份': '无女性身份相关内容。', '女性力量': '未涉及抗争/主权意识建构。', '亲密关系': '语句未指向关系修复或信任建设。', '人际交往': '未关注社交掌控感或边界维护。', '爱家人': '未提及家庭成员或家庭关系。', '原谅': '无关于宽恕他人或自我原谅的内容。', '擦拭信念': '未涉及信念重塑或理想追求。', '自信': '虽有自信意味，但更侧重于行动和目标实现。', '勇气': '虽有勇气意味，但更侧重于行动和目标实现。'}}",,,,,,"['正在恋爱', '快乐地单身着', '单身但准备好了开始新的恋情']",不放'最近刚分手'和'处在一段艰难的亲密关系中'的理由是，这句话强调的是个人梦想和目标的实现，与感情状态的失落和困难没有直接关联。不放'有点辛苦的暗恋'的理由是，这句话没有涉及人际交往或勇气的表达，而是更侧重于个人目标的实现。,"['开心', '很好']",['自己'],该自我肯定语表达了将梦想变为现实的决心和自信，适合推送给情感状态为开心和很好的用户。句子中没有提及家庭、朋友、工作、健康、感情或学业等具体因素，因此只选择与自信相关的'自己'标签。,,,,,,
4391,我并不需要说服别人来理解我。,"['自尊心', '人际交往']","{'未选合集及理由': {'艰难时刻': '语句不涉及自我安抚或情绪困境的接纳。', '平静内心': '不符合寻找心理宁静的需求。', '抗击抑郁': '语句未聚焦低落情绪的恢复。', '心碎疗愈': '无情感伤害或关系修复内容。', '自我关怀': '无直接关于滋养自我的表达。', '减压放松': '未体现压力释放或当下放松意图。', '感恩练习': '不涉及感恩或资源觉察内容。', '爱我的身体': '无身体相关的觉察或积极接纳表达。', '爱自己': '未明确传达无条件自我认同。', '我很好': '不涉及自我状态的简单确认。', '积极心态': '未强调乐观思维或积极感知。', '愉悦心情': '不涉及日常愉悦感知。', '焕发生命力': '未关注唤醒内在活力或潜能。', '点燃动力': '不涉及突破行动瓶颈或意志召唤。', '拥抱女性身份': '无女性身份相关内容。', '女性力量': '未涉及抗争/主权意识建构。', '亲密关系': '语句未指向关系修复或信任建设。', '爱家人': '未提及家庭成员或家庭关系。', '原谅': '无关于宽恕他人或自我原谅的内容。', '事业成功': '无职业发展或成就目标导向。', '擦拭信念': '未涉及信念重塑或理想追求。', '追梦无悔': '未体现追梦或不懈努力情境。', '勇气': '未强调面对挑战时的勇气召唤。'}}",,,,,,"['快乐地单身着', '单身但准备好了开始新的恋情']",自我肯定语“我并不需要说服别人来理解我”强调的是自我认同和独立性。对于“正在恋爱”和“处在一段艰难的亲密关系中”的用户来说，这句话可能不太适用，因为他们可能更关注与伴侣之间的理解和沟通。对于“最近刚分手”的用户，虽然他们可能需要自我认同，但这句话更多强调的是独立性，而不是疗愈或释怀。对于“有点辛苦的暗恋”的用户，这句话可能不太适合，因为他们可能更关注如何获得对方的理解和认可，而不是自我认同。,['一般'],['自己'],该自我肯定语表达了一种自我接纳和独立的态度，没有明显的积极情绪或满足感，因此不适合【开心】和【很好】；同时，也没有明显的消极情绪或需要安慰的迹象，因此不适合【不好】和【糟糕】。句子中没有提及家庭、朋友、工作、健康、感情或学业等外部因素，而是强调了自我认知和自我价值，所以选择了【自己】标签。,,,,,,
4392,我会成为自己想成为的人,"['个人成长', '积极心态', '自信', '追梦无悔']","{'未选合集及理由': {'艰难时刻': '语句不涉及自我安抚或情绪困境的接纳。', '平静内心': '不符合寻找心理宁静的需求。', '抗击抑郁': '语句未聚焦低落情绪的恢复。', '心碎疗愈': '无情感伤害或关系修复内容。', '自我关怀': '无直接关于滋养自我的表达。', '减压放松': '未体现压力释放或当下放松意图。', '感恩练习': '不涉及感恩或资源觉察内容。', '爱我的身体': '无身体相关的觉察或积极接纳表达。', '爱自己': '未明确传达无条件自我认同。', '自尊心': '未强调自身价值体系的稳固。', '我很好': '不涉及自我状态的简单确认。', '愉悦心情': '不涉及日常愉悦感知。', '焕发生命力': '未关注唤醒内在活力或潜能。', '点燃动力': '不涉及突破行动瓶颈或意志召唤。', '拥抱女性身份': '无女性身份相关内容。', '女性力量': '未涉及抗争/主权意识建构。', '亲密关系': '语句未指向关系修复或信任建设。', '人际交往': '未关注社交掌控感或边界维护。', '爱家人': '未提及家庭成员或家庭关系。', '原谅': '无关于宽恕他人或自我原谅的内容。', '事业成功': '无职业发展或成就目标导向。', '擦拭信念': '未涉及信念重塑或理想追求。', '勇气': '虽然语句有积极意味，但未明确涉及面对挑战时的勇气召唤。'}}",,,,,,"['正在恋爱', '快乐地单身着', '单身但准备好了开始新的恋情']",不放'最近刚分手'和'处在一段艰难的亲密关系中'的理由是，这句话强调的是个人成长和自我实现，而这两个感情状况更多涉及情感失落和关系矛盾。不放'有点辛苦的暗恋'的理由是，这句话没有涉及人际交往和勇气，而'有点辛苦的暗恋'需要这方面的内容。,"['很好', '开心']",['自己'],这句话表达了自信和个人成长的愿望，适合推送给情感状态为'开心'和'很好'的用户。句子中没有提到家庭、朋友、工作、健康、感情或学业相关的内容，所以不选择这些标签。,,,,,,
4393,我在创造关于自己的史诗。,"['个人成长', '自信', '追梦无悔']","{'未选合集及理由': {'艰难时刻': '语句不涉及自我安抚或情绪困境的接纳。', '平静内心': '不符合寻找心理宁静的需求。', '抗击抑郁': '语句未聚焦低落情绪的恢复。', '心碎疗愈': '无情感伤害或关系修复内容。', '自我关怀': '无直接关于滋养自我的表达。', '减压放松': '未体现压力释放或当下放松意图。', '感恩练习': '不涉及感恩或资源觉察内容。', '爱我的身体': '无身体相关的觉察或积极接纳表达。', '爱自己': '未明确传达无条件自我认同。', '自尊心': '未强调自身价值体系的稳固。', '我很好': '不涉及自我状态的简单确认。', '积极心态': '语句更侧重个人成长和自我实现，非简单的积极感知。', '愉悦心情': '不涉及日常愉悦感知。', '焕发生命力': '未关注唤醒内在活力或潜能。', '点燃动力': '不涉及突破行动瓶颈或意志召唤。', '拥抱女性身份': '无女性身份相关内容。', '女性力量': '未涉及抗争/主权意识建构。', '亲密关系': '语句未指向关系修复或信任建设。', '人际交往': '未关注社交掌控感或边界维护。', '爱家人': '未提及家庭成员或家庭关系。', '原谅': '无关于宽恕他人或自我原谅的内容。', '事业成功': '无职业发展或成就目标导向。', '擦拭信念': '未涉及信念重塑或理想追求。'}}",,,,,,"['快乐地单身着', '单身但准备好了开始新的恋情']",不放'正在恋爱'是因为这句话强调的是个人的成长和自我实现，而不是与伴侣的关系。不放'最近刚分手'和'处在一段艰难的亲密关系中'是因为这句话没有涉及到情感失落或关系中的矛盾，而是强调个人的力量和成长。不放'有点辛苦的暗恋'是因为这句话没有涉及到对爱情的期待或人际交往的主动，而是强调个人的成长和自我实现。,"['开心', '很好']",['自己'],该自我肯定语表达了自信和力量感，适合推送给感觉开心和很好的用户。句子中没有提到家庭、朋友、工作、健康、感情、学业等因素，所以只选择'自己'作为相关因素。,,,,,,
4394,我会找到自己的人生节奏。,"['个人成长', '积极心态', '点燃动力']","{'未选合集及理由': {'艰难时刻': '语句不涉及自我安抚或情绪困境的接纳。', '平静内心': '不符合寻找心理宁静的需求。', '抗击抑郁': '语句未聚焦低落情绪的恢复。', '心碎疗愈': '无情感伤害或关系修复内容。', '自我关怀': '无直接关于滋养自我的表达。', '减压放松': '未体现压力释放或当下放松意图。', '感恩练习': '不涉及感恩或资源觉察内容。', '爱我的身体': '无身体相关的觉察或积极接纳表达。', '爱自己': '未明确传达无条件自我认同。', '自尊心': '未强调自身价值体系的稳固。', '我很好': '不涉及自我状态的简单确认。', '愉悦心情': '不涉及日常愉悦感知。', '焕发生命力': '未关注唤醒内在活力或潜能。', '拥抱女性身份': '无女性身份相关内容。', '女性力量': '未涉及抗争/主权意识建构。', '亲密关系': '语句未指向关系修复或信任建设。', '人际交往': '未关注社交掌控感或边界维护。', '爱家人': '未提及家庭成员或家庭关系。', '原谅': '无关于宽恕他人或自我原谅的内容。', '事业成功': '无职业发展或成就目标导向。', '擦拭信念': '未涉及信念重塑或理想追求。', '追梦无悔': '未体现追梦或不懈努力情境。', '勇气': '未强调面对挑战时的勇气召唤。'}}",,,,,,"['快乐地单身着', '单身但准备好了开始新的恋情']",这句话强调个人节奏和自我探索，适合那些正在寻找个人生活方向和节奏的人。因此，它适合那些快乐地单身着的人，因为他们可能正在寻找或享受自己的生活节奏。同样，对于那些单身但准备好了开始新的恋情的人来说，这句话也适合，因为他们可能在寻找合适的伴侣之前，正在寻找自己的节奏。这句话不太适合那些正在恋爱中的人，因为他们可能已经找到了与伴侣的共同节奏，不太适合那些刚分手或处在一段艰难的亲密关系中的人，因为他们可能更关注关系中的问题，而不是个人节奏。,"['很好', '一般']",['自己'],自我肯定语'我会找到自己的人生节奏'表达了一种积极向上的态度和对未来的信心，适合推送给情感状态为'很好'和'一般'的用户。该句子没有涉及家庭、朋友、工作、健康、感情和学业等外部因素，而是强调自我认知和自我激励，所以只选择了'自己'作为相关因素。,,,,,,
4395,其他人无权评价我的是非对错。,"['自尊心', '人际交往']","{'未选合集及理由': {'艰难时刻': '语句不涉及自我安抚或情绪困境的接纳。', '平静内心': '不符合寻找心理宁静的需求。', '抗击抑郁': '语句未聚焦低落情绪的恢复。', '心碎疗愈': '无情感伤害或关系修复内容。', '自我关怀': '无直接关于滋养自我的表达。', '减压放松': '未体现压力释放或当下放松意图。', '感恩练习': '不涉及感恩或资源觉察内容。', '爱我的身体': '无身体相关的觉察或积极接纳表达。', '爱自己': '未明确传达无条件自我认同。', '我很好': '不涉及自我状态的简单确认。', '积极心态': '未强调乐观思维或积极感知。', '愉悦心情': '不涉及日常愉悦感知。', '焕发生命力': '未关注唤醒内在活力或潜能。', '点燃动力': '不涉及突破行动瓶颈或意志召唤。', '拥抱女性身份': '无女性身份相关内容。', '女性力量': '未涉及抗争/主权意识建构。', '亲密关系': '语句未指向关系修复或信任建设。', '爱家人': '未提及家庭成员或家庭关系。', '原谅': '无关于宽恕他人或自我原谅的内容。', '事业成功': '无职业发展或成就目标导向。', '擦拭信念': '未涉及信念重塑或理想追求。', '追梦无悔': '未体现追梦或不懈努力情境。', '勇气': '未强调面对挑战时的勇气召唤。'}}",,,,,,"['正在恋爱', '处在一段艰难的亲密关系中', '快乐地单身着', '单身但准备好了开始新的恋情']",不放'最近刚分手'和'有点辛苦的暗恋'的理由：这句话强调的是个人的自主性和不受他人评价的权利，对于'最近刚分手'的用户来说，虽然可能需要自我肯定，但这句话并没有直接关联到情感失落和疗愈的主题。对于'有点辛苦的暗恋'的用户，这句话没有直接关联到鼓励人际交往和主动性的主题。,"['一般', '不好', '糟糕']",['自己'],该自我肯定语强调个人自主权和自尊，适用于一般情感状态的用户，因为他们可能需要提醒自己不受他人评价的影响。同时，该句子也适用于不好和糟糕情感状态的用户，因为他们可能因为他人的负面评价而感到受伤或自我怀疑。句子中没有明确提及家庭、朋友、工作、健康、感情或学业等具体因素，因此选择'自己'作为相关因素。,,,,,,
4396,我是历史的一部分，值得被珍惜。,"['擦拭信念', '我很好']","{'未选合集及理由': {'个人成长': '语句没有明确指向个人发展或学习进步。', '自信': '虽然句子有正面的自我肯定，但未强调自我信任或能力。', '艰难时刻': '语句不涉及自我安抚或情绪困境的接纳。', '平静内心': '不符合寻找心理宁静的需求。', '抗击抑郁': '语句未聚焦低落情绪的恢复。', '心碎疗愈': '无情感伤害或关系修复内容。', '自我关怀': '无直接关于滋养自我的表达。', '减压放松': '未体现压力释放或当下放松意图。', '感恩练习': '不涉及感恩或资源觉察内容。', '爱我的身体': '无身体相关的觉察或积极接纳表达。', '爱自己': '未明确传达无条件自我认同。', '自尊心': '未强调自身价值体系的稳固。', '积极心态': '未强调乐观思维或积极感知。', '愉悦心情': '不涉及日常愉悦感知。', '焕发生命力': '未关注唤醒内在活力或潜能。', '点燃动力': '不涉及突破行动瓶颈或意志召唤。', '拥抱女性身份': '无女性身份相关内容。', '女性力量': '未涉及抗争/主权意识建构。', '亲密关系': '语句未指向关系修复或信任建设。', '人际交往': '未关注社交掌控感或边界维护。', '爱家人': '未提及家庭成员或家庭关系。', '原谅': '无关于宽恕他人或自我原谅的内容。', '事业成功': '无职业发展或成就目标导向。', '追梦无悔': '未体现追梦或不懈努力情境。', '勇气': '未强调面对挑战时的勇气召唤。'}}",,,,,,"['正在恋爱', '快乐地单身着', '单身但准备好了开始新的恋情']",不放'最近刚分手'和'处在一段艰难的亲密关系中'的理由是，这句话强调的是个人价值和自我肯定，而'最近刚分手'和'处在一段艰难的亲密关系中'更侧重于情感失落和关系矛盾，与这句话的语义不完全匹配。不放'有点辛苦的暗恋'的理由是，这句话没有涉及人际交往和勇气，而是强调个人的价值和自我肯定。,"['很好', '一般']",['自己'],自我肯定语表达了一种自信和自我价值感，适合推送给情感状态为'很好'和'一般'的用户。'开心'和'糟糕'的情感倾向与该自我肯定语不太匹配，因此没有选择。,,,,,,
4397,我会像爱自己一样爱其他人。,"['亲密关系', '人际交往', '自我关怀']","{'未选合集及理由': {'个人成长': '语句未涉及个人发展或学习进步。', '自信': '未强调自我信任或能力肯定。', '艰难时刻': '语句不涉及自我安抚或情绪困境的接纳。', '平静内心': '不符合寻找心理宁静的需求。', '抗击抑郁': '语句未聚焦低落情绪的恢复。', '心碎疗愈': '无情感伤害或关系修复内容。', '感恩练习': '不涉及感恩或资源觉察内容。', '爱我的身体': '无身体相关的觉察或积极接纳表达。', '爱自己': '未明确传达无条件自我认同。', '自尊心': '未强调自身价值体系的稳固。', '我很好': '不涉及自我状态的简单确认。', '积极心态': '未强调乐观思维或积极感知。', '愉悦心情': '不涉及日常愉悦感知。', '焕发生命力': '未关注唤醒内在活力或潜能。', '点燃动力': '不涉及突破行动瓶颈或意志召唤。', '拥抱女性身份': '无女性身份相关内容。', '女性力量': '未涉及抗争/主权意识建构。', '爱家人': '未提及家庭成员或家庭关系。', '原谅': '无关于宽恕他人或自我原谅的内容。', '事业成功': '无职业发展或成就目标导向。', '擦拭信念': '未涉及信念重塑或理想追求。', '追梦无悔': '未体现追梦或不懈努力情境。', '勇气': '未强调面对挑战时的勇气召唤。'}}",,,,,,"['正在恋爱', '单身但准备好了开始新的恋情']",不放'最近刚分手'是因为这个自我肯定语是关于如何爱别人，而不是处理分手的情感；不放'处在一段艰难的亲密关系中'是因为这个自我肯定语强调的是平等的爱，而不是解决关系中的矛盾；不放'快乐地单身着'是因为这个自我肯定语关注的是如何爱别人，而不是享受单身；不放'有点辛苦的暗恋'是因为这个自我肯定语强调的是平等的爱，而不是暗恋中的单方面情感。,"['很好', '开心']",['自己'],自我肯定语'我会像爱自己一样爱其他人'表达了一种积极的自我关怀和对他人的关爱，适合推送给情感状态为'开心'和'很好'的用户。这句话没有涉及家庭、朋友、工作、健康、感情或学业等外部因素，而是强调自我肯定和对他人的爱，所以选择了'自己'作为相关因素。,,,,,,
4398,我的存在自有意义。,"['擦拭信念', '我很好', '自信']","{'未选合集及理由': {'个人成长': '语句未强调学习和进步，而是关于存在的意义。', '艰难时刻': '语句不涉及自我安抚或情绪困境的接纳。', '平静内心': '不符合寻找心理宁静的需求。', '抗击抑郁': '语句未聚焦低落情绪的恢复。', '心碎疗愈': '无情感伤害或关系修复内容。', '自我关怀': '无直接关于滋养自我的表达。', '减压放松': '未体现压力释放或当下放松意图。', '感恩练习': '不涉及感恩或资源觉察内容。', '爱我的身体': '无身体相关的觉察或积极接纳表达。', '爱自己': '未明确传达无条件自我认同。', '自尊心': '未强调自身价值体系的稳固。', '积极心态': '未强调乐观思维或积极感知。', '愉悦心情': '不涉及日常愉悦感知。', '焕发生命力': '未关注唤醒内在活力或潜能。', '点燃动力': '不涉及突破行动瓶颈或意志召唤。', '拥抱女性身份': '无女性身份相关内容。', '女性力量': '未涉及抗争/主权意识建构。', '亲密关系': '语句未指向关系修复或信任建设。', '人际交往': '未关注社交掌控感或边界维护。', '爱家人': '未提及家庭成员或家庭关系。', '原谅': '无关于宽恕他人或自我原谅的内容。', '事业成功': '无职业发展或成就目标导向。', '追梦无悔': '未体现追梦或不懈努力情境。', '勇气': '未强调面对挑战时的勇气召唤。'}}",,,,,,"['正在恋爱', '处在一段艰难的亲密关系中', '快乐地单身着', '单身但准备好了开始新的恋情', '有点辛苦的暗恋']",最近刚分手的用户可能需要更多关于疗愈和释怀的自我肯定语，而这句话强调的是个人存在的意义，可能对刚经历分手的用户来说，并不是最直接相关或最需要的自我肯定语。,"['一般', '很好']",['自己'],该自我肯定语表达了自信和自我价值，适合推送给情感状态为'一般'和'很好'的用户。句子中没有涉及家庭、朋友、工作、健康、感情和学业等外部因素，因此只选择了'自己'标签。,,,,,,
4399,没有无法承受的痛苦，只有我暂时无法理解的祝福。,"['平静内心', '抗击抑郁', '我很好']","{'未选合集及理由': {'个人成长': '语句未涉及个人发展或学习进步。', '自信': '虽然语句传达了一种内在的力量，但未明确强调自我信任或能力。', '艰难时刻': '语句不涉及面对困难或挑战时的坚韧和希望。', '心碎疗愈': '无情感伤害或关系修复内容。', '自我关怀': '未直接涉及自我滋养或自我照顾。', '减压放松': '未体现压力释放或当下放松意图。', '感恩练习': '不涉及感恩或资源觉察内容。', '爱我的身体': '无身体相关的觉察或积极接纳表达。', '爱自己': '未明确传达无条件自我认同。', '自尊心': '未强调自身价值体系的稳固。', '积极心态': '未强调乐观思维或积极感知。', '愉悦心情': '不涉及日常愉悦感知。', '焕发生命力': '未关注唤醒内在活力或潜能。', '点燃动力': '不涉及突破行动瓶颈或意志召唤。', '拥抱女性身份': '无女性身份相关内容。', '女性力量': '未涉及抗争/主权意识建构。', '亲密关系': '语句未指向关系修复或信任建设。', '人际交往': '未关注社交掌控感或边界维护。', '爱家人': '未提及家庭成员或家庭关系。', '原谅': '无关于宽恕他人或自我原谅的内容。', '事业成功': '无职业发展或成就目标导向。', '擦拭信念': '未涉及信念重塑或理想追求。', '追梦无悔': '未体现追梦或不懈努力情境。', '勇气': '未强调面对挑战时的勇气召唤。'}}",,,,,,"['最近刚分手', '处在一段艰难的亲密关系中']",这句话强调了对痛苦的积极解读，适合正在经历情感挑战的用户。'正在恋爱'和'快乐地单身着'的用户通常处于比较积极的情感状态，不太需要这种对痛苦的积极解读。'单身但准备好了开始新的恋情'的用户虽然单身，但他们对新恋情持开放态度，更多关注未来而非过去的痛苦。'有点辛苦的暗恋'的用户虽然经历情感挑战，但这句话没有直接提及勇气或主动，可能不是最佳选择。,"['不好', '糟糕']",['自己'],自我肯定语中提到的'没有无法承受的痛苦，只有我暂时无法理解的祝福'表达了一种面对困难时的积极态度和自我鼓励，适合推送给感到'不好'和'糟糕'的用户，帮助他们调整心态，看到困境中的积极面。该句子主要强调个人的内心感受和自我认知，所以选择了'自己'作为相关因素。'开心'和'很好'的标签不适用，因为句子中并没有明显的积极情绪或满足感；'家庭'、'朋友'、'工作'、'健康'、'感情'和'学业'的标签也不适用，因为句子中没有提及这些具体的外部因素。,,,,,,
4400,我不将就。,"['自尊心', '自信', '个人成长', '积极心态']","{'未选合集及理由': {'艰难时刻': '语句不涉及自我安抚或情绪困境的接纳。', '平静内心': '不符合寻找心理宁静的需求。', '抗击抑郁': '语句未聚焦低落情绪的恢复。', '心碎疗愈': '无情感伤害或关系修复内容。', '自我关怀': '无直接关于滋养自我的表达。', '减压放松': '未体现压力释放或当下放松意图。', '感恩练习': '不涉及感恩或资源觉察内容。', '爱我的身体': '无身体相关的觉察或积极接纳表达。', '爱自己': '未明确传达无条件自我认同。', '我很好': '不涉及自我状态的简单确认。', '愉悦心情': '不涉及日常愉悦感知。', '焕发生命力': '未关注唤醒内在活力或潜能。', '点燃动力': '不涉及突破行动瓶颈或意志召唤。', '拥抱女性身份': '无女性身份相关内容。', '女性力量': '未涉及抗争/主权意识建构。', '亲密关系': '语句未指向关系修复或信任建设。', '人际交往': '未关注社交掌控感或边界维护。', '爱家人': '未提及家庭成员或家庭关系。', '原谅': '无关于宽恕他人或自我原谅的内容。', '事业成功': '无职业发展或成就目标导向。', '擦拭信念': '未涉及信念重塑或理想追求。', '追梦无悔': '未体现追梦或不懈努力情境。', '勇气': '虽然语句传达了坚定的态度，但未明确涉及面对挑战时的勇气召唤。'}}",,,,,,"['快乐地单身着', '单身但准备好了开始新的恋情']",不放'正在恋爱'是因为该自我肯定语强调不将就，而处于恋爱中的人可能已经做出了选择，不符合语境；不放'最近刚分手'是因为该自我肯定语更多体现对未来的期待，而刚分手的人可能更多需要疗愈和释怀；不放'处在一段艰难的亲密关系中'是因为该自我肯定语强调不将就，而处于艰难关系中的人可能更多需要解决矛盾和困惑；不放'有点辛苦的暗恋'是因为该自我肯定语强调不将就，而暗恋中的人可能更多需要勇气和主动。,"['一般', '不好']",['自己'],该自我肯定语表达了一种不妥协、不将就的态度，适合那些对自己有要求、不满足于现状的用户。它更倾向于【一般】和【不好】的情感状态，因为这些用户可能正面临挑战或不满，需要自我激励和肯定。【开心】和【很好】的用户可能已经比较满意现状，不太需要这种自我肯定。【糟糕】的情感状态过于消极，可能需要更多的安慰和支持，而不是自我肯定。该句子主要强调个人态度和自我要求，与【家庭】、【朋友】、【工作】等因素关系不大，因此选择【自己】作为相关因素。,,,,,,
4401,这个世界有专属于我的位置。,"['自信', '个人成长', '我很好']","{'未选合集及理由': {'艰难时刻': '语句不涉及自我安抚或情绪困境的接纳。', '平静内心': '不符合寻找心理宁静的需求。', '抗击抑郁': '语句未聚焦低落情绪的恢复。', '心碎疗愈': '无情感伤害或关系修复内容。', '自我关怀': '无直接关于滋养自我的表达。', '减压放松': '未体现压力释放或当下放松意图。', '感恩练习': '不涉及感恩或资源觉察内容。', '爱我的身体': '无身体相关的觉察或积极接纳表达。', '爱自己': '未明确传达无条件自我认同。', '自尊心': '未强调自身价值体系的稳固。', '积极心态': '虽然语句具有积极意味，但更侧重于自我肯定和价值认知。', '愉悦心情': '不涉及日常愉悦感知。', '焕发生命力': '未关注唤醒内在活力或潜能。', '点燃动力': '不涉及突破行动瓶颈或意志召唤。', '拥抱女性身份': '无女性身份相关内容。', '女性力量': '未涉及抗争/主权意识建构。', '亲密关系': '语句未指向关系修复或信任建设。', '人际交往': '未关注社交掌控感或边界维护。', '爱家人': '未提及家庭成员或家庭关系。', '原谅': '无关于宽恕他人或自我原谅的内容。', '事业成功': '无职业发展或成就目标导向。', '擦拭信念': '未涉及信念重塑或理想追求。', '追梦无悔': '未体现追梦或不懈努力情境。', '勇气': '虽然语句隐含勇气，但更侧重于自我肯定和价值认知。'}}",,,,,,"['正在恋爱', '快乐地单身着', '单身但准备好了开始新的恋情']",不放'最近刚分手'和'处在一段艰难的亲密关系中'的原因是，这句话强调的是个人价值和自信，而这两个状态更多涉及情感失落和关系矛盾，与这句话的积极自我肯定不太匹配。不放'有点辛苦的暗恋'的原因是，这句话虽然表达了自信，但并没有直接涉及人际交往和勇气，与暗恋状态的特定需求不太相关。,"['很好', '开心']",['自己'],这句话表达了自信和个人价值，适合开心和很好的情感状态。句子中没有提及家庭、朋友、工作、健康、感情和学业，所以这些标签都不适用。,,,,,,
4402,不必遗憾，我的人生从今天开始。,"['积极心态', '个人成长', '我很好']","{'未选合集及理由': {'自信': '虽然句子有积极的含义，但并未强调自我信任或能力自信。', '艰难时刻': '语句未涉及面对挑战或困难时的坚韧和希望。', '平静内心': '未体现寻找心理宁静或情绪管理的需求。', '抗击抑郁': '句子未聚焦于对抗负面情绪或重建自我价值感。', '心碎疗愈': '无情感伤害或关系修复内容。', '自我关怀': '未直接关于滋养自我或自我爱护的表达。', '减压放松': '未体现压力释放或当下放松意图。', '感恩练习': '不涉及感恩或资源觉察内容。', '爱我的身体': '无身体相关的觉察或积极接纳表达。', '爱自己': '未明确传达无条件自我认同。', '自尊心': '未强调自身价值体系的稳固。', '愉悦心情': '不涉及日常愉悦感知。', '焕发生命力': '未关注唤醒内在活力或潜能。', '点燃动力': '不涉及突破行动瓶颈或意志召唤。', '拥抱女性身份': '无女性身份相关内容。', '女性力量': '未涉及抗争/主权意识建构。', '亲密关系': '语句未指向关系修复或信任建设。', '人际交往': '未关注社交掌控感或边界维护。', '爱家人': '未提及家庭成员或家庭关系。', '原谅': '无关于宽恕他人或自我原谅的内容。', '事业成功': '无职业发展或成就目标导向。', '擦拭信念': '未涉及信念重塑或理想追求。', '追梦无悔': '未体现追梦或不懈努力情境。', '勇气': '未强调面对挑战时的勇气召唤。'}}",,,,,,"['最近刚分手', '单身但准备好了开始新的恋情', '快乐地单身着']",不放'正在恋爱'和'处在一段艰难的亲密关系中'的理由：自我肯定语'不必遗憾，我的人生从今天开始'表达了对过去的放下和对未来的积极期待，更符合刚结束一段关系、单身但准备好开始新恋情或享受单身状态的用户。而正在恋爱和处在艰难关系中的人可能更多关注当前关系的维持和发展，与该自我肯定语的情境不太匹配。不放'有点辛苦的暗恋'的理由：该自我肯定语强调对过去的放下和新开始，而辛苦暗恋的人可能更关注如何争取和改变现状，与该自我肯定语的情境不完全契合。,"['不好', '一般']",['自己'],该自我肯定语表达了一种积极向上的态度，鼓励用户从今天开始新的人生，因此更倾向于【开心】和【很好】。但由于句子中没有明确提及家庭、朋友、工作、健康、感情或学业等具体因素，所以只选择了【自己】作为相关因素。,,,,,,
4403,我争取我应得的权利。,"['自信', '勇气']","{'未选合集及理由': {'艰难时刻': '语句不涉及自我安抚或情绪困境的接纳。', '平静内心': '不符合寻找心理宁静的需求。', '抗击抑郁': '语句未聚焦低落情绪的恢复。', '心碎疗愈': '无情感伤害或关系修复内容。', '自我关怀': '无直接关于滋养自我的表达。', '减压放松': '未体现压力释放或当下放松意图。', '感恩练习': '不涉及感恩或资源觉察内容。', '爱我的身体': '无身体相关的觉察或积极接纳表达。', '爱自己': '未明确传达无条件自我认同。', '自尊心': '未强调自身价值体系的稳固。', '我很好': '不涉及自我状态的简单确认。', '积极心态': '未强调乐观思维或积极感知。', '愉悦心情': '不涉及日常愉悦感知。', '焕发生命力': '未关注唤醒内在活力或潜能。', '点燃动力': '不涉及突破行动瓶颈或意志召唤。', '拥抱女性身份': '无女性身份相关内容。', '女性力量': '未涉及抗争/主权意识建构。', '亲密关系': '语句未指向关系修复或信任建设。', '人际交往': '未关注社交掌控感或边界维护。', '爱家人': '未提及家庭成员或家庭关系。', '原谅': '无关于宽恕他人或自我原谅的内容。', '事业成功': '无职业发展或成就目标导向。', '擦拭信念': '未涉及信念重塑或理想追求。', '追梦无悔': '未体现追梦或不懈努力情境。'}}",,,,,,"['正在恋爱', '处在一段艰难的亲密关系中', '快乐地单身着', '单身但准备好了开始新的恋情']",不放'最近刚分手'和'有点辛苦的暗恋'的理由：这句话强调了争取自己的权利，对于刚分手的人来说，可能更多需要的是疗愈和释怀，而不是争取权利；对于辛苦的暗恋者来说，这句话可能不太适用，因为他们可能需要更多关于勇气和人际交往的自我肯定语。,"['一般', '不好']",['自己'],该自我肯定语表达了争取权利的决心，体现了自信和力量感，适合一般和不好的情感状态。句子没有明确涉及开心、很好、糟糕等情感状态，也没有提及家庭、朋友、工作、健康、感情、学业等具体因素，因此不放这些标签。,,,,,,
4404,我不辜负自己的期待。,"['自信', '自尊心', '个人成长', '积极心态']","{'未选合集及理由': {'艰难时刻': '语句不涉及自我安抚或情绪困境的接纳。', '平静内心': '不符合寻找心理宁静的需求。', '抗击抑郁': '语句未聚焦低落情绪的恢复。', '心碎疗愈': '无情感伤害或关系修复内容。', '自我关怀': '无直接关于滋养自我的表达。', '减压放松': '未体现压力释放或当下放松意图。', '感恩练习': '不涉及感恩或资源觉察内容。', '爱我的身体': '无身体相关的觉察或积极接纳表达。', '爱自己': '未明确传达无条件自我认同。', '我很好': '不涉及自我状态的简单确认。', '愉悦心情': '不涉及日常愉悦感知。', '焕发生命力': '未关注唤醒内在活力或潜能。', '点燃动力': '不涉及突破行动瓶颈或意志召唤。', '拥抱女性身份': '无女性身份相关内容。', '女性力量': '未涉及抗争/主权意识建构。', '亲密关系': '语句未指向关系修复或信任建设。', '人际交往': '未关注社交掌控感或边界维护。', '爱家人': '未提及家庭成员或家庭关系。', '原谅': '无关于宽恕他人或自我原谅的内容。', '事业成功': '无职业发展或成就目标导向。', '擦拭信念': '未涉及信念重塑或理想追求。', '追梦无悔': '未体现追梦或不懈努力情境。', '勇气': '未强调面对挑战时的勇气召唤。'}}",,,,,,"['正在恋爱', '快乐地单身着', '单身但准备好了开始新的恋情']",这句话强调了自我肯定和自我期待，适合于正在恋爱中的人，因为他们需要对自己的期待和关系负责；也适合于快乐地单身着的人，因为他们在享受单身的同时，也在期待和准备着下一段恋情；同样适合于单身但准备好了开始新的恋情的人，因为他们在自我肯定中展现出对新恋情的期待和准备。这句话没有涉及到处在一段艰难的亲密关系中和有点辛苦的暗恋的情况，因为这些情况下的人可能更多地需要处理关系中的问题和矛盾，而不是强调自我期待。,"['很好', '开心']",['自己'],这句话表达了自信和自我肯定，适合开心和很好的情感状态。句子中没有提到家庭、朋友、工作、健康、感情和学业等因素，所以只选择了'自己'标签。,,,,,,
4405,我不自责。,"['抗击抑郁', '自我关怀', '爱自己', '我很好']","{'未选合集及理由': {'艰难时刻': '语句不涉及自我安抚或情绪困境的接纳。', '平静内心': '不符合寻找心理宁静的需求。', '心碎疗愈': '无情感伤害或关系修复内容。', '减压放松': '未体现压力释放或当下放松意图。', '感恩练习': '不涉及感恩或资源觉察内容。', '爱我的身体': '无身体相关的觉察或积极接纳表达。', '自尊心': '未强调自身价值体系的稳固。', '积极心态': '未强调乐观思维或积极感知。', '愉悦心情': '不涉及日常愉悦感知。', '焕发生命力': '未关注唤醒内在活力或潜能。', '点燃动力': '不涉及突破行动瓶颈或意志召唤。', '拥抱女性身份': '无女性身份相关内容。', '女性力量': '未涉及抗争/主权意识建构。', '亲密关系': '语句未指向关系修复或信任建设。', '人际交往': '未关注社交掌控感或边界维护。', '爱家人': '未提及家庭成员或家庭关系。', '原谅': '无关于宽恕他人或自我原谅的内容。', '事业成功': '无职业发展或成就目标导向。', '擦拭信念': '未涉及信念重塑或理想追求。', '追梦无悔': '未体现追梦或不懈努力情境。', '勇气': '未强调面对挑战时的勇气召唤。'}}",,,,,,"['处在一段艰难的亲密关系中', '最近刚分手', '有点辛苦的暗恋']",自我肯定语“我不自责”适合处在一段艰难的亲密关系中、最近刚分手和有点辛苦的暗恋的用户。对于正在恋爱和快乐地单身着的用户，他们的感情状态相对积极，不太可能需要这种自我肯定来应对自责情绪。对于单身但准备好了开始新的恋情的用户，他们对新恋情抱有期待，也不太需要这种自我肯定。,"['不好', '糟糕']",['自己'],不放'开心'和'很好'的理由是这句话'我不自责'表达了一种自我肯定，通常是在情绪低落时用来提升自我价值感的；不放'一般'的理由是这句话有较强的情感倾向，不适用于中性情绪状态；不放'家庭'、'朋友'、'工作'、'健康'、'感情'和'学业'的理由是因为句子中没有明确提及这些因素。,,,,,,
4406,没有人能真正伤害我。,"['自信', '勇气']","{'未选合集及理由': {'艰难时刻': '语句不涉及自我安抚或情绪困境的接纳。', '平静内心': '不符合寻找心理宁静的需求。', '抗击抑郁': '语句未聚焦低落情绪的恢复。', '心碎疗愈': '无情感伤害或关系修复内容。', '自我关怀': '无直接关于滋养自我的表达。', '减压放松': '未体现压力释放或当下放松意图。', '感恩练习': '不涉及感恩或资源觉察内容。', '爱我的身体': '无身体相关的觉察或积极接纳表达。', '爱自己': '未明确传达无条件自我认同。', '自尊心': '未强调自身价值体系的稳固。', '我很好': '不涉及自我状态的简单确认。', '积极心态': '未强调乐观思维或积极感知。', '愉悦心情': '不涉及日常愉悦感知。', '焕发生命力': '未关注唤醒内在活力或潜能。', '点燃动力': '不涉及突破行动瓶颈或意志召唤。', '拥抱女性身份': '无女性身份相关内容。', '女性力量': '未涉及抗争/主权意识建构。', '亲密关系': '语句未指向关系修复或信任建设。', '人际交往': '未关注社交掌控感或边界维护。', '爱家人': '未提及家庭成员或家庭关系。', '原谅': '无关于宽恕他人或自我原谅的内容。', '事业成功': '无职业发展或成就目标导向。', '擦拭信念': '未涉及信念重塑或理想追求。', '追梦无悔': '未体现追梦或不懈努力情境。'}}",,,,,,"['正在恋爱', '处在一段艰难的亲密关系中', '最近刚分手', '有点辛苦的暗恋']",这句话强调了自我价值和自我保护，适合正在恋爱中需要保持自我价值感的用户，适合处在一段艰难的亲密关系中需要提升自信和自我保护意识的用户，适合最近刚分手需要疗愈和自我肯定的用户，适合有点辛苦的暗恋需要勇气和自我肯定的用户。而快乐地单身着和单身但准备好了开始新的恋情的用户，更多强调享受单身和对新恋情的期待，与这句话的语境不太匹配。,"['一般', '不好', '糟糕']",['自己'],自我肯定语'没有人能真正伤害我'表达了一种自我保护和自信的态度，适合推送给情感状态为一般、不好和糟糕的用户。这句话强调了个人的力量和韧性，可以帮助这些用户增强自信和自我价值感。开心和很好的用户可能已经具备这种积极的心态，所以不是最佳选择。句子中没有提到家庭、朋友、工作、健康、感情或学业等具体因素，所以只选择了'自己'作为相关因素。,,,,,,
4407,我不被定义。,"['自信', '自尊心', '个人成长', '擦拭信念']","{'未选合集及理由': {'艰难时刻': '语句不涉及自我安抚或情绪困境的接纳。', '平静内心': '不符合寻找心理宁静的需求。', '抗击抑郁': '语句未聚焦低落情绪的恢复。', '心碎疗愈': '无情感伤害或关系修复内容。', '自我关怀': '无直接关于滋养自我的表达。', '减压放松': '未体现压力释放或当下放松意图。', '感恩练习': '不涉及感恩或资源觉察内容。', '爱我的身体': '无身体相关的觉察或积极接纳表达。', '爱自己': '未明确传达无条件自我认同。', '我很好': '不涉及自我状态的简单确认。', '积极心态': '未强调乐观思维或积极感知。', '愉悦心情': '不涉及日常愉悦感知。', '焕发生命力': '未关注唤醒内在活力或潜能。', '点燃动力': '不涉及突破行动瓶颈或意志召唤。', '拥抱女性身份': '无女性身份相关内容。', '女性力量': '未涉及抗争/主权意识建构。', '亲密关系': '语句未指向关系修复或信任建设。', '人际交往': '未关注社交掌控感或边界维护。', '爱家人': '未提及家庭成员或家庭关系。', '原谅': '无关于宽恕他人或自我原谅的内容。', '事业成功': '无职业发展或成就目标导向。', '追梦无悔': '未体现追梦或不懈努力情境。', '勇气': '未强调面对挑战时的勇气召唤。'}}",,,,,,"['快乐地单身着', '单身但准备好了开始新的恋情']",自我肯定语“我不被定义”强调个体的独立性和不受限制，适合快乐地单身着的用户，因为他们享受独处和自我成长。同时，也适合单身但准备好了开始新的恋情的用户，因为他们可能在寻找新的关系中寻求自我认同和独立性。这句话对于正在恋爱、最近刚分手、处在一段艰难的亲密关系中和有点辛苦的暗恋的用户来说，可能不太适用，因为这些状态更多涉及亲密关系和情感依赖，而“我不被定义”更强调个体独立性。,['一般'],['自己'],这句话表达了一种自我肯定的态度，强调个体的独立性和不受他人定义的重要性。它适合于情感状态为'一般'的用户，因为它传递了一种中性的自信和自我认同感。这句话没有明显的积极或消极情绪，所以不适合'开心'、'很好'、'不好'和'糟糕'的情感状态。同时，这句话主要关注的是个体自身，而不是外部因素如家庭、朋友、工作等，所以选择了'自己'作为相关因素。,,,,,,
4408,我尊重所有声音，但我只成为自己。,"['自尊心', '自信', '人际交往']","{'未选合集及理由': {'艰难时刻': '语句不涉及自我安抚或情绪困境的接纳。', '平静内心': '不符合寻找心理宁静的需求。', '抗击抑郁': '语句未聚焦低落情绪的恢复。', '心碎疗愈': '无情感伤害或关系修复内容。', '自我关怀': '无直接关于滋养自我的表达。', '减压放松': '未体现压力释放或当下放松意图。', '感恩练习': '不涉及感恩或资源觉察内容。', '爱我的身体': '无身体相关的觉察或积极接纳表达。', '爱自己': '未明确传达无条件自我认同。', '我很好': '不涉及自我状态的简单确认。', '积极心态': '未强调乐观思维或积极感知。', '愉悦心情': '不涉及日常愉悦感知。', '焕发生命力': '未关注唤醒内在活力或潜能。', '点燃动力': '不涉及突破行动瓶颈或意志召唤。', '拥抱女性身份': '无女性身份相关内容。', '女性力量': '未涉及抗争/主权意识建构。', '亲密关系': '语句未指向关系修复或信任建设。', '爱家人': '未提及家庭成员或家庭关系。', '原谅': '无关于宽恕他人或自我原谅的内容。', '事业成功': '无职业发展或成就目标导向。', '擦拭信念': '未涉及信念重塑或理想追求。', '追梦无悔': '未体现追梦或不懈努力情境。', '勇气': '虽然语句有坚定自我的意味，但更侧重于自我尊重和自信，与直接的勇气表达不完全吻合。'}}",,,,,,"['正在恋爱', '快乐地单身着', '单身但准备好了开始新的恋情']",不放'最近刚分手'和'处在一段艰难的亲密关系中'的理由是，这句话强调的是个人独立性和自我尊重，而这两个状态更多涉及情感上的失落和关系中的矛盾。不放'有点辛苦的暗恋'的理由是，这句话没有直接涉及人际交往或勇气，而是更侧重于自我认知和独立性。,"['一般', '很好']",['自己'],该自我肯定语表达了尊重他人但坚持自我的态度，适合情感状态为一般和很好的用户。句子没有涉及家庭、朋友、工作、健康、感情和学业等外部因素，而是强调自我认知和自我肯定，因此选择'自己'作为相关因素。,,,,,,
4409,我不让世俗淹没生活的浪漫与热情。,"['积极心态', '愉悦心情', '焕发生命力', '勇气']","{'未选合集及理由': {'个人成长': '语句未聚焦于个人发展或学习进步。', '自信': '虽然句子中有积极态度，但未明确强调自我信任或能力。', '艰难时刻': '语句不涉及自我安抚或情绪困境的接纳。', '平静内心': '不符合寻找心理宁静的需求。', '抗击抑郁': '语句未聚焦低落情绪的恢复。', '心碎疗愈': '无情感伤害或关系修复内容。', '自我关怀': '无直接关于滋养自我的表达。', '减压放松': '未体现压力释放或当下放松意图。', '感恩练习': '不涉及感恩或资源觉察内容。', '爱我的身体': '无身体相关的觉察或积极接纳表达。', '爱自己': '未明确传达无条件自我认同。', '自尊心': '未强调自身价值体系的稳固。', '我很好': '不涉及自我状态的简单确认。', '愉悦心情': '虽然句子有积极情绪，但更强调生活态度和内在活力。', '点燃动力': '不涉及突破行动瓶颈或意志召唤。', '拥抱女性身份': '无女性身份相关内容。', '女性力量': '未涉及抗争/主权意识建构。', '亲密关系': '语句未指向关系修复或信任建设。', '人际交往': '未关注社交掌控感或边界维护。', '爱家人': '未提及家庭成员或家庭关系。', '原谅': '无关于宽恕他人或自我原谅的内容。', '事业成功': '无职业发展或成就目标导向。', '擦拭信念': '未涉及信念重塑或理想追求。', '追梦无悔': '未体现追梦或不懈努力情境。'}}",,,,,,"['正在恋爱', '快乐地单身着', '单身但准备好了开始新的恋情']",不放'最近刚分手'和'处在一段艰难的亲密关系中'的理由是，这句话强调的是个人对生活的热情和浪漫，而不是对过去关系的反思或当前关系的挣扎。不放'有点辛苦的暗恋'的理由是，这句话没有直接涉及到人际交往或勇气，而是更侧重于个人的生活态度和情感状态。,"['一般', '很好']",['自己'],该自我肯定语表达了对生活的浪漫与热情的坚持，具有积极的情感倾向，适合推送给'一般'和'很好'情感状态的用户。句子中没有明确涉及家庭、朋友、工作、健康、感情、学业等外部因素，而是强调自我态度和内在动力，因此选择'自己'作为相关因素。,,,,,,
4410,我要在最快乐的年纪活得精彩且迷人。,"['愉悦心情', '积极心态']","{'未选合集及理由': {'个人成长': '句子未涉及个人发展或学习进步的内容。', '自信': '虽然句子表达了积极态度，但未强调自我信任或能力肯定。', '艰难时刻': '语句不涉及自我安抚或情绪困境的接纳。', '平静内心': '不符合寻找心理宁静的需求。', '抗击抑郁': '语句未聚焦低落情绪的恢复。', '心碎疗愈': '无情感伤害或关系修复内容。', '自我关怀': '无直接关于滋养自我的表达。', '减压放松': '未体现压力释放或当下放松意图。', '感恩练习': '不涉及感恩或资源觉察内容。', '爱我的身体': '无身体相关的觉察或积极接纳表达。', '爱自己': '未明确传达无条件自我认同。', '自尊心': '未强调自身价值体系的稳固。', '我很好': '不涉及自我状态的简单确认。', '焕发生命力': '未关注唤醒内在活力或潜能。', '点燃动力': '不涉及突破行动瓶颈或意志召唤。', '拥抱女性身份': '无女性身份相关内容。', '女性力量': '未涉及抗争/主权意识建构。', '亲密关系': '语句未指向关系修复或信任建设。', '人际交往': '未关注社交掌控感或边界维护。', '爱家人': '未提及家庭成员或家庭关系。', '原谅': '无关于宽恕他人或自我原谅的内容。', '事业成功': '无职业发展或成就目标导向。', '擦拭信念': '未涉及信念重塑或理想追求。', '追梦无悔': '未体现追梦或不懈努力情境。', '勇气': '未强调面对挑战时的勇气召唤。'}}",,,,,,"['正在恋爱', '快乐地单身着', '单身但准备好了开始新的恋情']",不放'最近刚分手'的理由是这句话强调活在当下的快乐和精彩，而'最近刚分手'的用户可能更关注情感疗愈和释怀。不放'处在一段艰难的亲密关系中'的理由是这句话表达的是一种积极乐观的生活态度，而'处在一段艰难的亲密关系中'的用户可能更关注解决关系中的问题和矛盾。不放'有点辛苦的暗恋'的理由是这句话强调的是自我价值和精彩生活，而'有点辛苦的暗恋'的用户可能更关注情感的表达和勇气。,"['开心', '很好']",['自己'],该自我肯定语表达了积极的情绪和自信，适合推送给情感状态为'开心'和'很好'的用户。句子中没有提及家庭、朋友、工作、健康、感情或学业相关的内容，因此只选择了'自己'作为相关因素。,,,,,,
4411,我光荣地受伤，也勇敢地痊愈自己。,"['勇气', '自信', '个人成长']","{'未选合集及理由': {'艰难时刻': '语句不涉及自我安抚或情绪困境的接纳。', '平静内心': '不符合寻找心理宁静的需求。', '抗击抑郁': '语句未聚焦低落情绪的恢复。', '心碎疗愈': '无情感伤害或关系修复内容。', '自我关怀': '无直接关于滋养自我的表达。', '减压放松': '未体现压力释放或当下放松意图。', '感恩练习': '不涉及感恩或资源觉察内容。', '爱我的身体': '无身体相关的觉察或积极接纳表达。', '爱自己': '未明确传达无条件自我认同。', '自尊心': '未强调自身价值体系的稳固。', '我很好': '不涉及自我状态的简单确认。', '积极心态': '未强调乐观思维或积极感知。', '愉悦心情': '不涉及日常愉悦感知。', '焕发生命力': '未关注唤醒内在活力或潜能。', '点燃动力': '不涉及突破行动瓶颈或意志召唤。', '拥抱女性身份': '无女性身份相关内容。', '女性力量': '未涉及抗争/主权意识建构。', '亲密关系': '语句未指向关系修复或信任建设。', '人际交往': '未关注社交掌控感或边界维护。', '爱家人': '未提及家庭成员或家庭关系。', '原谅': '无关于宽恕他人或自我原谅的内容。', '事业成功': '无职业发展或成就目标导向。', '擦拭信念': '未涉及信念重塑或理想追求。', '追梦无悔': '未体现追梦或不懈努力情境。'}}",,,,,,"['最近刚分手', '处在一段艰难的亲密关系中', '有点辛苦的暗恋']",不放'正在恋爱'的理由是这句话强调了受伤和自我痊愈，与正在恋爱的积极情感不符；不放'快乐地单身着'的理由是这句话更侧重于受伤后的自我疗愈，而快乐地单身着强调的是享受独处和独立自主，没有受伤和疗愈的语境；不放'单身但准备好了开始新的恋情'的理由是这句话虽然有自我疗愈的成分，但更强调的是勇敢面对伤痛，与准备好开始新恋情的积极心态不完全匹配。,"['不好', '糟糕']","['健康', '自己']",该自我肯定语中提到了'受伤'和'痊愈'，这与'健康'和'自己'相关，因为涉及到个人的身体状态和自我恢复。没有选择'家庭'、'朋友'、'工作'、'感情'和'学业'是因为句子中没有明确提及这些因素。,,,,,,
4412,那些让我痛苦至极的事，总有一天我会笑着说出来。,"['艰难时刻', '勇气']","{'未选合集及理由': {'平静内心': '语句未涉及寻找心理宁静的需求。', '抗击抑郁': '语句未聚焦低落情绪的恢复。', '心碎疗愈': '无情感伤害或关系修复内容。', '自我关怀': '无直接关于滋养自我的表达。', '减压放松': '未体现压力释放或当下放松意图。', '感恩练习': '不涉及感恩或资源觉察内容。', '爱我的身体': '无身体相关的觉察或积极接纳表达。', '爱自己': '未明确传达无条件自我认同。', '自尊心': '未强调自身价值体系的稳固。', '我很好': '不涉及自我状态的简单确认。', '积极心态': '未强调乐观思维或积极感知。', '愉悦心情': '不涉及日常愉悦感知。', '焕发生命力': '未关注唤醒内在活力或潜能。', '点燃动力': '不涉及突破行动瓶颈或意志召唤。', '拥抱女性身份': '无女性身份相关内容。', '女性力量': '未涉及抗争/主权意识建构。', '亲密关系': '语句未指向关系修复或信任建设。', '人际交往': '未关注社交掌控感或边界维护。', '爱家人': '未提及家庭成员或家庭关系。', '原谅': '无关于宽恕他人或自我原谅的内容。', '个人成长': '语句未强调学习和进步。', '事业成功': '无职业发展或成就目标导向。', '擦拭信念': '未涉及信念重塑或理想追求。', '追梦无悔': '未体现追梦或不懈努力情境。'}}",,,,,,"['最近刚分手', '处在一段艰难的亲密关系中']",这句话适合最近刚分手和处在一段艰难的亲密关系中的人，因为它表达了从痛苦中走出、最终能够笑着说出往事的情感转变。而这句话不太适合正在恋爱的人，因为他们目前的感情状态是积极的；也不适合快乐地单身着和单身但准备好了开始新的恋情的人，因为他们目前的状态是享受单身或期待新恋情，没有经历过痛苦至极的事；对于有点辛苦的暗恋的人，这句话更多是关于从痛苦中走出，而不是关于暗恋的主动和勇气。,"['不好', '糟糕']",['自己'],该自我肯定语表达了经历痛苦后能够笑着说出来的转变，适合推送给情感状态为【不好】和【糟糕】的用户，因为他们可能正经历着需要安慰和情绪调节的阶段。句子中没有明确提及家庭、朋友、工作、健康、感情、学业等因素，因此选择与自我感受相关的【自己】标签。,,,,,,
4413,重要的不是我来自何处，而是我去往何方。,"['个人成长', '追梦无悔', '积极心态', '自信']","{'未选合集及理由': {'艰难时刻': '语句不涉及自我安抚或情绪困境的接纳。', '平静内心': '不符合寻找心理宁静的需求。', '抗击抑郁': '语句未聚焦低落情绪的恢复。', '心碎疗愈': '无情感伤害或关系修复内容。', '自我关怀': '无直接关于滋养自我的表达。', '减压放松': '未体现压力释放或当下放松意图。', '感恩练习': '不涉及感恩或资源觉察内容。', '爱我的身体': '无身体相关的觉察或积极接纳表达。', '爱自己': '未明确传达无条件自我认同。', '自尊心': '未强调自身价值体系的稳固。', '我很好': '不涉及自我状态的简单确认。', '愉悦心情': '不涉及日常愉悦感知。', '焕发生命力': '未关注唤醒内在活力或潜能。', '点燃动力': '不涉及突破行动瓶颈或意志召唤。', '拥抱女性身份': '无女性身份相关内容。', '女性力量': '未涉及抗争/主权意识建构。', '亲密关系': '语句未指向关系修复或信任建设。', '人际交往': '未关注社交掌控感或边界维护。', '爱家人': '未提及家庭成员或家庭关系。', '原谅': '无关于宽恕他人或自我原谅的内容。', '事业成功': '无职业发展或成就目标导向。', '擦拭信念': '未涉及信念重塑或理想追求。', '勇气': '虽然句子有积极向上的意味，但未明确强调面对挑战时的勇气召唤。'}}",,,,,,"['正在恋爱', '单身但准备好了开始新的恋情', '快乐地单身着']",不放'最近刚分手'和'处在一段艰难的亲密关系中'的理由是，这句话强调的是个人未来的方向和选择，而不是当前的关系状态或情感困扰。不放'有点辛苦的暗恋'的理由是，这句话没有直接涉及人际交往或勇气，而是关于个人未来方向的自我肯定。,"['一般', '很好']",['自己'],该自我肯定语强调个人的方向和目标，与个人成长和自我认知相关，因此适合一般和很好的情感状态。句子中没有提及家庭、朋友、工作、健康、感情或学业等具体因素，所以选择'自己'作为相关因素。,,,,,,
4414,爱与被爱是我人生的成就。,"['亲密关系', '追梦无悔']","{'未选合集及理由': {'艰难时刻': '语句不涉及自我安抚或情绪困境的接纳。', '平静内心': '不符合寻找心理宁静的需求。', '抗击抑郁': '语句未聚焦低落情绪的恢复。', '心碎疗愈': '无情感伤害或关系修复内容。', '自我关怀': '无直接关于滋养自我的表达。', '减压放松': '未体现压力释放或当下放松意图。', '感恩练习': '不涉及感恩或资源觉察内容。', '爱我的身体': '无身体相关的觉察或积极接纳表达。', '爱自己': '未明确传达无条件自我认同。', '自尊心': '未强调自身价值体系的稳固。', '我很好': '不涉及自我状态的简单确认。', '积极心态': '未强调乐观思维或积极感知。', '愉悦心情': '不涉及日常愉悦感知。', '焕发生命力': '未关注唤醒内在活力或潜能。', '点燃动力': '不涉及突破行动瓶颈或意志召唤。', '拥抱女性身份': '无女性身份相关内容。', '女性力量': '未涉及抗争/主权意识建构。', '人际交往': '未关注社交掌控感或边界维护。', '爱家人': '未提及家庭成员或家庭关系。', '原谅': '无关于宽恕他人或自我原谅的内容。', '事业成功': '无职业发展或成就目标导向。', '擦拭信念': '未涉及信念重塑或理想追求。', '个人成长': '虽然涉及成长，但更侧重于爱情成就，与个人成长合集的焦点不完全吻合。', '自信': '虽然涉及自信，但更侧重于爱情领域的自信，与自信合集的广泛性不完全匹配。', '勇气': '未强调面对挑战时的勇气召唤。'}}",,,,,,"['正在恋爱', '单身但准备好了开始新的恋情']",不放'最近刚分手'是因为这句话强调的是爱与被爱是成就，而刚分手的人可能正经历情感失落，不一定能感受到这一点。不放'处在一段艰难的亲密关系中'是因为这句话强调的是爱与被爱的成就，而处在艰难关系中的人可能正经历矛盾和挣扎，不一定能体会到这一点。不放'快乐地单身着'是因为这句话强调的是爱与被爱，而快乐单身的人可能更注重自我成长和独立，不一定追求爱情。不放'有点辛苦的暗恋'是因为这句话强调的是爱与被爱的成就，而辛苦暗恋的人可能正经历单方面的付出和不确定性，不一定能体会到这一点。,"['开心', '很好']",['感情'],该自我肯定语表达了爱与被爱是人生的成就，具有积极的情感倾向，适合推送给感到开心和很好的用户。句子中没有提及家庭、朋友、工作、健康、学业和自己的因素，因此只选择感情标签。,,,,,,
4415,时间会治愈一切。,"['平静内心', '抗击抑郁', '自我关怀', '我很好']","{'未选合集及理由': {'艰难时刻': '语句不涉及自我安抚或情绪困境的接纳。', '心碎疗愈': '无情感伤害或关系修复内容。', '减压放松': '未体现压力释放或当下放松意图。', '感恩练习': '不涉及感恩或资源觉察内容。', '爱我的身体': '无身体相关的觉察或积极接纳表达。', '爱自己': '未明确传达无条件自我认同。', '自尊心': '未强调自身价值体系的稳固。', '积极心态': '未强调乐观思维或积极感知。', '愉悦心情': '不涉及日常愉悦感知。', '焕发生命力': '未关注唤醒内在活力或潜能。', '点燃动力': '不涉及突破行动瓶颈或意志召唤。', '拥抱女性身份': '无女性身份相关内容。', '女性力量': '未涉及抗争/主权意识建构。', '亲密关系': '语句未指向关系修复或信任建设。', '人际交往': '未关注社交掌控感或边界维护。', '爱家人': '未提及家庭成员或家庭关系。', '原谅': '无关于宽恕他人或自我原谅的内容。', '事业成功': '无职业发展或成就目标导向。', '擦拭信念': '未涉及信念重塑或理想追求。', '追梦无悔': '未体现追梦或不懈努力情境。', '勇气': '未强调面对挑战时的勇气召唤。'}}",,,,,,"['最近刚分手', '处在一段艰难的亲密关系中']",自我肯定语'时间会治愈一切'适合最近刚分手和处在一段艰难的亲密关系中的人，因为这些情况都涉及到情感上的伤痛和需要疗愈。而正在恋爱的人情感状态良好，快乐地单身着和单身但准备好了开始新的恋情的人对现状比较满意，不需要疗愈，所以不适合。有点辛苦的暗恋的人需要的是勇气和鼓励，而不是疗愈，所以也不适合。,"['不好', '糟糕']",['自己'],该自我肯定语'时间会治愈一切'具有治愈性质，适合推送给情感状态为'不好'和'糟糕'的用户，因为它们可能正经历需要安慰和情绪调节的阶段。句子没有明确提及家庭、朋友、工作、健康、感情、学业等具体因素，因此选择'自己'作为相关因素。,,,,,,
4416,今晚我会关灯好好睡一觉。,"['自我关怀', '减压放松', '平静内心']","{'未选合集及理由': {'艰难时刻': '语句不涉及自我安抚或情绪困境的接纳。', '抗击抑郁': '语句未聚焦低落情绪的恢复。', '心碎疗愈': '无情感伤害或关系修复内容。', '感恩练习': '不涉及感恩或资源觉察内容。', '爱我的身体': '无身体相关的觉察或积极接纳表达。', '爱自己': '未明确传达无条件自我认同。', '自尊心': '未强调自身价值体系的稳固。', '我很好': '不涉及自我状态的简单确认。', '积极心态': '未强调乐观思维或积极感知。', '愉悦心情': '不涉及日常愉悦感知。', '焕发生命力': '未关注唤醒内在活力或潜能。', '点燃动力': '不涉及突破行动瓶颈或意志召唤。', '拥抱女性身份': '无女性身份相关内容。', '女性力量': '未涉及抗争/主权意识建构。', '亲密关系': '语句未指向关系修复或信任建设。', '人际交往': '未关注社交掌控感或边界维护。', '爱家人': '未提及家庭成员或家庭关系。', '原谅': '无关于宽恕他人或自我原谅的内容。', '事业成功': '无职业发展或成就目标导向。', '擦拭信念': '未涉及信念重塑或理想追求。', '追梦无悔': '未体现追梦或不懈努力情境。', '勇气': '未强调面对挑战时的勇气召唤。'}}",,,,,,"['正在恋爱', '快乐地单身着', '单身但准备好了开始新的恋情']",不放'最近刚分手'和'处在一段艰难的亲密关系中'的理由是，这句话主要强调的是个人休息和自我照顾，与情感关系状态的直接关联性不大。不放'有点辛苦的暗恋'的理由是，这句话更多关注于个人休息和自我照顾，而'有点辛苦的暗恋'更侧重于情感的主动和人际交往。,"['不好', '一般']","['健康', '自己']",该自我肯定语表达了想要好好休息的愿望，这可能暗示了用户当前感到疲劳或压力，因此适合【不好】和【一般】的情感状态。句子中没有提及家庭、朋友、工作、感情或学业，因此这些标签不适用。,,,,,,
4417,漫漫长夜总有天明。,"['艰难时刻', '积极心态']","{'未选合集及理由': {'平静内心': '语句未涉及心理宁静或情绪管理。', '抗击抑郁': '未聚焦于低落情绪的恢复。', '心碎疗愈': '无情感伤害或关系修复内容。', '自我关怀': '未体现自我滋养或自我照顾。', '减压放松': '未体现压力释放或当下放松意图。', '感恩练习': '不涉及感恩或资源觉察内容。', '爱我的身体': '无身体相关的觉察或积极接纳表达。', '爱自己': '未明确传达无条件自我认同。', '自尊心': '未强调自身价值体系的稳固。', '我很好': '不涉及自我状态的简单确认。', '愉悦心情': '不涉及日常愉悦感知。', '焕发生命力': '未关注唤醒内在活力或潜能。', '点燃动力': '不涉及突破行动瓶颈或意志召唤。', '拥抱女性身份': '无女性身份相关内容。', '女性力量': '未涉及抗争/主权意识建构。', '亲密关系': '语句未指向关系修复或信任建设。', '人际交往': '未关注社交掌控感或边界维护。', '爱家人': '未提及家庭成员或家庭关系。', '原谅': '无关于宽恕他人或自我原谅的内容。', '事业成功': '无职业发展或成就目标导向。', '擦拭信念': '未涉及信念重塑或理想追求。', '追梦无悔': '未体现追梦或不懈努力情境。', '勇气': '未强调面对挑战时的勇气召唤。'}}",,,,,,"['最近刚分手', '处在一段艰难的亲密关系中', '有点辛苦的暗恋']",自我肯定语“漫漫长夜总有天明”表达了一种从困境中看到希望和光明的情感，适合正在经历感情挫折或困难的用户。因此，适合“最近刚分手”、“处在一段艰难的亲密关系中”和“有点辛苦的暗恋”的用户。而“正在恋爱”和“快乐地单身着”的用户当前感情状态相对积极，不太需要这种自我肯定；“单身但准备好了开始新的恋情”的用户虽然单身，但对未来充满期待，也不太需要这种自我肯定。,"['不好', '糟糕']",['自己'],该自我肯定语'漫漫长夜总有天明'表达了一种从困境中看到希望的情感倾向，适合推送给情感状态为'不好'和'糟糕'的用户，因为这些用户可能正经历一些困难或低谷时期，需要鼓励和希望。句子中没有明确提到家庭、朋友、工作、健康、感情或学业等因素，所以选择'自己'作为相关因素，表示这种情感状态可能与个人的内心体验和自我感受有关。,,,,,,
4418,我是真真正正一步一步长大的，我是无数个我中唯一幸存的我。,"['个人成长', '自信', '我很好']","{'未选合集及理由': {'艰难时刻': '语句不涉及自我安抚或情绪困境的接纳。', '平静内心': '不符合寻找心理宁静的需求。', '抗击抑郁': '语句未聚焦低落情绪的恢复。', '心碎疗愈': '无情感伤害或关系修复内容。', '自我关怀': '无直接关于滋养自我的表达。', '减压放松': '未体现压力释放或当下放松意图。', '感恩练习': '不涉及感恩或资源觉察内容。', '爱我的身体': '无身体相关的觉察或积极接纳表达。', '爱自己': '未明确传达无条件自我认同。', '自尊心': '未强调自身价值体系的稳固。', '积极心态': '未强调乐观思维或积极感知。', '愉悦心情': '不涉及日常愉悦感知。', '焕发生命力': '未关注唤醒内在活力或潜能。', '点燃动力': '不涉及突破行动瓶颈或意志召唤。', '拥抱女性身份': '无女性身份相关内容。', '女性力量': '未涉及抗争/主权意识建构。', '亲密关系': '语句未指向关系修复或信任建设。', '人际交往': '未关注社交掌控感或边界维护。', '爱家人': '未提及家庭成员或家庭关系。', '原谅': '无关于宽恕他人或自我原谅的内容。', '事业成功': '无职业发展或成就目标导向。', '擦拭信念': '未涉及信念重塑或理想追求。', '追梦无悔': '未体现追梦或不懈努力情境。', '勇气': '未强调面对挑战时的勇气召唤。'}}",,,,,,"['快乐地单身着', '单身但准备好了开始新的恋情']",不放'正在恋爱'的理由是该自我肯定语强调的是个人成长和自我认同，与正在恋爱中的情感状态关联不大。不放'最近刚分手'的理由是该自我肯定语没有涉及情感失落或疗愈的主题。不放'处在一段艰难的亲密关系中'的理由是该自我肯定语没有涉及关系中的矛盾或挣扎。不放'有点辛苦的暗恋'的理由是该自我肯定语没有涉及人际交往或勇气的主题。,"['一般', '不好']",['自己'],该自我肯定语表达了个人成长和自我认同，与开心和很好情感状态的积极情绪不完全吻合，因此不放开心和很好标签。同时，句子中没有明确提及家庭、朋友、工作、健康、感情和学业相关因素，所以不放这些标签。,,,,,,
4419,我爱我缓慢向上的勇气。,"['自信', '勇气']","{'未选合集及理由': {'艰难时刻': '语句不涉及自我安抚或情绪困境的接纳。', '平静内心': '不符合寻找心理宁静的需求。', '抗击抑郁': '语句未聚焦低落情绪的恢复。', '心碎疗愈': '无情感伤害或关系修复内容。', '自我关怀': '无直接关于滋养自我的表达。', '减压放松': '未体现压力释放或当下放松意图。', '感恩练习': '不涉及感恩或资源觉察内容。', '爱我的身体': '无身体相关的觉察或积极接纳表达。', '爱自己': '未明确传达无条件自我认同。', '自尊心': '未强调自身价值体系的稳固。', '我很好': '不涉及自我状态的简单确认。', '积极心态': '未强调乐观思维或积极感知。', '愉悦心情': '不涉及日常愉悦感知。', '焕发生命力': '未关注唤醒内在活力或潜能。', '点燃动力': '不涉及突破行动瓶颈或意志召唤。', '拥抱女性身份': '无女性身份相关内容。', '女性力量': '未涉及抗争/主权意识建构。', '亲密关系': '语句未指向关系修复或信任建设。', '人际交往': '未关注社交掌控感或边界维护。', '爱家人': '未提及家庭成员或家庭关系。', '原谅': '无关于宽恕他人或自我原谅的内容。', '事业成功': '无职业发展或成就目标导向。', '擦拭信念': '未涉及信念重塑或理想追求。', '追梦无悔': '未体现追梦或不懈努力情境。'}}",,,,,,"['正在恋爱', '快乐地单身着', '单身但准备好了开始新的恋情']",不放'最近刚分手'和'处在一段艰难的亲密关系中'的原因是，这句话强调的是个人成长和自我肯定，与情感失落和关系中的矛盾不相关。不放'有点辛苦的暗恋'的原因是，这句话没有涉及人际交往和勇气，而是强调自我肯定和成长。,"['很好', '一般']",['自己'],该自我肯定语表达了对自身勇气的肯定和接纳，情感倾向较为积极，因此更适合【很好】和【一般】的情感状态。句子中没有明确涉及家庭、朋友、工作、健康、感情、学业等外部因素，所以只选择了与自我相关的标签。,,,,,,
4420,任意一个时刻都可以是我新的出发点。,"['个人成长', '点燃动力', '积极心态']","{'未选合集及理由': {'艰难时刻': '语句不涉及自我安抚或情绪困境的接纳。', '平静内心': '不符合寻找心理宁静的需求。', '抗击抑郁': '语句未聚焦低落情绪的恢复。', '心碎疗愈': '无情感伤害或关系修复内容。', '自我关怀': '无直接关于滋养自我的表达。', '减压放松': '未体现压力释放或当下放松意图。', '感恩练习': '不涉及感恩或资源觉察内容。', '爱我的身体': '无身体相关的觉察或积极接纳表达。', '爱自己': '未明确传达无条件自我认同。', '自尊心': '未强调自身价值体系的稳固。', '我很好': '不涉及自我状态的简单确认。', '愉悦心情': '不涉及日常愉悦感知。', '焕发生命力': '未关注唤醒内在活力或潜能。', '拥抱女性身份': '无女性身份相关内容。', '女性力量': '未涉及抗争/主权意识建构。', '亲密关系': '语句未指向关系修复或信任建设。', '人际交往': '未关注社交掌控感或边界维护。', '爱家人': '未提及家庭成员或家庭关系。', '原谅': '无关于宽恕他人或自我原谅的内容。', '事业成功': '无职业发展或成就目标导向。', '擦拭信念': '未涉及信念重塑或理想追求。', '追梦无悔': '未体现追梦或不懈努力情境。', '勇气': '未强调面对挑战时的勇气召唤。'}}",,,,,,"['正在恋爱', '最近刚分手', '处在一段艰难的亲密关系中', '快乐地单身着', '单身但准备好了开始新的恋情']",该自我肯定语具有普遍性，适用于多种感情状态。'任意一个时刻都可以是我新的出发点'表达了积极的态度和改变的可能性，适合正在恋爱的人寻求新的开始，适合刚分手的人走出过去，适合处在艰难关系中的人寻求改变，适合单身者追求新生活，也适合准备好开始新恋情的人。没有不适合的感情状况，因此不放'有点辛苦的暗恋'标签。,"['很好', '一般']",['自己'],该自我肯定语表达了积极向上的态度，鼓励用户在任何时刻都可以作为新的出发点，因此更倾向于【很好】和【一般】的情感状态。句子中没有提及家庭、朋友、工作、健康、感情、学业等具体因素，而是强调自我肯定和自我激励，因此只选择了【自己】作为相关因素。,,,,,,
4421,就算结果不如意，我也赞赏努力的过程。,"['个人成长', '积极心态', '自信']","{'未选合集及理由': {'艰难时刻': '语句不涉及自我安抚或情绪困境的接纳。', '平静内心': '不符合寻找心理宁静的需求。', '抗击抑郁': '语句未聚焦低落情绪的恢复。', '心碎疗愈': '无情感伤害或关系修复内容。', '自我关怀': '无直接关于滋养自我的表达。', '减压放松': '未体现压力释放或当下放松意图。', '感恩练习': '不涉及感恩或资源觉察内容。', '爱我的身体': '无身体相关的觉察或积极接纳表达。', '爱自己': '未明确传达无条件自我认同。', '自尊心': '未强调自身价值体系的稳固。', '我很好': '不涉及自我状态的简单确认。', '愉悦心情': '不涉及日常愉悦感知。', '焕发生命力': '未关注唤醒内在活力或潜能。', '点燃动力': '不涉及突破行动瓶颈或意志召唤。', '拥抱女性身份': '无女性身份相关内容。', '女性力量': '未涉及抗争/主权意识建构。', '亲密关系': '语句未指向关系修复或信任建设。', '人际交往': '未关注社交掌控感或边界维护。', '爱家人': '未提及家庭成员或家庭关系。', '原谅': '无关于宽恕他人或自我原谅的内容。', '事业成功': '无职业发展或成就目标导向。', '擦拭信念': '未涉及信念重塑或理想追求。', '追梦无悔': '未体现追梦或不懈努力情境。', '勇气': '未强调面对挑战时的勇气召唤。'}}",,,,,,"['正在恋爱', '最近刚分手', '处在一段艰难的亲密关系中', '快乐地单身着', '单身但准备好了开始新的恋情']",这句自我肯定语强调了对努力过程的赞赏，无论结果如何。这种积极的自我肯定适用于多种感情状况： 1. 正在恋爱：在亲密关系中，努力和付出是重要的，即使结果不如意，也值得赞赏。 2. 最近刚分手：分手后可能会有失落感，但这句自我肯定语鼓励人们赞赏自己过去的努力，有助于情感疗愈。 3. 处在一段艰难的亲密关系中：关系中的挣扎和努力值得赞赏，即使结果不如预期。 4. 快乐地单身着：单身时的自我成长和努力同样值得赞赏。 5. 单身但准备好了开始新的恋情：在准备开始新恋情的过程中，过去的努力和成长值得肯定。 这句自我肯定语没有明显不适合的感情状况，因此适用于以上所有标签。,"['不好', '一般']",['自己'],该自我肯定语表达了对努力过程的赞赏，即使结果不如意，适合推送给情感状态为'不好'和'一般'的用户，因为他们可能正面临一些挑战或不如意的情况。句子中没有明确涉及家庭、朋友、工作、健康、感情或学业等因素，因此选择'自己'作为相关因素。,,,,,,
4422,现在迈出的每一步都让我更加坚信未来。,"['个人成长', '积极心态', '自信', '追梦无悔']","{'未选合集及理由': {'艰难时刻': '语句不涉及自我安抚或情绪困境的接纳。', '平静内心': '不符合寻找心理宁静的需求。', '抗击抑郁': '语句未聚焦低落情绪的恢复。', '心碎疗愈': '无情感伤害或关系修复内容。', '自我关怀': '无直接关于滋养自我的表达。', '减压放松': '未体现压力释放或当下放松意图。', '感恩练习': '不涉及感恩或资源觉察内容。', '爱我的身体': '无身体相关的觉察或积极接纳表达。', '爱自己': '未明确传达无条件自我认同。', '自尊心': '未强调自身价值体系的稳固。', '我很好': '不涉及自我状态的简单确认。', '愉悦心情': '不涉及日常愉悦感知。', '焕发生命力': '未关注唤醒内在活力或潜能。', '点燃动力': '不涉及突破行动瓶颈或意志召唤。', '拥抱女性身份': '无女性身份相关内容。', '女性力量': '未涉及抗争/主权意识建构。', '亲密关系': '语句未指向关系修复或信任建设。', '人际交往': '未关注社交掌控感或边界维护。', '爱家人': '未提及家庭成员或家庭关系。', '原谅': '无关于宽恕他人或自我原谅的内容。', '事业成功': '无职业发展或成就目标导向。', '擦拭信念': '未涉及信念重塑或理想追求。', '勇气': '虽然语句中有坚定未来的信念，但未明确体现面对挑战时的勇气召唤。'}}",,,,,,"['正在恋爱', '单身但准备好了开始新的恋情', '快乐地单身着']",不放'最近刚分手'和'处在一段艰难的亲密关系中'的理由是，这句话表达的是对未来发展的信心和积极态度，而这两个状态更多涉及情感上的失落和挣扎。不放'有点辛苦的暗恋'的理由是，这句话更多关注个人成长和未来，而这个状态更多涉及对特定人的单方面情感和人际交往的挑战。,"['开心', '很好', '一般']",['自己'],该自我肯定语表达了对未来的积极信念和自信，因此适合推送给'开心'、'很好'和'一般'情感状态的用户。句子中没有提及家庭、朋友、工作、健康、感情或学业相关的内容，所以只选择了'自己'标签。,,,,,,
4423,我是世界的奢侈品。,"['自尊心', '自信', '我很好']","{'未选合集及理由': {'艰难时刻': '语句不涉及自我安抚或情绪困境的接纳。', '平静内心': '不符合寻找心理宁静的需求。', '抗击抑郁': '语句未聚焦低落情绪的恢复。', '心碎疗愈': '无情感伤害或关系修复内容。', '自我关怀': '无直接关于滋养自我的表达。', '减压放松': '未体现压力释放或当下放松意图。', '感恩练习': '不涉及感恩或资源觉察内容。', '爱我的身体': '无身体相关的觉察或积极接纳表达。', '爱自己': '未明确传达无条件自我认同。', '积极心态': '未强调乐观思维或积极感知。', '愉悦心情': '不涉及日常愉悦感知。', '焕发生命力': '未关注唤醒内在活力或潜能。', '点燃动力': '不涉及突破行动瓶颈或意志召唤。', '拥抱女性身份': '无女性身份相关内容。', '女性力量': '未涉及抗争/主权意识建构。', '亲密关系': '语句未指向关系修复或信任建设。', '人际交往': '未关注社交掌控感或边界维护。', '爱家人': '未提及家庭成员或家庭关系。', '原谅': '无关于宽恕他人或自我原谅的内容。', '事业成功': '无职业发展或成就目标导向。', '擦拭信念': '未涉及信念重塑或理想追求。', '追梦无悔': '未体现追梦或不懈努力情境。', '勇气': '虽然语句有自信的意味，但未明确涉及面对挑战时的勇气召唤。'}}",,,,,,"['快乐地单身着', '单身但准备好了开始新的恋情']",不放'正在恋爱'是因为这句话强调的是个人价值和独特性，与恋爱状态的亲密关系不太相关；不放'最近刚分手'是因为这句话没有涉及情感失落或疗愈，而是强调个人价值；不放'处在一段艰难的亲密关系中'是因为这句话没有涉及关系中的矛盾或挣扎；不放'有点辛苦的暗恋'是因为这句话没有涉及人际交往或勇气，而是强调个人价值。,"['很好', '开心']",['自己'],该自我肯定语'我是世界的奢侈品'表达了自信和力量感，适合推送给情感状态为'很好'和'开心'的用户。句子中没有涉及家庭、朋友、工作、健康、感情、学业等外部因素，而是强调了自我价值和自信，因此只选择了'自己'作为相关因素。,,,,,,
4424,我属于更加广阔的世界。,"['个人成长', '追梦无悔']","{'未选合集及理由': {'艰难时刻': '语句不涉及自我安抚或情绪困境的接纳。', '平静内心': '不符合寻找心理宁静的需求。', '抗击抑郁': '语句未聚焦低落情绪的恢复。', '心碎疗愈': '无情感伤害或关系修复内容。', '自我关怀': '无直接关于滋养自我的表达。', '减压放松': '未体现压力释放或当下放松意图。', '感恩练习': '不涉及感恩或资源觉察内容。', '爱我的身体': '无身体相关的觉察或积极接纳表达。', '爱自己': '未明确传达无条件自我认同。', '自尊心': '未强调自身价值体系的稳固。', '我很好': '不涉及自我状态的简单确认。', '积极心态': '虽然语句表达了积极态度，但更侧重于个人成长和追梦，与积极心态合集的乐观思维或积极感知不完全匹配。', '愉悦心情': '不涉及日常愉悦感知。', '焕发生命力': '未关注唤醒内在活力或潜能。', '点燃动力': '不涉及突破行动瓶颈或意志召唤。', '自信': '虽然语句表达了对广阔世界的归属感，但更侧重于个人成长和追梦，与自信合集的自我信任不完全匹配。', '拥抱女性身份': '无女性身份相关内容。', '女性力量': '未涉及抗争/主权意识建构。', '亲密关系': '语句未指向关系修复或信任建设。', '人际交往': '未关注社交掌控感或边界维护。', '爱家人': '未提及家庭成员或家庭关系。', '原谅': '无关于宽恕他人或自我原谅的内容。', '事业成功': '无职业发展或成就目标导向。', '擦拭信念': '未涉及信念重塑或理想追求。', '勇气': '虽然语句表达了对广阔世界的归属感，但更侧重于个人成长和追梦，与勇气合集的面对挑战时的勇气召唤不完全匹配。'}}",,,,,,"['快乐地单身着', '单身但准备好了开始新的恋情']",不放'正在恋爱'和'处在一段艰难的亲密关系中'的理由是，该自我肯定语强调个人属于更广阔的世界，暗示着超越当前关系或状态的个人成长和探索，与正在恋爱或处在艰难关系中的状态不太相关。不放'最近刚分手'的理由是，该自我肯定语更多强调个人成长和拓展视野，而不是刚分手时的情感疗愈。不放'有点辛苦的暗恋'的理由是，该自我肯定语没有直接涉及暗恋中的勇气或人际交往，而是更侧重于个人的世界观和自我定位。,"['很好', '开心']",['自己'],这句话表达了一种自信和归属感，适合推送给感觉开心和很好的用户。它没有涉及家庭、朋友、工作、健康、感情或学业等具体因素，所以只选择了'自己'标签。,,,,,,
4425,我值得被尊重。,"['自尊心', '人际交往', '自信']","{'未选合集及理由': {'个人成长': '语句未涉及个人发展或学习进步。', '艰难时刻': '语句不涉及自我安抚或情绪困境的接纳。', '平静内心': '不符合寻找心理宁静的需求。', '抗击抑郁': '语句未聚焦低落情绪的恢复。', '心碎疗愈': '无情感伤害或关系修复内容。', '自我关怀': '无直接关于滋养自我的表达。', '减压放松': '未体现压力释放或当下放松意图。', '感恩练习': '不涉及感恩或资源觉察内容。', '爱我的身体': '无身体相关的觉察或积极接纳表达。', '爱自己': '未明确传达无条件自我认同。', '我很好': '不涉及自我状态的简单确认。', '积极心态': '未强调乐观思维或积极感知。', '愉悦心情': '不涉及日常愉悦感知。', '焕发生命力': '未关注唤醒内在活力或潜能。', '点燃动力': '不涉及突破行动瓶颈或意志召唤。', '拥抱女性身份': '无女性身份相关内容。', '女性力量': '未涉及抗争/主权意识建构。', '亲密关系': '语句未指向关系修复或信任建设。', '爱家人': '未提及家庭成员或家庭关系。', '原谅': '无关于宽恕他人或自我原谅的内容。', '事业成功': '无职业发展或成就目标导向。', '擦拭信念': '未涉及信念重塑或理想追求。', '追梦无悔': '未体现追梦或不懈努力情境。'}}",,,,,,"['正在恋爱', '处在一段艰难的亲密关系中', '快乐地单身着', '单身但准备好了开始新的恋情', '有点辛苦的暗恋']",最近刚分手：虽然自我肯定对于刚分手的人来说很重要，但该句子更侧重于当前的自我价值和自尊，而不是疗愈或对过去关系的释怀，因此不选择。,"['很好', '一般']",['自己'],自我肯定语'我值得被尊重'表达了自信和自我价值感，适合推送给情感状态为'很好'和'一般'的用户。这句话没有涉及家庭、朋友、工作、健康、感情和学业等外部因素，而是强调个人的自尊和自我肯定，所以选择了'自己'作为相关因素。,,,,,,
4426,我选择快乐。,"['愉悦心情', '积极心态', '我很好']","{'未选合集及理由': {'个人成长': '语句未涉及个人发展或学习进步。', '自信': '虽然语句表达了积极情绪，但未强调自我信任或能力肯定。', '艰难时刻': '语句不涉及自我安抚或情绪困境的接纳。', '平静内心': '不符合寻找心理宁静的需求。', '抗击抑郁': '语句未聚焦低落情绪的恢复。', '心碎疗愈': '无情感伤害或关系修复内容。', '自我关怀': '无直接关于滋养自我的表达。', '减压放松': '未体现压力释放或当下放松意图。', '感恩练习': '不涉及感恩或资源觉察内容。', '爱我的身体': '无身体相关的觉察或积极接纳表达。', '爱自己': '未明确传达无条件自我认同。', '自尊心': '未强调自身价值体系的稳固。', '积极心态': '虽然语句表达了积极情绪，但更侧重于快乐选择，未强调乐观思维或积极感知。', '焕发生命力': '未关注唤醒内在活力或潜能。', '点燃动力': '不涉及突破行动瓶颈或意志召唤。', '拥抱女性身份': '无女性身份相关内容。', '女性力量': '未涉及抗争/主权意识建构。', '亲密关系': '语句未指向关系修复或信任建设。', '人际交往': '未关注社交掌控感或边界维护。', '爱家人': '未提及家庭成员或家庭关系。', '原谅': '无关于宽恕他人或自我原谅的内容。', '事业成功': '无职业发展或成就目标导向。', '擦拭信念': '未涉及信念重塑或理想追求。', '追梦无悔': '未体现追梦或不懈努力情境。', '勇气': '未强调面对挑战时的勇气召唤。'}}",,,,,,"['正在恋爱', '快乐地单身着', '单身但准备好了开始新的恋情']",不放'最近刚分手'和'处在一段艰难的亲密关系中'的理由是这些状态通常伴随着情感上的挑战和负面情绪，而'我选择快乐'更偏向于积极和自我肯定，更适合那些处于积极状态或寻求积极改变的人。不放'有点辛苦的暗恋'的理由是这句话没有涉及人际交往或勇气，而是关于个人选择快乐，与暗恋的情境不太相关。,"['开心', '很好']",['自己'],自我肯定语'我选择快乐'表达了积极向上的情绪，适合推送给'开心'和'很好'状态的用户。句子中没有提及家庭、朋友、工作、健康、感情、学业等外部因素，因此只选择'自己'作为相关因素。,,,,,,
4427,我会站出来维护自己。,"['自信', '人际交往']","{'未选合集及理由': {'艰难时刻': '语句不涉及自我安抚或情绪困境的接纳。', '平静内心': '不符合寻找心理宁静的需求。', '抗击抑郁': '语句未聚焦低落情绪的恢复。', '心碎疗愈': '无情感伤害或关系修复内容。', '自我关怀': '无直接关于滋养自我的表达。', '减压放松': '未体现压力释放或当下放松意图。', '感恩练习': '不涉及感恩或资源觉察内容。', '爱我的身体': '无身体相关的觉察或积极接纳表达。', '爱自己': '未明确传达无条件自我认同。', '自尊心': '未强调自身价值体系的稳固。', '我很好': '不涉及自我状态的简单确认。', '积极心态': '未强调乐观思维或积极感知。', '愉悦心情': '不涉及日常愉悦感知。', '焕发生命力': '未关注唤醒内在活力或潜能。', '点燃动力': '不涉及突破行动瓶颈或意志召唤。', '拥抱女性身份': '无女性身份相关内容。', '女性力量': '未涉及抗争/主权意识建构。', '亲密关系': '语句未指向关系修复或信任建设。', '爱家人': '未提及家庭成员或家庭关系。', '原谅': '无关于宽恕他人或自我原谅的内容。', '个人成长': '虽然句子体现了一定的自我肯定，但更侧重于维护自我权利和边界，与个人成长关系不大。', '事业成功': '无职业发展或成就目标导向。', '擦拭信念': '未涉及信念重塑或理想追求。', '追梦无悔': '未体现追梦或不懈努力情境。', '勇气': '虽然句子体现了勇气，但更侧重于维护自我权利，与直接面对挑战的勇气不同。'}}",,,,,,"['处在一段艰难的亲密关系中', '有点辛苦的暗恋']",不放'正在恋爱'的理由是该自我肯定语强调的是维护自己的权益，而不是甜蜜、稳定的亲密关系。不放'最近刚分手'的理由是该自我肯定语更多体现的是维护自己，而不是情感失落、疗愈。不放'快乐地单身着'的理由是该自我肯定语更多体现的是维护自己，而不是享受独处、自我成长。不放'单身但准备好了开始新的恋情'的理由是该自我肯定语更多体现的是维护自己，而不是对新恋情的期待和准备。,"['不好', '一般', '糟糕']",['自己'],该自我肯定语表达了维护自己的意愿，可能与个人自信和自我关怀相关，因此选择了'自己'。没有选择'家庭'、'朋友'、'工作'、'健康'、'感情'、'学业'，因为句子中没有明确提及这些因素。,,,,,,
4428,我不再苛求完美。,"['抗击抑郁', '自我关怀', '爱自己', '自尊心', '我很好']","{'未选合集及理由': {'艰难时刻': '语句不涉及自我安抚或情绪困境的接纳。', '平静内心': '不符合寻找心理宁静的需求。', '心碎疗愈': '无情感伤害或关系修复内容。', '减压放松': '未体现压力释放或当下放松意图。', '感恩练习': '不涉及感恩或资源觉察内容。', '爱我的身体': '无身体相关的觉察或积极接纳表达。', '积极心态': '未强调乐观思维或积极感知。', '愉悦心情': '不涉及日常愉悦感知。', '焕发生命力': '未关注唤醒内在活力或潜能。', '点燃动力': '不涉及突破行动瓶颈或意志召唤。', '拥抱女性身份': '无女性身份相关内容。', '女性力量': '未涉及抗争/主权意识建构。', '亲密关系': '语句未指向关系修复或信任建设。', '人际交往': '未关注社交掌控感或边界维护。', '爱家人': '未提及家庭成员或家庭关系。', '原谅': '无关于宽恕他人或自我原谅的内容。', '事业成功': '无职业发展或成就目标导向。', '擦拭信念': '未涉及信念重塑或理想追求。', '追梦无悔': '未体现追梦或不懈努力情境。', '勇气': '未强调面对挑战时的勇气召唤。'}}",,,,,,"['正在恋爱', '处在一段艰难的亲密关系中', '快乐地单身着', '单身但准备好了开始新的恋情']",不放'最近刚分手'和'有点辛苦的暗恋'的理由：'我不再苛求完美'这句话更多强调的是个人心态的调整和自我接纳，与刚结束一段感情或处于暗恋状态中的情感体验关联不大。,"['不好', '糟糕']",['自己'],自我肯定语'我不再苛求完美'反映了一种自我接纳和减少自我压力的态度，这通常与个人情感状态中的不好和糟糕相联系，因为它们可能源于对自我期望过高的压力。句子中没有提及家庭、朋友、工作、健康、感情或学业，因此这些标签不适用。,,,,,,
4429,我越来越有活力。,"['焕发生命力', '积极心态', '点燃动力']","{'未选合集及理由': {'个人成长': '虽然句子表达了活力增加，但更侧重于内在活力的激发，而非成长和学习。', '自信': '句子未强调自我信任或能力肯定，而是关注活力和生命力。', '艰难时刻': '语句不涉及自我安抚或情绪困境的接纳。', '平静内心': '不符合寻找心理宁静的需求。', '抗击抑郁': '语句未聚焦低落情绪的恢复。', '心碎疗愈': '无情感伤害或关系修复内容。', '自我关怀': '无直接关于滋养自我的表达。', '减压放松': '未体现压力释放或当下放松意图。', '感恩练习': '不涉及感恩或资源觉察内容。', '爱我的身体': '无身体相关的觉察或积极接纳表达。', '爱自己': '未明确传达无条件自我认同。', '自尊心': '未强调自身价值体系的稳固。', '我很好': '不涉及自我状态的简单确认。', '愉悦心情': '不涉及日常愉悦感知。', '拥抱女性身份': '无女性身份相关内容。', '女性力量': '未涉及抗争/主权意识建构。', '亲密关系': '语句未指向关系修复或信任建设。', '人际交往': '未关注社交掌控感或边界维护。', '爱家人': '未提及家庭成员或家庭关系。', '原谅': '无关于宽恕他人或自我原谅的内容。', '事业成功': '无职业发展或成就目标导向。', '擦拭信念': '未涉及信念重塑或理想追求。', '追梦无悔': '未体现追梦或不懈努力情境。', '勇气': '虽然句子表达了活力，但未强调面对挑战时的勇气召唤。'}}",,,,,,"['正在恋爱', '快乐地单身着', '单身但准备好了开始新的恋情']",不放'最近刚分手'和'处在一段艰难的亲密关系中'标签的理由：自我肯定语'我越来越有活力'表达了积极向上的个人状态，而'最近刚分手'和'处在一段艰难的亲密关系中'涉及情感失落和关系矛盾，与自我肯定语的积极语义不符。不放'有点辛苦的暗恋'标签的理由：该自我肯定语更多关注个人状态的提升，而'有点辛苦的暗恋'涉及对特定对象的情感，与自我肯定语的普适性不符。,"['开心', '很好']",['自己'],该自我肯定语表达了活力和积极情绪，适合推送给【开心】和【很好】状态的用户。句子中没有提到家庭、朋友、工作、健康、感情或学业相关的内容，所以只选择【自己】作为相关因素。,,,,,,
4430,我坦荡地称赞自己。,"['自信', '自尊心', '我很好']","{'未选合集及理由': {'艰难时刻': '语句不涉及自我安抚或情绪困境的接纳。', '平静内心': '不符合寻找心理宁静的需求。', '抗击抑郁': '语句未聚焦低落情绪的恢复。', '心碎疗愈': '无情感伤害或关系修复内容。', '自我关怀': '无直接关于滋养自我的表达。', '减压放松': '未体现压力释放或当下放松意图。', '感恩练习': '不涉及感恩或资源觉察内容。', '爱我的身体': '无身体相关的觉察或积极接纳表达。', '爱自己': '未明确传达无条件自我认同。', '积极心态': '未强调乐观思维或积极感知。', '愉悦心情': '不涉及日常愉悦感知。', '焕发生命力': '未关注唤醒内在活力或潜能。', '点燃动力': '不涉及突破行动瓶颈或意志召唤。', '拥抱女性身份': '无女性身份相关内容。', '女性力量': '未涉及抗争/主权意识建构。', '亲密关系': '语句未指向关系修复或信任建设。', '人际交往': '未关注社交掌控感或边界维护。', '爱家人': '未提及家庭成员或家庭关系。', '原谅': '无关于宽恕他人或自我原谅的内容。', '事业成功': '无职业发展或成就目标导向。', '擦拭信念': '未涉及信念重塑或理想追求。', '追梦无悔': '未体现追梦或不懈努力情境。'}}",,,,,,"['正在恋爱', '快乐地单身着', '单身但准备好了开始新的恋情']",不放'最近刚分手'和'处在一段艰难的亲密关系中'的理由是，这些感情状况可能涉及情感失落或关系矛盾，而自我肯定语强调的是自我肯定和积极态度，与这些情况不太匹配。不放'有点辛苦的暗恋'的理由是，该自我肯定语没有直接涉及人际交往或勇气，而是更侧重于自我肯定。,"['很好', '开心']",['自己'],该自我肯定语表达了自信和自我肯定，适合推送给感觉开心和很好的用户。句子中没有涉及家庭、朋友、工作、健康、感情和学业等因素，因此这些标签都不适用。,,,,,,
4431,我会变得稳固、充实、坚定。,"['个人成长', '自信', '积极心态']","{'未选合集及理由': {'艰难时刻': '语句不涉及自我安抚或情绪困境的接纳。', '平静内心': '不符合寻找心理宁静的需求。', '抗击抑郁': '语句未聚焦低落情绪的恢复。', '心碎疗愈': '无情感伤害或关系修复内容。', '自我关怀': '无直接关于滋养自我的表达。', '减压放松': '未体现压力释放或当下放松意图。', '感恩练习': '不涉及感恩或资源觉察内容。', '爱我的身体': '无身体相关的觉察或积极接纳表达。', '爱自己': '未明确传达无条件自我认同。', '自尊心': '未强调自身价值体系的稳固。', '我很好': '不涉及自我状态的简单确认。', '愉悦心情': '不涉及日常愉悦感知。', '焕发生命力': '未关注唤醒内在活力或潜能。', '点燃动力': '不涉及突破行动瓶颈或意志召唤。', '拥抱女性身份': '无女性身份相关内容。', '女性力量': '未涉及抗争/主权意识建构。', '亲密关系': '语句未指向关系修复或信任建设。', '人际交往': '未关注社交掌控感或边界维护。', '爱家人': '未提及家庭成员或家庭关系。', '原谅': '无关于宽恕他人或自我原谅的内容。', '事业成功': '无职业发展或成就目标导向。', '擦拭信念': '未涉及信念重塑或理想追求。', '追梦无悔': '未体现追梦或不懈努力情境。', '勇气': '未强调面对挑战时的勇气召唤。'}}",,,,,,"['正在恋爱', '处在一段艰难的亲密关系中', '快乐地单身着', '单身但准备好了开始新的恋情']",不放'最近刚分手'和'有点辛苦的暗恋'的理由：自我肯定语'我会变得稳固、充实、坚定'表达了个人成长和自我提升的愿望，与'最近刚分手'和'有点辛苦的暗恋'中的情感失落、疗愈、反思等语义不符。,"['很好', '一般']",['自己'],该自我肯定语表达了自信和力量感，适合开心和很好的情感状态。句子中没有提到家庭、朋友、工作、健康、感情和学业等外部因素，所以只选择了'自己'标签。,,,,,,
4432,我能一直朝前走。,"['积极心态', '自信', '追梦无悔']","{'未选合集及理由': {'个人成长': '虽然句子表达了一种向前的动力，但没有明确指向个人学习和进步的过程。', '艰难时刻': '语句未涉及在困境中寻找力量或鼓励自己走出低谷。', '平静内心': '未体现寻找心理宁静或缓解焦虑的需求。', '抗击抑郁': '未聚焦对抗负面情绪或重建自我价值感。', '心碎疗愈': '无情感伤害或关系修复内容。', '自我关怀': '未明确传达自我滋养或自我爱护的意图。', '减压放松': '未体现压力释放或当下放松意图。', '感恩练习': '不涉及感恩或资源觉察内容。', '爱我的身体': '无身体相关的觉察或积极接纳表达。', '爱自己': '未明确传达无条件自我认同。', '自尊心': '未强调自身价值体系的稳固。', '我很好': '不涉及自我状态的简单确认。', '愉悦心情': '不涉及日常愉悦感知。', '焕发生命力': '未关注唤醒内在活力或潜能。', '点燃动力': '不涉及突破行动瓶颈或意志召唤。', '拥抱女性身份': '无女性身份相关内容。', '女性力量': '未涉及抗争/主权意识建构。', '亲密关系': '语句未指向关系修复或信任建设。', '人际交往': '未关注社交掌控感或边界维护。', '爱家人': '未提及家庭成员或家庭关系。', '原谅': '无关于宽恕他人或自我原谅的内容。', '事业成功': '无职业发展或成就目标导向。', '擦拭信念': '未涉及信念重塑或理想追求。', '勇气': '虽然句子表达了一种向前的动力，但没有明确指向面对挑战时的勇气召唤。'}}",,,,,,"['正在恋爱', '处在一段艰难的亲密关系中', '快乐地单身着', '单身但准备好了开始新的恋情', '有点辛苦的暗恋']",最近刚分手的用户可能需要更多关于疗愈和情感失落的语句，而不是强调向前走，因此不放这个标签。,"['开心', '很好', '一般']",['自己'],自我肯定语'我能一直朝前走'表达了一种积极向上的态度，适合推送给情感状态为'开心'、'很好'和'一般'的用户。这句话没有涉及家庭、朋友、工作、健康、感情或学业等具体因素，因此只选择了'自己'作为相关因素。,,,,,,
4433,我平静地去爱，毫不含糊地去信任，不带自嘲地去希望，勇敢地付诸行动。,"['勇气', '亲密关系', '自信']","{'未选合集及理由': {'个人成长': '语句未聚焦于个人能力或知识的成长。', '艰难时刻': '语句不涉及自我安抚或情绪困境的接纳。', '平静内心': '语句未体现寻找心理宁静的需求。', '抗击抑郁': '语句未聚焦低落情绪的恢复。', '心碎疗愈': '无情感伤害或关系修复内容。', '自我关怀': '无直接关于滋养自我的表达。', '减压放松': '未体现压力释放或当下放松意图。', '感恩练习': '不涉及感恩或资源觉察内容。', '爱我的身体': '无身体相关的觉察或积极接纳表达。', '爱自己': '未明确传达无条件自我认同。', '自尊心': '未强调自身价值体系的稳固。', '我很好': '不涉及自我状态的简单确认。', '积极心态': '未强调乐观思维或积极感知。', '愉悦心情': '不涉及日常愉悦感知。', '焕发生命力': '未关注唤醒内在活力或潜能。', '点燃动力': '不涉及突破行动瓶颈或意志召唤。', '拥抱女性身份': '无女性身份相关内容。', '女性力量': '未涉及抗争/主权意识建构。', '人际交往': '未关注社交掌控感或边界维护。', '爱家人': '未提及家庭成员或家庭关系。', '原谅': '无关于宽恕他人或自我原谅的内容。', '事业成功': '无职业发展或成就目标导向。', '擦拭信念': '未涉及信念重塑或理想追求。', '追梦无悔': '未体现追梦或不懈努力情境。'}}",,,,,,"['正在恋爱', '单身但准备好了开始新的恋情']",不放'最近刚分手'的原因是这句话强调了积极地去爱和信任，而刚分手的人可能还在情感恢复期，不太适合这种积极的自我肯定。不放'处在一段艰难的亲密关系中'的原因是这句话强调了平静和勇敢，而处在艰难关系中的人可能正经历矛盾和挣扎，这种积极的自我肯定可能不太适用。不放'快乐地单身着'的原因是这句话强调了去爱和信任，而快乐单身的人可能更关注自我成长和独立，不太需要这种关于爱的自我肯定。不放'有点辛苦的暗恋'的原因是这句话强调了平静和勇敢地去爱，而辛苦暗恋的人可能正经历内心的挣扎和不安，这种积极的自我肯定可能不太适用。,"['很好', '一般']","['感情', '自己']",该自我肯定语表达了一种积极的情感态度，适合推送给情感状态为'很好'和'一般'的用户。句子中没有明显的家庭、朋友、工作、健康或学业相关的内容，因此这些标签不适用。,,,,,,
4434,任何事都不能动摇我的幸福。,"['积极心态', '自信', '我很好']","{'未选合集及理由': {'艰难时刻': '语句不涉及自我安抚或情绪困境的接纳。', '平静内心': '不符合寻找心理宁静的需求。', '抗击抑郁': '语句未聚焦低落情绪的恢复。', '心碎疗愈': '无情感伤害或关系修复内容。', '自我关怀': '无直接关于滋养自我的表达。', '减压放松': '未体现压力释放或当下放松意图。', '感恩练习': '不涉及感恩或资源觉察内容。', '爱我的身体': '无身体相关的觉察或积极接纳表达。', '爱自己': '未明确传达无条件自我认同。', '自尊心': '未强调自身价值体系的稳固。', '愉悦心情': '不涉及日常愉悦感知。', '焕发生命力': '未关注唤醒内在活力或潜能。', '点燃动力': '不涉及突破行动瓶颈或意志召唤。', '拥抱女性身份': '无女性身份相关内容。', '女性力量': '未涉及抗争/主权意识建构。', '亲密关系': '语句未指向关系修复或信任建设。', '人际交往': '未关注社交掌控感或边界维护。', '爱家人': '未提及家庭成员或家庭关系。', '原谅': '无关于宽恕他人或自我原谅的内容。', '事业成功': '无职业发展或成就目标导向。', '擦拭信念': '未涉及信念重塑或理想追求。', '追梦无悔': '未体现追梦或不懈努力情境。'}}",,,,,,"['正在恋爱', '快乐地单身着', '单身但准备好了开始新的恋情']",不放'最近刚分手'和'处在一段艰难的亲密关系中'的理由是，这两类用户可能正经历情感上的挑战和动摇，而这句话强调的是任何事都不能动摇个人的幸福，可能不太符合他们当前的情感状态。不放'有点辛苦的暗恋'的理由是，这句话更多强调的是个人内在的幸福感，而没有直接关联到暗恋中的人际交往和勇气问题。,"['很好', '开心']",['自己'],该自我肯定语表达了一种自信和力量感，适合推送给'开心'和'很好'状态的用户。句子中没有提到家庭、朋友、工作、健康、感情或学业相关的内容，因此只选择'自己'标签。,,,,,,
4435,会有人因为我是我而爱我。,"['亲密关系', '爱自己', '自信']","{'未选合集及理由': {'艰难时刻': '语句不涉及自我安抚或情绪困境的接纳。', '平静内心': '不符合寻找心理宁静的需求。', '抗击抑郁': '语句未聚焦低落情绪的恢复。', '心碎疗愈': '无情感伤害或关系修复内容。', '自我关怀': '无直接关于滋养自我的表达。', '减压放松': '未体现压力释放或当下放松意图。', '感恩练习': '不涉及感恩或资源觉察内容。', '爱我的身体': '无身体相关的觉察或积极接纳表达。', '自尊心': '未强调自身价值体系的稳固。', '我很好': '不涉及自我状态的简单确认。', '积极心态': '未强调乐观思维或积极感知。', '愉悦心情': '不涉及日常愉悦感知。', '焕发生命力': '未关注唤醒内在活力或潜能。', '点燃动力': '不涉及突破行动瓶颈或意志召唤。', '拥抱女性身份': '无女性身份相关内容。', '女性力量': '未涉及抗争/主权意识建构。', '人际交往': '未关注社交掌控感或边界维护。', '爱家人': '未提及家庭成员或家庭关系。', '原谅': '无关于宽恕他人或自我原谅的内容。', '事业成功': '无职业发展或成就目标导向。', '擦拭信念': '未涉及信念重塑或理想追求。', '追梦无悔': '未体现追梦或不懈努力情境。', '勇气': '未强调面对挑战时的勇气召唤。'}}",,,,,,"['正在恋爱', '单身但准备好了开始新的恋情']",这句话适合正在恋爱的人，因为它传达了一种积极的自我肯定，即伴侣爱的是真实的自己。同时，这句话也适合单身但准备好开始新恋情的人，因为它传达了一种自信和对未来伴侣的期待，即会有人因为真实的自己而爱上他们。这句话不适合最近刚分手的人，因为它可能触动他们对过去关系的失落感。处在一段艰难的亲密关系中的人可能需要更多关于改善关系的建议，而不是这种自我肯定。快乐地单身着的人可能更关注自我成长和独立，而不是寻找爱情。有点辛苦的暗恋的人可能更需要关于勇气和主动的建议，而不是这种自我肯定。,"['很好', '开心']",['自己'],这句话表达了一种自信和积极的情绪，适合推送给情感状态为开心和很好的用户。它强调了自我价值和被爱的重要性，与'自己'这个因素相关。,,,,,,
