序号,自我肯定语-V1,字数,负责人,标注,备注,,,,,,,,,,,,,,,,
1,我的价值绝大部分由我自身决定。,15,切尔西,,,,,,,,,,,,,,,,,,
2,我对自己的信任是成功的关键。,14,切尔西,,,,,,,,,,,,,,,,,,
3,我拥有超越困难的内在力量。,13,切尔西,,,,,,,,,,,,,,,,,,
4,我接受自己的不完美，依然自信满满。,17,切尔西,,,,,,,,,,,,,,,,,,
5,我的每一步都是自我肯定的证明。,15,切尔西,,,,,,,,,,,,,,,,,,
6,我勇敢地面对自己的感受。,12,切尔西,,,,,,,,,,,,,,,,,,
7,我诚实地表达自己的情感，这让我自由。,18,切尔西,,,,,,,,,,,,,,,,,,
8,我有能力释放内心的压抑，迎接新生活。,18,切尔西,,,,,,,,,,,,,,,,,,
9,我倾听内心的声音，勇敢地做出改变。,17,切尔西,,,,,,,,,,,,,,,,,,
10,我以真诚和勇气，打开心扉，拥抱世界。,18,切尔西,,,,,,,,,,,,,,,,,,
11,我有力量打破孤独的壁垒。,12,切尔西,,,,,,,,,,,,,,,,,,
12,勇敢地走出一步，我将重建我的社交圈。,18,切尔西,,,,,,,,,,,,,,,,,,
13,我能勇敢面对社交，因为我值得被了解。,18,切尔西,,,,,,,,,,,,,,,,,,
14,我的勇气照亮了我与他人连接的道路。,17,切尔西,,,,,,,,,,,,,,,,,,
15,我相信自己的勇敢，可以开启新的社交篇章。,20,切尔西,,,,,,,,,,,,,,,,,,
16,我在寻求真知中找到自我。,12,切尔西,,,,,,,,,,,,,,,,,,
17,我的探求之旅是我成长的财富。,14,切尔西,、,,,,,,,,,,,,,,,,,
18,每段经历都指引我接近真理。,13,切尔西,,英雄合集,,,,,,,,,,,,,,,,
19,我有能力理解并诠释我的经历。,14,切尔西,,,,,,,,,,,,,,,,,,
20,我坚持求真，这是我内心的指南针。,16,切尔西,,,,,,,,,,,,,,,,,,
21,我诚实面对内心，不以痛苦为荣。,15,切尔西,、,,,,,,,,,,,,,,,,,
22,我选择走出自怜，拥抱自我成长。,15,切尔西,,,,,,,,,,,,,,,,,,
23,我值得被爱，因此无需用痛苦证明。,16,切尔西,,,,,,,,,,,,,,,,,,
24,我诚实地选择幸福，而非沉溺于自义。,17,切尔西,,,,,,,,,,,,,,,,,,
25,我值得被善待，因此拒绝沉迷于痛苦。,17,切尔西,、,,,,,,,,,,,,,,,,,
26,我选择相信自己的能力，而不是标签,16,切尔西,,,,,,,,,,,,,,,,,,
27,每一天我都在战胜过去的自我,13,切尔西,,,,,,,,,,,,,,,,,,
28,我以行动证明我的价值，而非自怜,15,切尔西,,,,,,,,,,,,,,,,,,
29,我拥抱每次挑战，它们铸就我的自信,16,切尔西,、,,,,,,,,,,,,,,,,,
30,我放下失败者的标签，向前迈进，成就更好的自己,22,切尔西,,,,,,,,,,,,,,,,,,
31,我独立，因此我自由。,10,切尔西,,,,,,,,,,,,,,,,,,
32,我可以自我充实，不依赖他人。,14,切尔西,、,,,,,,,,,,,,,,,,,
33,我的内心世界丰富，独立是我的力量。,17,切尔西,、,,,,,,,,,,,,,,,,,
34,我有能力独立思考，不随波逐流。,15,切尔西,,,,,,,,,,,,,,,,,,
35,我享受独立带来的成长与自我肯定。,16,切尔西,,,,,,,,,,,,,,,,,,
36,我学会在关系中保持独立的自我。,15,切尔西,,,,,,,,,,,,,,,,,,
37,我认识到自爱是建立健康依赖的基础。,17,切尔西,、,,,,,,,,,,,,,,,,,
38,我能够给予他人支持，同时照顾好自己。,18,切尔西,,,,,,,,,,,,,,,,,,
39,我相信自己的价值，不依赖于他人的认可。,19,切尔西,,,,,,,,,,,,,,,,,,
40,我意识到平衡自我与他人是成长的重要一环。,20,切尔西,,,,,,,,,,,,,,,,,,
41,我感激过去，但更珍惜现在。,13,切尔西,,,,,,,,,,,,,,,,,,
42,我曾在爱中迷失，现在我选择自我成长。,18,切尔西,,,,,,,,,,,,,,,,,,
43,每段关系都是学习，我从中获得智慧。,17,切尔西,,,,,,,,,,,,,,,,,,
44,我释放旧爱，拥抱真实的自我。,14,切尔西,、,,,,,,,,,,,,,,,,,
45,我勇敢面对真相，走向更明亮的未来。,17,切尔西,,,,,,,,,,,,,,,,,,
46,我珍惜每段回忆，但我不美化过去。,16,切尔西,,,,,,,,,,,,,,,,,,
47,我明白真实是成长的基础，我选择勇敢面对现实。,22,切尔西,、,,,,,,,,,,,,,,,,,
48,我能够独立面对生活，不畏惧孤独。,16,切尔西,,,,,,,,,,,,,,,,,,
49,我接受不完美的自己，也接受不完美的世界。,20,切尔西,,,,,,,,,,,,,,,,,,
50,我理解关系的真相，愿意为真实付出努力。,19,切尔西,、,,,,,,,,,,,,,,,,,
51,我的内心始终拥抱希望之光。,13,切尔西,,,,,,,,,,,,,,,,,,
52,即使在黑暗中，我也能找到前进的方向。,18,切尔西,,,,,,,,,,,,,,,,,,
53,我相信自己的未来充满无限可能。,15,切尔西,,,,,,,,,,,,,,,,,,
54,我选择乐观，因为美好的事物即将来临。,18,切尔西,,,,,,,,,,,,,,,,,,
55,我经历的每一步都是通往更好自我的旅途。,19,切尔西,,,,,,,,,,,,,,,,,,
56,我在情感路上可以更负责任。,13,切尔西,、,,,,,,,,,,,,,,,,,
57,我有能力处理情绪，不依赖他人。,15,切尔西,,,,,,,,,,,,,,,,,,
58,我将用耐心和智慧，等待真爱的到来。,17,切尔西,,,,,,,,,,,,,,,,,,
59,我会先自我疗愈，再接纳新恋情。,15,切尔西,,,,,,,,,,,,,,,,,,
60,我值得拥有一个成熟且充满爱的恋情。,17,切尔西,,,,,,,,,,,,,,,,,,
61,我勇敢地迈出每一步，与他人交往。,16,切尔西,,,,,,,,,,,,,,,,,,
62,我相信自己的社交能力，勇敢展现自己。,18,切尔西,,,,,,,,,,,,,,,,,,
63,我勇于面对社交场合，拥抱每一个机会。,18,切尔西,,,,,,,,,,,,,,,,,,
64,我拥有克服社交恐惧的勇气和力量。,16,切尔西,,,,,,,,,,,,,,,,,,
65,我勇敢地与他人沟通，建立深厚的联系。,18,切尔西,,,,,,,,,,,,,,,,,,
66,我将从过去的经历中成长,11,切尔西,,,,,,,,,,,,,,,,,,
67,我勇敢面对新的感情，不畏惧伤害,15,切尔西,,,,,,,,,,,,,,,,,,
68,每一次爱情的尝试都是自我发现的机会,17,切尔西,,,,,,,,,,,,,,,,,,
69,我值得被爱，也值得去爱,11,切尔西,、,,,,,,,,,,,,,,,,,
70,我选择相信爱，因为爱是最美好的情感,17,切尔西,,,,,,,,,,,,,,,,,,
71,我接受自己的每一种情绪，无分正面或负面。,20,切尔西,,,,,,,,,,,,,,,,,,
72,我愿意学习处理情绪，而非逃避它们。,17,切尔西,,,,,,,,,,,,,,,,,,
73,我有能力找到更健康的情绪表达方式。,17,切尔西,,,,,,,,,,,,,,,,,,
74,我不需要通过他人来证明自己的价值。,17,切尔西,,,,,,,,,,,,,,,,,,
75,我尊重自己的选择，无论过去如何，我都将向前看。,23,切尔西,,,,,,,,,,,,,,,,,,
76,我选择求真向善，不以争斗为乐。,15,切尔西,。,,,,,,,,,,,,,,,,,
77,我理解每个人都有不同观点，我愿意倾听。,19,切尔西,,,,,,,,,,,,,,,,,,
78,我原谅过去，以开放的心态面对未来。,17,切尔西,,,,,,,,,,,,,,,,,,
79,我相信通过平和的对话，可以找到共同的真理。,21,切尔西,、,,,,,,,,,,,,,,,,,
80,我不在辩论中找胜者，我在理解中找成长。,19,切尔西,。,,,,,,,,,,,,,,,,,
81,我选择勇敢向前，不拘泥于过去。,15,切尔西,,,,,,,,,,,,,,,,,,
82,我将过去视为老师，而非遗憾的源头。,17,切尔西,、,,,,,,,,,,,,,,,,,
83,每个选择都让我成长，我欣然接受。,16,切尔西,,,,,,,,,,,,,,,,,,
84,我释怀过去，拥抱现在和未来。,14,切尔西,,,,,,,,,,,,,,,,,,
85,我相信自己，每一步都是新的开始。,16,切尔西,,,,,,,,,,,,,,,,,,
86,我能勇敢面对过去，拥抱新的开始。,16,切尔西,,,,,,,,,,,,,,,,,,
87,我认错的勇气是自我提升的第一步。,16,切尔西,,,,,,,,,,,,,,,,,,
88,我愿意为我的错误负责，这是我成长的证据。,20,切尔西,,,,,,,,,,,,,,,,,,
89,我拥有改变的力量，悔恨将是我净输出的源泉。,21,切尔西,、,,,,,,,,,,,,,,,,,
90,我接纳自己的不完美，并且愿意不断向前。,19,切尔西,,,,,,,,,,,,,,,,,,
91,我选择理性对待愤怒，保持冷静与理智。,18,切尔西,,,,,,,,,,,,,,,,,,
92,我有能力控制情绪，不被怨恨所左右。,17,切尔西,、,,,,,,,,,,,,,,,,,
93,我以平和的心态面对挑战，不让愤怒占据上风。,21,切尔西,,,,,,,,,,,,,,,,,,
94,我学会了宽恕和放手，让怨恨随风而去。,18,切尔西,、,,,,,,,,,,,,,,,,,
95,我相信通过沟通和理解，可以化解愤怒和怨恨。,21,切尔西,、,,,,,,,,,,,,,,,,,
96,我内心的坚强是我最坚实的盾牌。,15,切尔西,,,,,,,,,,,,,,,,,,
97,我有能力自给自足，无需依靠他人。,16,切尔西,,,,,,,,,,,,,,,,,,
98,我的勇气和智慧让我在任何情况下都能安心。,20,切尔西,,,,,,,,,,,,,,,,,,
99,我通过自我成长，建立起了坚不可摧的安全感。,21,切尔西,,,,,,,,,,,,,,,,,,
100,我对自己的信任是我最大的安全感来源。,18,切尔西,,,,,,,,,,,,,,,,,,
101,我享受独立带来的自由与宁静。,14,切尔西,,,,,,,,,,,,,,,,,,
102,我拥有自给自足的力量，内心充满安宁。,18,切尔西,,,,,,,,,,,,,,,,,,
103,我独立思考，勇于探索自己的可能。,16,切尔西,,,,,,,,,,,,,,,,,,
104,孤独让我更深入地了解自己，发现新的力量。,20,切尔西,,,,,,,,,,,,,,,,,,
105,我独立且坚强，能够独立面对生活的挑战。,19,切尔西,,,,,,,,,,,,,,,,,,
106,我内心有方向，只需耐心等待。,14,切尔西,,,,,,,,,,,,,,,,,,
107,我选择冷静思考，把握人生每一步。,16,切尔西,,,,,,,,,,,,,,,,,,
108,迷茫是寻找自我的开始，我欣然接受。,17,切尔西,,,,,,,,,,,,,,,,,,
109,我有能力在不确定中找到确定的答案。,17,切尔西,,,,,,,,,,,,,,,,,,
110,冷静赋予我洞察力，我将明智规划未来。,18,切尔西,,,,,,,,,,,,,,,,,,
111,我的内心平静，不为外界评价所动。,16,切尔西,,,,,,,,,,,,,,,,,,
112,我的价值无需他人定义，我自信且坚定。,18,切尔西,,,,,,,,,,,,,,,,,,
113,我选择专注于自我成长，而非外界的目光。,19,切尔西,,,,,,,,,,,,,,,,,,
114,我理解他人的看法，但最终我听从内心的声音。,21,切尔西,,,,,,,,,,,,,,,,,,
115,我能够管理和调节自己的情绪，保持平和。,19,切尔西,,,,,,,,,,,,,,,,,,
116,我的价值在于不断超越自我。,13,切尔西,,,,,,,,,,,,,,,,,,
117,我拥有无限潜力等待发掘。,12,切尔西,,,,,,,,,,,,,,,,,,
118,我的独特视角，赋予我独到的价值。,16,切尔西,,,,,,,,,,,,,,,,,,
119,我以行动定义自我，非他人评价。,15,切尔西,、,,,,,,,,,,,,,,,,,
120,我内心的光芒，自己最清楚。,13,切尔西,,,,,,,,,,,,,,,,,,
121,我能感受到他人的温暖，也愿传递我的热情。,20,切尔西,,,,,,,,,,,,,,,,,,
122,我以开放的心态接纳他人，温暖自己也温暖别人。,22,切尔西,,,,,,,,,,,,,,,,,,
123,我理解每个人背后的故事，包容是爱的开始。,20,切尔西,,,,,,,,,,,,,,,,,,
124,我倾听内心的声音，与人共情是我的天性。,19,切尔西,,,,,,,,,,,,,,,,,,
125,我珍惜每一次人际互动，因为它让我更完整。,20,切尔西,,,,,,,,,,,,,,,,,,
126,我理解爱是一种尊重和关心,12,切尔西,,,,,,,,,,,,,,,,,,
127,我有能力培养并维护健康的人际关系,16,切尔西,,,,,,,,,,,,,,,,,,
128,我认识到自爱是健康爱的基石,13,切尔西,、,,,,,,,,,,,,,,,,,
129,我致力于在关系中寻求平衡和谐,14,切尔西,,,,,,,,,,,,,,,,,,
130,我愿意学习，以更好地理解爱的真谛,16,切尔西,,,,,,,,,,,,,,,,,,
131,我能识别并平衡关系中的期望与现实。,17,切尔西,,,,,,,,,,,,,,,,,,
132,我在关系中保持自我，不迷失。,14,切尔西,,,,,,,,,,,,,,,,,,
133,我学会欣赏他人，同时理解他们的不完美。,19,切尔西,,,,,,,,,,,,,,,,,,
134,我理解并接受关系中的美好与挑战。,16,切尔西,,,,,,,,,,,,,,,,,,
135,我有能力建立既理想又实际的关系。,16,切尔西,、,,,,,,,,,,,,,,,,,
136,我接受自己的不完美，这是成长的一部分。,19,切尔西,,,,,,,,,,,,,,,,,,
137,每一次反思都让我更接近更好的自己。,17,切尔西,,,,,,,,,,,,,,,,,,
138,我允许自己犯错，并从中获得智慧。,16,切尔西,,,,,,,,,,,,,,,,,,
139,我对自己的情绪和行为负责，但我不自责。,19,切尔西,,,,,,,,,,,,,,,,,,
140,我选择用理解和接纳代替自我批评。,16,切尔西,,,,,,,,,,,,,,,,,,
141,我有能力独立思考，做出明智决定。,16,切尔西,,,,,,,,,,,,,,,,,,
142,我的思维清晰，能够坚定自己的选择。,17,切尔西,,,,,,,,,,,,,,,,,,
143,我的决策越来越自信，因为我了解自己的价值。,21,切尔西,,,,,,,,,,,,,,,,,,
144,每一天，我都在学习成为更好的思考者。,18,切尔西,,,,,,,,,,,,,,,,,,
145,我的心声值得倾听，我的选择值得尊重。,18,切尔西,。,,,,,,,,,,,,,,,,,
146,我勇敢地开启新的对话，相信每一步都值得。,20,切尔西,,,,,,,,,,,,,,,,,,
147,我理解社交的价值，愿意慢慢建立联系。,18,切尔西,,,,,,,,,,,,,,,,,,
148,我在人际交往中找到自我，我值得被理解。,19,切尔西,,,,,,,,,,,,,,,,,,
149,我珍惜与人交流的机会，每次互动都让我成长。,21,切尔西,,,,,,,,,,,,,,,,,,
150,我感激每一次社交尝试，它是我进步的起点。,20,切尔西,,,,,,,,,,,,,,,,,,
151,我理解自己的感受，每一步都在进步。,17,切尔西,、,,,,,,,,,,,,,,,,,
152,我接受不同的观点，开放心态助我成长。,18,切尔西,,,,,,,,,,,,,,,,,,
153,我愿意倾听内在的声音，寻找真实自我。,18,切尔西,,,,,,,,,,,,,,,,,,
154,我尊重自己的选择，每次决定都让我更坚定。,20,切尔西,,,,,,,,,,,,,,,,,,
155,我能调整自己的认知，拥抱变化与成长。,18,切尔西,,,,,,,,,,,,,,,,,,
156,我能够清楚表达自己的想法。,13,切尔西,,,,,,,,,,,,,,,,,,
157,每一次对话，我都在学习成长。,14,切尔西,,,,,,,,,,,,,,,,,,
158,我欣赏自己的倾听能力，它使我更加理解他人。,21,切尔西,,,,,,,,,,,,,,,,,,
159,我的话语有价值，它们值得被听见。,16,切尔西,,,,,,,,,,,,,,,,,,
160,我选择勇敢表达自己，因为我相信我的声音很重要。,23,切尔西,,,,,,,,,,,,,,,,,,
161,我内心充满勇气，能够做出正确的选择。,18,切尔西,,,,,,,,,,,,,,,,,,
162,我拥有重新开始的能力，无畏向前。,16,切尔西,,,,,,,,,,,,,,,,,,
163,我尊重自己的感受，也会做出最好的决定。,19,切尔西,,,,,,,,,,,,,,,,,,
164,我有力量离开不合适的关系，勇敢追求真正属于我的幸福。,26,切尔西,,,,,,,,,,,,,,,,,,
165,我学会放手，这是成长的一部分，我值得更好的未来。,24,切尔西,,,,,,,,,,,,,,,,,,
166,我的内心充满无尽的力量。,12,切尔西,,,,,,,,,,,,,,,,,,
167,我有能力克服一切困难。,11,切尔西,,,,,,,,,,,,,,,,,,
168,我对自己有信心，我能战胜无力感。,16,切尔西,,,,,,,,,,,,,,,,,,
169,我选择积极面对每一天的挑战。,14,切尔西,,,,,,,,,,,,,,,,,,
170,我以温柔对待自己，拥抱内心的每一份力量。,20,切尔西,,,,,,,,,,,,,,,,,,
171,我享受独处给予我的宁静时光。,14,切尔西,,,,,,,,,,,,,,,,,,
172,独处使我有机会与内心对话，发现自我。,18,切尔西,,,,,,,,,,,,,,,,,,
173,我用自己的方式充实生活，不依赖外界认可。,20,切尔西,,,,,,,,,,,,,,,,,,
174,我有能力自我陪伴，在独处中找到力量。,18,切尔西,,,,,,,,,,,,,,,,,,
175,独处是成长的礼物，我从中学会独立。,17,切尔西,、,,,,,,,,,,,,,,,,,
176,我能够独立面对生活中的挑战。,14,切尔西,,,,,,,,,,,,,,,,,,
177,我内心的平和是自我独立的基石。,15,切尔西,,,,,,,,,,,,,,,,,,
178,我相信自己能独自解决问题，无需依赖他人。,20,切尔西,,,,,,,,,,,,,,,,,,
179,我为自己的独立思考和行动感到自豪。,17,切尔西,,,,,,,,,,,,,,,,,,
180,我享受独立带来的自由和成长。,14,切尔西,,,,,,,,,,,,,,,,,,
181,我可以在不安中找到内心的平静。,15,切尔西,,,,,,,,,,,,,,,,,,
182,我有能力掌控自己的情绪，不被生活左右。,19,切尔西,,,,,,,,,,,,,,,,,,
183,我相信通过努力，生活将逐渐回到我的掌控之中。,22,切尔西,,,,,,,,,,,,,,,,,,
184,我将通过呼吸和冥想，缓解我的焦虑。,17,切尔西,,,,,,,,,,,,,,,,,,
185,我选择乐观看待生活，让焦虑不再影响我。,19,切尔西,,,,,,,,,,,,,,,,,,
186,我内心的平静是不可动摇的堡垒。,15,切尔西,,,,,,,,,,,,,,,,,,
187,我能够自我安抚，我就是自己最安全的港湾。,20,切尔西,,,,,,,,,,,,,,,,,,
188,我对自己的信任比任何外界的认可都来得实在。,21,切尔西,,,,,,,,,,,,,,,,,,
189,我的选择和行动铸就了我坚强的安全感。,18,切尔西,,,,,,,,,,,,,,,,,,
190,我以积极的态度面对生活，这是自我安全的力量源泉。,24,切尔西,,,,,,,,,,,,,,,,,,
191,我对自己的选择充满信心。,12,切尔西,,,,,,,,,,,,,,,,,,
192,我的信任和判断力是宝贵的财富。,15,切尔西,,,,,,,,,,,,,,,,,,
193,我的直觉指引我走向正确的方向。,15,切尔西,、,,,,,,,,,,,,,,,,,
194,每次选择都是我成长的一部分。,14,切尔西,,,,,,,,,,,,,,,,,,
195,我的眼光和判断力值得信赖。,13,切尔西,,,,,,,,,,,,,,,,,,
196,我感恩父母给予的一切，用行动回报他们。,19,切尔西,、,,,,,,,,,,,,,,,,,
197,我理解父母的期望，也在努力成为更好的自己。,21,切尔西,、,,,,,,,,,,,,,,,,,
198,我对父母的爱和感激，通过每天的小事在传达。,21,切尔西,、,,,,,,,,,,,,,,,,,
199,我接纳自己不完美，同时我努力弥补和进步。,20,切尔西,、,,,,,,,,,,,,,,,,,
200,我通过积极的生活态度和行动，减轻对父母的愧疚感。,24,切尔西,、,,,,,,,,,,,,,,,,,
201,我理解不同观点，愿意倾听和学习。,16,切尔西,,,,,,,,,,,,,,,,,,
202,我尊重他人意见，不以争辩为目的。,16,切尔西,,,,,,,,,,,,,,,,,,
203,我开放心态，愿意接受不同的声音。,16,切尔西,,,,,,,,,,,,,,,,,,
204,我认识到每个人都有独特视角，我不必急于证明自己。,24,切尔西,,,,,,,,,,,,,,,,,,
205,我重视沟通，以理解和被理解为目标。,17,切尔西,,,,,,,,,,,,,,,,,,
206,我在家庭冲突中寻求理解与成长,14,切尔西,、,,,,,,,,,,,,,,,,,
207,我相信沟通能化解误解,10,切尔西,,,,,,,,,,,,,,,,,,
208,我有能力在家庭中保持冷静,12,切尔西,、,,,,,,,,,,,,,,,,,
209,我尊重家庭成员的不同观点,12,切尔西,、,,,,,,,,,,,,,,,,,
210,我愿意用爱去修复关系,10,切尔西,,,,,,,,,,,,,,,,,,
211,我在独处中找到了自我成长的力量。,16,切尔西,,,,,,,,,,,,,,,,,,
212,我享受独处，它是自我对话的宝贵时刻。,18,切尔西,,,,,,,,,,,,,,,,,,
213,独处是自我探索的旅程，我勇敢地走在这条路上。,22,切尔西,,,,,,,,,,,,,,,,,,
214,我感激独处给予我的独立与清晰思考能力。,19,切尔西,,,,,,,,,,,,,,,,,,
215,独处让我有机会倾听内心，遇见真正的自己。,20,切尔西,,,,,,,,,,,,,,,,,,
216,我在关系中保持真实，信任自己的感觉。,18,切尔西,、,,,,,,,,,,,,,,,,,
217,我愿意表达内心真实的想法，促进关系的成长。,21,切尔西,,,,,,,,,,,,,,,,,,
218,我理解关系需要时间，我耐心地培养它。,18,切尔西,,,,,,,,,,,,,,,,,,
219,我相信自己的选择，每个决定都是我成长的一步。,22,切尔西,,,,,,,,,,,,,,,,,,
220,我在关系中不断学习，我有能力处理焦虑。,19,切尔西,,,,,,,,,,,,,,,,,,
221,我能感受到他人的善意与温暖。,14,切尔西,,,,,,,,,,,,,,,,,,
222,我相信在交流中我能展现真实自我。,16,切尔西,,,,,,,,,,,,,,,,,,
223,我有能力化解误会，增进相互理解。,16,切尔西,,,,,,,,,,,,,,,,,,
224,我与他人的关系充满活力和成长。,15,切尔西,,,,,,,,,,,,,,,,,,
225,我在社交中保持平和，散发正能量。,16,切尔西,,,,,,,,,,,,,,,,,,
226,我能独立解决问题，我为每一点进步自豪。,19,切尔西,,,,,,,,,,,,,,,,,,
227,我勇敢面对挑战，内心充满力量。,15,切尔西,,,,,,,,,,,,,,,,,,
228,我有能力独立生活，为自己骄傲。,15,切尔西,、,,,,,,,,,,,,,,,,,
229,我享受独处时光，它是成长的营养。,16,切尔西,、,,,,,,,,,,,,,,,,,
230,我在独立中找到自我价值，不断前行。,17,切尔西,,,,,,,,,,,,,,,,,,
231,我能勇敢表达自己的想法。,12,切尔西,,,,,,,,,,,,,,,,,,
232,我倾听内心，自信沟通。,11,切尔西,、,,,,,,,,,,,,,,,,,
233,我的每一次尝试都值得肯定。,13,切尔西,,,,,,,,,,,,,,,,,,
234,我的话语有力量，我能清晰表达。,15,切尔西,,,,,,,,,,,,,,,,,,
235,我在沟通中成长，变得更加自信。,15,切尔西,,,,,,,,,,,,,,,,,,
236,我选择相信，而非怀疑。,11,切尔西,,,,,,,,,,,,,,,,,,
237,我理解他人，也理解自己。,12,切尔西,,,,,,,,,,,,,,,,,,
238,我给予信任，收获真诚。,11,切尔西,,,,,,,,,,,,,,,,,,
239,我敞开心扉，迎接光明。,11,切尔西,,,,,,,,,,,,,,,,,,
240,我摒弃猜疑，拥抱信任。,11,切尔西,,,,,,,,,,,,,,,,,,
241,我有能力化解冲突，恢复和谐。,14,切尔西,,,,,,,,,,,,,,,,,,
242,我能够理解不同立场，找到共赢的方案。,18,切尔西,,,,,,,,,,,,,,,,,,
243,我的沟通技巧让我能够平和地解决分歧。,18,切尔西,,,,,,,,,,,,,,,,,,
244,我坚信通过耐心和理解可以化解任何矛盾。,19,切尔西,,,,,,,,,,,,,,,,,,
245,我以开放的心态面对冲突，总能找到解决之道。,21,切尔西,,,,,,,,,,,,,,,,,,
246,我相信自己能够建立真诚的信任。,15,切尔西,、,,,,,,,,,,,,,,,,,
247,我能在关系中展现开放和信任。,14,切尔西,、,,,,,,,,,,,,,,,,,
248,我选择信任他人，同时保持明智。,15,切尔西,,,,,,,,,,,,,,,,,,
249,我有能力识别和培养可靠的关系。,15,切尔西,,,,,,,,,,,,,,,,,,
250,我相信自己的判断，能够建立更深的信任。,19,切尔西,,,,,,,,,,,,,,,,,,
251,我有能力重新点燃爱的信心。,13,切尔西,,,,,,,,,,,,,,,,,,
252,我的内心充满爱的力量，等待释放。,16,切尔西,、,,,,,,,,,,,,,,,,,
253,每一次爱的经历都让我更加成熟。,15,切尔西,,,,,,,,,,,,,,,,,,
254,我选择相信，爱总会找到它的归宿。,16,切尔西,、,,,,,,,,,,,,,,,,,
255,我值得被爱，也值得去爱别人。,14,切尔西,、,,,,,,,,,,,,,,,,,
256,我坚持自己的原则，不轻易动摇。,15,切尔西,,,,,,,,,,,,,,,,,,
257,我的情感世界丰富多彩而不盲目迷失。,17,切尔西,、,,,,,,,,,,,,,,,,,
258,我有辨别和抵抗诱惑的智慧和力量。,16,切尔西,,,,,,,,,,,,,,,,,,
259,我珍视现有的感情，它让我更加成熟。,17,切尔西,,,,,,,,,,,,,,,,,,
260,我了解自己的价值，不会被外界轻易影响。,19,切尔西,,,,,,,,,,,,,,,,,,
261,我珍惜现在，相信未来充满可能。,15,切尔西,,,,,,,,,,,,,,,,,,
262,我能从每次对话中寻找积极信号。,15,切尔西,,,,,,,,,,,,,,,,,,
263,我相信真诚沟通能照亮前行的路。,15,切尔西,,,,,,,,,,,,,,,,,,
264,我有能力创造我们共同的未来。,14,切尔西,、,,,,,,,,,,,,,,,,,
265,我选择保持乐观，因为我们的关系值得。,18,切尔西,、,,,,,,,,,,,,,,,,,
266,我享受自我陪伴的每一刻,11,切尔西,,,,,,,,,,,,,,,,,,
267,我理解孤独是自我成长的空间,13,切尔西,、,,,,,,,,,,,,,,,,,
268,我在独处中找到内心的宁静,12,切尔西,,,,,,,,,,,,,,,,,,
269,我相信自己的价值不依赖他人,13,切尔西,,,,,,,,,,,,,,,,,,
270,我有能力在孤独中发现新的乐趣,14,切尔西,、,,,,,,,,,,,,,,,,,
271,我不因焦虑而失去自我，内心平静是力量。,19,切尔西,、,,,,,,,,,,,,,,,,,
272,我以开放心态接纳关系中的不确定性。,17,切尔西,,,,,,,,,,,,,,,,,,
273,我相信真挚的情感总能跨越疑虑。,15,切尔西,,,,,,,,,,,,,,,,,,
274,我关注自己的需求，也尊重他人的感受。,18,切尔西,,,,,,,,,,,,,,,,,,
275,我有能力在关系中找到平衡和和谐。,16,切尔西,,,,,,,,,,,,,,,,,,
276,我选择勇敢地面对自己的迷茫。,14,切尔西,,,,,,,,,,,,,,,,,,
277,我相信每一次探索都会带来新的启示。,17,切尔西,,,,,,,,,,,,,,,,,,
278,我允许自己暂时迷茫，这是成长的必经之路。,20,切尔西,,,,,,,,,,,,,,,,,,
279,我在每一次选择中积累智慧，塑造未来。,18,切尔西,,,,,,,,,,,,,,,,,,
280,我深知，迷茫过后，便是清晰的方向。,17,切尔西,,,,,,,,,,,,,,,,,,
281,我内心的平静不会被外界的评价所动摇。,18,切尔西,,,,,,,,,,,,,,,,,,
282,我的价值不在于他人的眼光，而在于我对自己的肯定。,24,切尔西,、,,,,,,,,,,,,,,,,,
283,我有足够的勇气面对任何评价，并从中找到成长。,22,切尔西,、,,,,,,,,,,,,,,,,,
284,我相信自己的实力，不受外界焦虑的影响。,19,切尔西,、,,,,,,,,,,,,,,,,,
285,我对自我的认知清晰坚定，不受外界评价左右。,21,切尔西,,,,,,,,,,,,,,,,,,
286,我能在内心找到自己的安宁。,13,切尔西,,,,,,,,,,,,,,,,,,
287,我相信自己能够克服不安情绪。,14,切尔西,,,,,,,,,,,,,,,,,,
288,我有能力保护自己，给自己安全感。,16,切尔西,,,,,,,,,,,,,,,,,,
289,我选择信任自己，感受内在的力量。,16,切尔西,,,,,,,,,,,,,,,,,,
290,我在成长中学会给予自己安全感。,15,切尔西,,,,,,,,,,,,,,,,,,
291,我有能力跨出舒适区，重建社交。,15,切尔西,,,,,,,,,,,,,,,,,,
292,我珍视每一次与人交流的机会，它们丰富我的生活。,23,切尔西,,,,,,,,,,,,,,,,,,
293,我愿意主动建立联系，让友谊自然生长。,18,切尔西,,,,,,,,,,,,,,,,,,
294,我理解社交的价值，这将引导我走向更广阔的世界。,23,切尔西,,,,,,,,,,,,,,,,,,
295,我相信自己的社交潜力，每一步都是向前进。,20,切尔西,,,,,,,,,,,,,,,,,,
296,我的价值不由财富决定。,11,切尔西,,,,,,,,,,,,,,,,,,
297,我拥有的不仅仅是物质财富。,13,切尔西,,,,,,,,,,,,,,,,,,
298,我内心的充实远胜于外在的虚荣。,15,切尔西,,,,,,,,,,,,,,,,,,
299,我尊重自己，不因别人眼光而动摇。,16,切尔西,,,,,,,,,,,,,,,,,,
300,我以行动和品德赢得他人的尊敬。,15,切尔西,,,,,,,,,,,,,,,,,,
301,我的价值由我自己的行动和成长决定。,17,切尔西,,,,,,,,,,,,,,,,,,
302,我在任何挑战中都能找到成长的机会。,17,切尔西,,,,,,,,,,,,,,,,,,
303,我接纳真实的自我，拥抱自己的独特性。,18,切尔西,,,,,,,,,,,,,,,,,,
304,我相信每一次尝试都是向成功迈进的一步。,19,切尔西,,,,,,,,,,,,,,,,,,
305,我对自己的爱和信任是无价的财富。,16,切尔西,,,,,,,,,,,,,,,,,,
306,我相信每段经历都有其存在的价值。,16,切尔西,,,,,,,,,,,,,,,,,,
307,我能够从关系中获得成长和智慧。,15,切尔西,,,,,,,,,,,,,,,,,,
308,我有能力去创造我想要的未来。,14,切尔西,,,,,,,,,,,,,,,,,,
309,我感恩过去，但更期待光明的未来。,16,切尔西,,,,,,,,,,,,,,,,,,
310,我选择乐观，因为希望总在明天等待。,17,切尔西,、,,,,,,,,,,,,,,,,,
311,我将从每次尝试中汲取经验，向前迈进。,18,切尔西,,,,,,,,,,,,,,,,,,
312,我相信自己的力量，每个挑战都是成长的机会。,21,切尔西,,,,,,,,,,,,,,,,,,
313,我尊重自己的选择，每个决定都铸就了今天的我。,22,切尔西,,,,,,,,,,,,,,,,,,
314,我拥抱失败，它是通往成功之路的宝贵一课。,20,切尔西,、,,,,,,,,,,,,,,,,,
315,我勇敢地接受现实，每一个失败都是新开始的起点。,23,切尔西,、,,,,,,,,,,,,,,,,,
316,我相信时间会赋予关系更深的意义。,16,切尔西,,,,,,,,,,,,,,,,,,
317,我能够耐心等待，静待花开。,13,切尔西,、,,,,,,,,,,,,,,,,,
318,我懂得内心的平和是关系中最美的风景。,18,切尔西,、,,,,,,,,,,,,,,,,,
319,我选择相信每一段关系自有其成长的节奏。,19,切尔西,,,,,,,,,,,,,,,,,,
320,我认识到在关系中，耐心和理解同样重要。,19,切尔西,、,,,,,,,,,,,,,,,,,
321,我接受生活中的不确定性，它让我成长。,18,切尔西,,,,,,,,,,,,,,,,,,
322,我有能力在迷雾中找到自己的方向。,16,切尔西,,,,,,,,,,,,,,,,,,
323,我选择积极寻找答案，而不是等待指引。,18,切尔西,,,,,,,,,,,,,,,,,,
324,我可以塑造我想要的未来。,12,切尔西,,,,,,,,,,,,,,,,,,
325,我迈出的每一步都是自我探索的一部分。,18,切尔西,,,,,,,,,,,,,,,,,,
326,我内心的平静不因他人评价而动摇。,16,切尔西,,,,,,,,,,,,,,,,,,
327,我的存在价值，由我自己的行动定义。,17,切尔西,,,,,,,,,,,,,,,,,,
328,我相信自己的判断，不被外界声音所左右。,19,切尔西,,,,,,,,,,,,,,,,,,
329,我专注于个人成长，超越他人的期待。,17,切尔西,、,,,,,,,,,,,,,,,,,
330,我选择自我肯定，而非依赖外界的认可。,18,切尔西,,,,,,,,,,,,,,,,,,
331,我拥有无尽的爱与关怀。,11,切尔西,,,,,,,,,,,,,,,,,,
332,我内在的力量，足以克服所有匮乏感。,17,切尔西,,,,,,,,,,,,,,,,,,
333,我善待自己，每天都感受到内心的富足。,18,切尔西,,,,,,,,,,,,,,,,,,
334,我感恩生命中的每一份赠予，它们让我感到充实。,22,切尔西,,,,,,,,,,,,,,,,,,
335,我相信分享与奉献，它们是我心灵富足的源泉。,21,切尔西,,,,,,,,,,,,,,,,,,
336,我能给予爱，也能接受爱，爱没有边界。,18,切尔西,,,,,,,,,,,,,,,,,,
337,我深信，爱如星辰，我亦能照亮他人。,17,切尔西,,,,,,,,,,,,,,,,,,
338,我的情感丰富，我爱得深沉而宽广。,16,切尔西,、,,,,,,,,,,,,,,,,,
339,我每天的行动，都在传递爱的力量。,16,切尔西,,,,,,,,,,,,,,,,,,
340,我能感受爱，也勇于表达爱，爱从不失败。,19,切尔西,,,,,,,,,,,,,,,,,,
341,我内心有足够的勇气和力量。,13,切尔西,,,,,,,,,,,,,,,,,,
342,我能够在任何情况下找到内心的平静。,17,切尔西,,,,,,,,,,,,,,,,,,
343,我相信自己的价值，不依赖外界的评价。,18,切尔西,,,,,,,,,,,,,,,,,,
344,我接受自己的不完美，它是我成长的动力。,19,切尔西,,,,,,,,,,,,,,,,,,
345,我有能力应对生活中的每一个挑战。,16,切尔西,,,,,,,,,,,,,,,,,,
346,我学会放手，让爱自由飞翔。,13,切尔西,、,,,,,,,,,,,,,,,,,
347,我懂得尊重，让彼此的空间更宽广。,16,切尔西,,,,,,,,,,,,,,,,,,
348,我理解分享，让生活更加丰富多彩。,16,切尔西,、,,,,,,,,,,,,,,,,,
349,我培养信任，让心灵更加轻松自在。,16,切尔西,、,,,,,,,,,,,,,,,,,
350,我享受独立，让自己更加充实和完整。,17,切尔西,,,,,,,,,,,,,,,,,,
351,我选择用智慧而非权力影响他人。,15,切尔西,,,,,,,,,,,,,,,,,,
352,我认识到真正的力量来自于内心的平和。,18,切尔西,,,,,,,,,,,,,,,,,,
353,我相信通过合作和理解可以达成目标。,17,切尔西,,,,,,,,,,,,,,,,,,
354,我有能力用爱与尊重去领导和激励他人。,18,切尔西,,,,,,,,,,,,,,,,,,
355,我选择以身作则，用榜样的力量感召他人。,19,切尔西,、,,,,,,,,,,,,,,,,,
356,我尊重每个人的选择，包括说不的权利。,18,切尔西,,,,,,,,,,,,,,,,,,
357,我学会倾听他人意见，不做无意识的强制。,19,切尔西,、,,,,,,,,,,,,,,,,,
358,我相信他人有能力做出最适合自己的决定。,19,切尔西,、,,,,,,,,,,,,,,,,,
359,我意识到每一次放债都应基于自愿和共同理解。,21,切尔西,、,,,,,,,,,,,,,,,,,
360,我放下控制欲，也放过了自己。,14,切尔西,,,,,,,,,,,,,,,,,,
361,我能够清晰表达自己的想法。,13,切尔西,,,,,,,,,,,,,,,,,,
362,我相信倾听是沟通的第一步。,13,切尔西,,,,,,,,,,,,,,,,,,
363,我在对话中保持着耐心和理解。,14,切尔西,,,,,,,,,,,,,,,,,,
364,我勇于主动开启对话。,10,切尔西,,,,,,,,,,,,,,,,,,
365,我乐于学习沟通技巧，不断进步。,15,切尔西,,,,,,,,,,,,,,,,,,
366,我选择信任，而非无端猜疑。,13,切尔西,,,,,,,,,,,,,,,,,,
367,我内心平和，不以恶意揣测他人。,15,切尔西,,,,,,,,,,,,,,,,,,
368,我相信正面交流能化解误解。,13,切尔西,,,,,,,,,,,,,,,,,,
369,我以开放心态接纳他人，不预设立场。,17,切尔西,,,,,,,,,,,,,,,,,,
370,我专注于建立积极的人际关系。,14,切尔西,,,,,,,,,,,,,,,,,,
371,我能够识别并追求健康的情感关系,15,切尔西,,,,,,,,,,,,,,,,,,
372,我有能力选择爱与被爱的方式,13,切尔西,,,,,,,,,,,,,,,,,,
373,我理解爱是尊重和支持，而非束缚,15,切尔西,,,,,,,,,,,,,,,,,,
374,我学会在爱中保持自我，不失去方向,16,切尔西,,,,,,,,,,,,,,,,,,
375,我懂得真正的爱是双方共同成长的过程,17,切尔西,、,,,,,,,,,,,,,,,,,
376,我感谢生命中每一次微笑的温暖。,15,切尔西,、,,,,,,,,,,,,,,,,,
377,我珍惜与家人共度的每分每秒。,14,切尔西,、,,,,,,,,,,,,,,,,,
378,我感激每一份来自他人的善意和帮助。,17,切尔西,,,,,,,,,,,,,,,,,,
379,我感恩大自然的壮丽，它给予我力量与平静。,20,切尔西,,,,,,,,,,,,,,,,,,
380,我相信感恩之心会带给我更多的爱与好运。,19,切尔西,,,,,,,,,,,,,,,,,,
381,我懂得珍惜每一刻的喜悦与悲伤。,15,切尔西,,,,,,,,,,,,,,,,,,
382,我感激生活中每一个微小的恩赐。,15,切尔西,、,,,,,,,,,,,,,,,,,
383,我有能力发现并欣赏身边的美好。,15,切尔西,,,,,,,,,,,,,,,,,,
384,我感谢每一次的相遇，无论是人还是事。,18,切尔西,,,,,,,,,,,,,,,,,,
385,我珍视与朋友共度的宝贵时光。,14,切尔西,,,,,,,,,,,,,,,,,,
386,我能勇敢面对生活的变动。,12,切尔西,,,,,,,,,,,,,,,,,,
387,我拥有自我成长和独立的力量。,14,切尔西,,,,,,,,,,,,,,,,,,
388,我相信自己的选择，不畏惧未来。,15,切尔西,,,,,,,,,,,,,,,,,,
389,我尊重自己的感受，也尊重他人的选择。,18,切尔西,,,,,,,,,,,,,,,,,,
390,我能从变化中找到新的机会和希望。,16,切尔西,,,,,,,,,,,,,,,,,,
391,我理解关系需要时间和耐心来培养。,16,切尔西,,,,,,,,,,,,,,,,,,
392,我相信真诚的情感交流是关系进步的关键。,19,切尔西,、,,,,,,,,,,,,,,,,,
393,我有能力处理焦虑，与他人建立健康的联系。,20,切尔西,、,,,,,,,,,,,,,,,,,
394,我欣赏自己的价值，并相信它会被他人认可。,20,切尔西,、,,,,,,,,,,,,,,,,,
395,我以开放和理解的态度对待每一个关系的起伏。,21,切尔西,,,,,,,,,,,,,,,,,,
396,我内心自有评判标准，不以外界评价为转移。,20,切尔西,,,,,,,,,,,,,,,,,,
397,我理解并接纳自己的情绪，相信自我调节的力量。,22,切尔西,、,,,,,,,,,,,,,,,,,
398,我深信自己的价值，不受他人看法左右。,18,切尔西,,,,,,,,,,,,,,,,,,
399,我能够在焦虑中找到成长的机会，学会更多自处之道。,24,切尔西,,,,,,,,,,,,,,,,,,
400,我选择专注于个人成长，而非他人的目光和评价。,22,切尔西,,,,,,,,,,,,,,,,,,
401,我每天都在认识自己，变得更加自信。,17,切尔西,,,,,,,,,,,,,,,,,,
402,我值得拥有美好，我对自己满怀信心。,17,切尔西,,,,,,,,,,,,,,,,,,
403,我选择正视自己，每日都是新的开始。,17,切尔西,,,,,,,,,,,,,,,,,,
404,我赞美自己的独特，每个我都是精彩的。,18,切尔西,,,,,,,,,,,,,,,,,,
405,我有能力克服挑战，内心强大胜过一切。,18,切尔西,,,,,,,,,,,,,,,,,,
406,我选择勇敢面对社交，每次都是新开始。,18,切尔西,,,,,,,,,,,,,,,,,,
407,我有能力克服社交的不安，慢慢扩大舒适圈。,20,切尔西,,,,,,,,,,,,,,,,,,
408,我在社交中寻找乐趣，与人交流变得自然。,19,切尔西,,,,,,,,,,,,,,,,,,
409,我欣赏他人的陪伴，愿意分享我的见解。,18,切尔西,,,,,,,,,,,,,,,,,,
410,我展现出自信，社交退缩只是过去的我。,18,切尔西,,,,,,,,,,,,,,,,,,
411,我理解每个人都有自己的独特之处。,16,切尔西,,,,,,,,,,,,,,,,,,
412,我欣赏他人，同时保持自己的独立思考。,18,切尔西,,,,,,,,,,,,,,,,,,
413,我认识到看待他人要全面，不凭空美化。,18,切尔西,,,,,,,,,,,,,,,,,,
414,我学会从现实中寻找他人的亮点，不盲目理想化。,22,切尔西,,,,,,,,,,,,,,,,,,
415,我在与人交往中保持真实和理性，不迷失自我。,21,切尔西,,,,,,,,,,,,,,,,,,
416,我允许自己感受各种情感。,12,切尔西,,,,,,,,,,,,,,,,,,
417,我可以释放内心的情感压力。,13,切尔西,,,,,,,,,,,,,,,,,,
418,我有能力表达自己的真实感受。,14,切尔西,,,,,,,,,,,,,,,,,,
419,我的情感是宝贵的，我尊重它们。,15,切尔西,,,,,,,,,,,,,,,,,,
420,我学会与自己的情感和谐相处。,14,切尔西,,,,,,,,,,,,,,,,,,
421,我的内心充满力量，无畏无惧。,14,切尔西,,,,,,,,,,,,,,,,,,
422,我能够自我安慰，是自己的港湾。,15,切尔西,,,,,,,,,,,,,,,,,,
423,我感受到自己内在的平静和坚定。,15,切尔西,,,,,,,,,,,,,,,,,,
424,我相信自己的选择，每一步都走得踏实。,18,切尔西,,,,,,,,,,,,,,,,,,
425,我对自己的爱，是永远不变的依靠。,16,切尔西,,,,,,,,,,,,,,,,,,
426,我能超越被拒绝的感觉，继续前行,15,切尔西,,,,,,,,,,,,,,,,,,
427,我的内心强大，可以面对各种挑战,15,切尔西,,,,,,,,,,,,,,,,,,
428,每一次拒绝，让我更了解自己的价值,16,切尔西,,,,,,,,,,,,,,,,,,
429,我选择接纳自己的情绪，然后释放焦虑,17,切尔西,,,,,,,,,,,,,,,,,,
430,我相信自己的选择，并从中获得成长,16,切尔西,,,,,,,,,,,,,,,,,,
431,我的勇气值得赞美，无论结果如何。,16,切尔西,,,,,,,,,,,,,,,,,,
432,我感受到了自己的真实情感，这让我更加勇敢。,21,切尔西,,,,,,,,,,,,,,,,,,
433,我接受了自己的感受，也准备好接受任何答案。,21,切尔西,,,,,,,,,,,,,,,,,,
434,我相信无论结果如何，我都能从中成长。,18,切尔西,,,,,,,,,,,,,,,,,,
435,我的真诚是宝贵的，它让我无惧任何后果。,19,切尔西,,,,,,,,,,,,,,,,,,
436,我理解自己的感受，正努力与焦虑和解。,18,切尔西,,,,,,,,,,,,,,,,,,
437,我明白误解是沟通中的常态，我选择从错误中学习。,23,切尔西,,,,,,,,,,,,,,,,,,
438,我相信自己的直觉，也能勇敢面对误解。,18,切尔西,,,,,,,,,,,,,,,,,,
439,我有能力澄清疑惑，建立更清晰的交流。,18,切尔西,,,,,,,,,,,,,,,,,,
440,我对自己的感受负责，也愿意倾听他人的声音。,21,切尔西,,,,,,,,,,,,,,,,,,
441,我的价值不因他人评价而改变。,14,切尔西,,,,,,,,,,,,,,,,,,
442,我理解每个人都有独特的价值，包括我。,18,切尔西,,,,,,,,,,,,,,,,,,
443,我正在学习欣赏自己的独特之处。,15,切尔西,,,,,,,,,,,,,,,,,,
444,我拥有无穷的潜力，等待我去发掘。,16,切尔西,,,,,,,,,,,,,,,,,,
445,我对自己有信心，因为我了解自己的价值。,19,切尔西,,,,,,,,,,,,,,,,,,
446,我的身体是力量和美丽的源泉。,14,切尔西,,,,,,,,,,,,,,,,,,
447,我珍惜自己独一无二的身体。,13,切尔西,,,,,,,,,,,,,,,,,,
448,我对自己的身材感到骄傲，因为它赋予了我活力。,22,切尔西,,,,,,,,,,,,,,,,,,
449,我欣赏自己的身体，它让我能够体验世界。,19,切尔西,,,,,,,,,,,,,,,,,,
450,我的身体是我行走世界的工具，我尊重并爱护它。,22,切尔西,,,,,,,,,,,,,,,,,,
451,我欣赏自己独特的美丽。,11,切尔西,,,,,,,,,,,,,,,,,,
452,我理解真正的魅力来自内在。,13,切尔西,,,,,,,,,,,,,,,,,,
453,我值得被爱，无关外表。,11,切尔西,,,,,,,,,,,,,,,,,,
454,我的自信远胜于任何外表焦虑。,14,切尔西,,,,,,,,,,,,,,,,,,
455,我懂得自我价值，超越了外表的评价。,17,切尔西,,,,,,,,,,,,,,,,,,
456,我接纳自己的情感，包括渴望和焦虑。,17,切尔西,,,,,,,,,,,,,,,,,,
457,我理解性是生活的一部分，而我有权利享受它。,21,切尔西,,,,,,,,,,,,,,,,,,
458,我学会与伴侣沟通，以建立信任和亲密感。,19,切尔西,,,,,,,,,,,,,,,,,,
459,我尊重自己的节奏，不因焦虑而匆忙行事。,19,切尔西,,,,,,,,,,,,,,,,,,
460,我相信通过自我探索和成长，我能克服性焦虑。,21,切尔西,,,,,,,,,,,,,,,,,,
461,我有能力开启新的社交篇章。,13,切尔西,,,,,,,,,,,,,,,,,,
462,我正逐步走出自己的舒适区，与人建立联系。,20,切尔西,,,,,,,,,,,,,,,,,,
463,我在每次尝试中积累经验，社交技能日益增强。,21,切尔西,,,,,,,,,,,,,,,,,,
464,我相信自己是值得被了解和欣赏的。,16,切尔西,,,,,,,,,,,,,,,,,,
465,我以开放的心态接纳新朋友和新体验。,17,切尔西,,,,,,,,,,,,,,,,,,
466,我能够自在地表达自己的想法。,14,切尔西,,,,,,,,,,,,,,,,,,
467,我在人群中感到自信和舒适。,13,切尔西,,,,,,,,,,,,,,,,,,
468,我珍视每一次与人交流的机会，它们让我成长。,21,切尔西,,,,,,,,,,,,,,,,,,
469,我勇于迈出舒适区，与人建立联系。,16,切尔西,,,,,,,,,,,,,,,,,,
470,我相信自己有能力建立和维持健康的人际关系。,21,切尔西,,,,,,,,,,,,,,,,,,
471,我足以自立，不依赖他人,11,切尔西,,,,,,,,,,,,,,,,,,
472,我有能力独立解决问题,10,切尔西,,,,,,,,,,,,,,,,,,
473,我的勇气源于内心的强大,11,切尔西,,,,,,,,,,,,,,,,,,
474,我独立思考，不随波逐流,11,切尔西,,,,,,,,,,,,,,,,,,
475,我自给自足，享受自由的生活,13,切尔西,,,,,,,,,,,,,,,,,,
476,我相信自己的判断力，能做出明智的选择。,19,切尔西,,,,,,,,,,,,,,,,,,
477,我有能力权衡利弊，做出最佳决策。,16,切尔西,,,,,,,,,,,,,,,,,,
478,我愿倾听内心的声音，指引我做出正确的选择。,21,切尔西,,,,,,,,,,,,,,,,,,
479,我在决策时充满勇气，不畏结果如何。,17,切尔西,,,,,,,,,,,,,,,,,,
480,我相信无论选择什么，我都有能力承担后果。,20,切尔西,,,,,,,,,,,,,,,,,,
481,我有权利表达自己的需求。,12,切尔西,,,,,,,,,,,,,,,,,,
482,我重视自己的界限，它们保护了我的内心。,19,切尔西,,,,,,,,,,,,,,,,,,
483,我学会说‘不’，以维护自我尊严。,16,切尔西,,,,,,,,,,,,,,,,,,
484,我了解自己的价值，不依赖他人的认可。,18,切尔西,,,,,,,,,,,,,,,,,,
485,我能够平衡给予和接受，实现内心的平衡。,19,切尔西,,,,,,,,,,,,,,,,,,
486,我内心平和，不受外界评价所扰。,15,切尔西,,,,,,,,,,,,,,,,,,
487,我坚定自信，不因外界误解而动摇。,16,切尔西,,,,,,,,,,,,,,,,,,
488,我珍视自我，不以他人眼光定义自己。,17,切尔西,,,,,,,,,,,,,,,,,,
489,我自信满满，外界的喧嚣无法动摇我。,17,切尔西,,,,,,,,,,,,,,,,,,
490,我以智慧化解，不受外界负面影响所困。,18,切尔西,,,,,,,,,,,,,,,,,,
491,我独立自信，勇敢面对挑战。,13,切尔西,,,,,,,,,,,,,,,,,,
492,我能够自我调整，缓解焦虑情绪。,15,切尔西,,,,,,,,,,,,,,,,,,
493,我内心的强大，足以独立支撑。,14,切尔西,,,,,,,,,,,,,,,,,,
494,我深信自己的判断力，独立做出选择。,17,切尔西,,,,,,,,,,,,,,,,,,
495,我通过自我成长，逐步培养独立性。,16,切尔西,,,,,,,,,,,,,,,,,,
496,我能在人际关系中找到平衡和和谐。,16,切尔西,,,,,,,,,,,,,,,,,,
497,我拥有建立积极人际关系的能力。,15,切尔西,,,,,,,,,,,,,,,,,,
498,我相信真诚沟通能缓解我的焦虑。,15,切尔西,,,,,,,,,,,,,,,,,,
499,我可以在关系中保持自我，同时尊重他人。,19,切尔西,,,,,,,,,,,,,,,,,,
500,我有能力理解和应对人际中的复杂情感。,18,切尔西,,,,,,,,,,,,,,,,,,
501,我拥抱学习中的每一次挑战。,13,切尔西,,,,,,,,,,,,,,,,,,
502,我接受自己，无论学历如何。,13,切尔西,,,,,,,,,,,,,,,,,,
503,我的知识不局限于一纸文凭。,13,切尔西,,,,,,,,,,,,,,,,,,
504,我对未知的探索充满热情。,12,切尔西,,,,,,,,,,,,,,,,,,
505,我相信自己，学历不决定我的价值。,16,切尔西,,,,,,,,,,,,,,,,,,
506,我的职业道路由我掌控，步步高升。,16,切尔西,,,,,,,,,,,,,,,,,,
507,我有能力适应变化，迎接新挑战。,15,切尔西,,,,,,,,,,,,,,,,,,
508,我持续学习，为职业成长打下坚实基础。,18,切尔西,,,,,,,,,,,,,,,,,,
509,我勇敢面对困难，为梦想坚持不退缩。,17,切尔西,,,,,,,,,,,,,,,,,,
510,我的决策明智，引领我走向成功之路。,17,切尔西,,,,,,,,,,,,,,,,,,
511,我的价值不由他人定义。,11,切尔西,,,,,,,,,,,,,,,,,,
512,我内在的光芒，由我自己的行动照亮。,17,切尔西,,,,,,,,,,,,,,,,,,
513,我相信自己每一步的努力。,12,切尔西,,,,,,,,,,,,,,,,,,
514,我有能力克服自我怀疑，迎接新生活。,17,切尔西,,,,,,,,,,,,,,,,,,
515,我心中的火焰，能驱散任何怀疑的阴影。,18,切尔西,,,,,,,,,,,,,,,,,,
516,我的情绪波动是自我认识的一部分。,16,切尔西,,,,,,,,,,,,,,,,,,
517,我有能力管理我的情绪波动。,13,切尔西,,,,,,,,,,,,,,,,,,
518,每次情绪波动都是自我成长的机会。,16,切尔西,,,,,,,,,,,,,,,,,,
519,我感谢情绪波动带来的深刻体验。,15,切尔西,,,,,,,,,,,,,,,,,,
520,我愿意平和地面对情绪的起伏。,14,切尔西,,,,,,,,,,,,,,,,,,
521,我内心的平静不依赖于外界的认可。,16,切尔西,,,,,,,,,,,,,,,,,,
522,我能独立思考，自主作出选择。,14,切尔西,,,,,,,,,,,,,,,,,,
523,我相信自己，不依赖他人的评价。,15,切尔西,,,,,,,,,,,,,,,,,,
524,我有能力自我激励，不需要他人的推动。,18,切尔西,,,,,,,,,,,,,,,,,,
525,我的价值由自己定义，不因外界而改变。,18,切尔西,,,,,,,,,,,,,,,,,,
526,我选择打开心扉，迎接新的友谊。,15,切尔西,,,,,,,,,,,,,,,,,,
527,我有勇气跨出舒适区，与人交流。,15,切尔西,,,,,,,,,,,,,,,,,,
528,我相信自己的价值，值得被听见。,15,切尔西,,,,,,,,,,,,,,,,,,
529,我有能力建立真诚的人际关系。,14,切尔西,,,,,,,,,,,,,,,,,,
530,我愿意主动伸出友谊的手，与人连接。,17,切尔西,,,,,,,,,,,,,,,,,,
531,我懂得倾听内心的声音，勇敢展现自我。,18,切尔西,,,,,,,,,,,,,,,,,,
532,我以开放心态迎接每一个社交的机遇。,17,切尔西,,,,,,,,,,,,,,,,,,
533,我每一次的尝试，都是向着更好的自己迈进。,20,切尔西,,,,,,,,,,,,,,,,,,
534,我感到自在，因为我学会了欣赏自己的独特之处。,22,切尔西,,,,,,,,,,,,,,,,,,
535,我相信与人交流能带来新的视角和快乐。,18,切尔西,,,,,,,,,,,,,,,,,,
536,我尊重自己，不因他人看法动摇。,15,切尔西,,,,,,,,,,,,,,,,,,
537,我拥有内在的力量，外界的批评无法影响我。,20,切尔西,,,,,,,,,,,,,,,,,,
538,我的价值不由他人决定，我相信自己。,17,切尔西,,,,,,,,,,,,,,,,,,
539,我学会从经历中汲取力量，而非受辱。,17,切尔西,,,,,,,,,,,,,,,,,,
540,我善待自己，用自信回应每一个挑战。,17,切尔西,,,,,,,,,,,,,,,,,,
541,我感激生活中的每一个小确幸。,14,切尔西,,,,,,,,,,,,,,,,,,
542,我学会在平凡中发现不平凡的恩赐。,16,切尔西,,,,,,,,,,,,,,,,,,
543,我愿意以微笑回应每一次相遇。,14,切尔西,,,,,,,,,,,,,,,,,,
544,我感受到身边人的温暖与爱。,13,切尔西,,,,,,,,,,,,,,,,,,
545,我以感恩之心，拥抱每一个黎明。,15,切尔西,,,,,,,,,,,,,,,,,,
546,我能在独处中找到宁静的力量。,14,切尔西,、,,,,,,,,,,,,,,,,,
547,我享受一个人的自由和内心的对话。,16,切尔西,,,,,,,,,,,,,,,,,,
548,我独处时，正是自我成长的最佳时机。,17,切尔西,,,,,,,,,,,,,,,,,,
549,我在孤独中培养出更强的自我认识。,16,切尔西,、,,,,,,,,,,,,,,,,,
550,我愿意用孤独的时间来丰富自己的内心世界。,20,切尔西,、,,,,,,,,,,,,,,,,,
551,我有能力独立应对生活中的挑战。,15,切尔西,,,,,,,,,,,,,,,,,,
552,我的内心充满勇气，足以独立面对世界。,18,切尔西,,,,,,,,,,,,,,,,,,
553,我独立思考，自信地做出选择。,14,切尔西,,,,,,,,,,,,,,,,,,
554,我为自己的独立和成长感到自豪。,15,切尔西,,,,,,,,,,,,,,,,,,
555,我享受独立带来的自由和满足感。,15,切尔西,,,,,,,,,,,,,,,,,,
556,我在人际交往中能保持平和。,13,切尔西,,,,,,,,,,,,,,,,,,
557,我有能力化解不必要的焦虑。,13,切尔西,,,,,,,,,,,,,,,,,,
558,我相信真诚能赢得别人的信任。,14,切尔西,,,,,,,,,,,,,,,,,,
559,我尊重他人，也值得他人的尊重。,15,切尔西,,,,,,,,,,,,,,,,,,
560,我在社交中找到自信与快乐。,13,切尔西,,,,,,,,,,,,,,,,,,
561,我选择的道路，每一步都充满意义。,16,切尔西,,,,,,,,,,,,,,,,,,
562,我的方向清晰，它引领我向前进。,15,切尔西,,,,,,,,,,,,,,,,,,
563,迷茫是暂时的，我的内心充满光明。,16,切尔西,,,,,,,,,,,,,,,,,,
564,我有能力规划未来，也有信心实现梦想。,18,切尔西,,,,,,,,,,,,,,,,,,
565,每一步探索，都让我更接近理想中的自己。,19,切尔西,,,,,,,,,,,,,,,,,,
566,我接受自己的不完美，拥抱真实的自己。,18,切尔西,,,,,,,,,,,,,,,,,,
567,每一次重复都是自我了解的过程，我值得被理解。,22,切尔西,,,,,,,,,,,,,,,,,,
568,我选择专注于我的选择，而非无法控制的欲望。,21,切尔西,,,,,,,,,,,,,,,,,,
569,我理解自己的行为，我有能力引导自己走向光明。,22,切尔西,,,,,,,,,,,,,,,,,,
570,我尊重自己的感受，它们是我成长的动力。,19,切尔西,,,,,,,,,,,,,,,,,,
571,我乐于分享，乐于助人,10,切尔西,,,,,,,,,,,,,,,,,,
572,我懂得尊重他人，倾听他人,12,切尔西,,,,,,,,,,,,,,,,,,
573,我理解自己的需求，也关心他人的感受,17,切尔西,,,,,,,,,,,,,,,,,,
574,我欣赏合作的力量，珍视团队精神,15,切尔西,,,,,,,,,,,,,,,,,,
575,我致力于自我提升，同时鼓励他人成长,17,切尔西,,,,,,,,,,,,,,,,,,
576,我选择相信自己的潜力无穷大。,14,切尔西,,,,,,,,,,,,,,,,,,
577,我理解自己的独一无二，是无可替代的。,18,切尔西,,,,,,,,,,,,,,,,,,
578,我庆祝每一个小成功，它们累积成我的力量。,20,切尔西,,,,,,,,,,,,,,,,,,
579,我以积极行动确认自己的价值，而非等待他人认可。,23,切尔西,,,,,,,,,,,,,,,,,,
580,我能掌控时间，按时完成任务,13,切尔西,,,,,,,,,,,,,,,,,,
581,我选择积极行动，超越拖延,12,切尔西,,,,,,,,,,,,,,,,,,
582,我专注于现在，一步一个脚印向前,15,切尔西,,,,,,,,,,,,,,,,,,
583,我能分清轻重缓急，优先处理重要任务,17,切尔西,,,,,,,,,,,,,,,,,,
584,我欣赏自己的效率，享受成果的喜悦,16,切尔西,,,,,,,,,,,,,,,,,,
585,我能够勇敢地迈出与他人交流的一步。,17,切尔西,,,,,,,,,,,,,,,,,,
586,我相信自己的价值，我值得被听见。,16,切尔西,,,,,,,,,,,,,,,,,,
587,每一次社交尝试，都是自我成长的起点。,18,切尔西,,,,,,,,,,,,,,,,,,
588,我理解自己，也愿意开放心扉去理解他人。,19,切尔西,,,,,,,,,,,,,,,,,,
589,我拥有与人建立深刻联系的能力。,15,切尔西,,,,,,,,,,,,,,,,,,
590,我选择劳逸结合，保持身心健康。,15,切尔西,,,,,,,,,,,,,,,,,,
591,我懂得适时休息，以恢复活力。,14,切尔西,,,,,,,,,,,,,,,,,,
592,我重视工作效率，不以牺牲健康为代价。,18,切尔西,,,,,,,,,,,,,,,,,,
593,我能够平衡工作与生活，享受每一刻。,17,切尔西,,,,,,,,,,,,,,,,,,
594,我明白健康是成功的基石，我珍惜它。,17,切尔西,,,,,,,,,,,,,,,,,,
595,我学会宽容，内心更宽广。,12,切尔西,,,,,,,,,,,,,,,,,,
596,我理解每个人的不同，尊重他们。,15,切尔西,,,,,,,,,,,,,,,,,,
597,我接纳不同观点，内心更平和。,14,切尔西,,,,,,,,,,,,,,,,,,
598,我减少苛责，用爱对待他人。,13,切尔西,,,,,,,,,,,,,,,,,,
599,我相信宽容能让彼此更美好。,13,切尔西,,,,,,,,,,,,,,,,,,
600,我承认错误是我成长的一部分。,14,切尔西,,,,,,,,,,,,,,,,,,
601,即使失败，我也保持乐观和积极。,15,切尔西,,,,,,,,,,,,,,,,,,
602,我视每次挑战为新的学习和进步机会。,17,切尔西,,,,,,,,,,,,,,,,,,
603,我允许自己犯错，并从中汲取力量。,16,切尔西,,,,,,,,,,,,,,,,,,
604,我相信自己的复原力和解决问题的能力。,18,切尔西,,,,,,,,,,,,,,,,,,
605,我的价值不因他人期待而改变。,14,切尔西,,,,,,,,,,,,,,,,,,
606,我对自己的认可超越他人的评价。,15,切尔西,,,,,,,,,,,,,,,,,,
607,我接纳自己的局限，不因外界而焦虑。,17,切尔西,,,,,,,,,,,,,,,,,,
608,我的存在本身就是独特且有价值的。,16,切尔西,,,,,,,,,,,,,,,,,,
609,我专注于自我成长，不以他人标准来衡量自己。,21,切尔西,,,,,,,,,,,,,,,,,,
610,我的价值由自己定义，不因他人评价而动摇。,20,切尔西,,,,,,,,,,,,,,,,,,
611,我选择自信，不受外界评价影响。,15,切尔西,,,,,,,,,,,,,,,,,,
612,我内心的平静，源于自我认同，而非外界评价。,21,切尔西,,,,,,,,,,,,,,,,,,
613,我相信自己的选择，不受他人看法左右。,18,切尔西,,,,,,,,,,,,,,,,,,
614,我专注于个人成长，外界评价无法动摇我的决心。,22,切尔西,,,,,,,,,,,,,,,,,,
615,我的价值由我自己定义，无人能夺。,16,切尔西,,,,,,,,,,,,,,,,,,
616,我的存在本身就是一份独特的礼物。,16,切尔西,,,,,,,,,,,,,,,,,,
617,我相信自己，每一天都充满新的可能。,17,切尔西,,,,,,,,,,,,,,,,,,
618,我在自我发现的路上，每一天都更了解自己。,20,切尔西,,,,,,,,,,,,,,,,,,
619,我为自己的成就和努力感到骄傲。,15,切尔西,,,,,,,,,,,,,,,,,,
620,我选择主动前进，而非等待时机。,15,切尔西,,,,,,,,,,,,,,,,,,
621,我拥有做出明智选择的能力。,13,切尔西,,,,,,,,,,,,,,,,,,
622,我的每一步行动都充满意义和目的。,16,切尔西,,,,,,,,,,,,,,,,,,
623,我相信自己，可以做出最佳决策。,15,切尔西,,,,,,,,,,,,,,,,,,
624,每一决策都带给我成长和经验积累。,16,切尔西,,,,,,,,,,,,,,,,,,
625,我能够明智地做出选择。,11,切尔西,,,,,,,,,,,,,,,,,,
626,我相信自己决策的能力。,11,切尔西,,,,,,,,,,,,,,,,,,
627,我每一步选择都充满信心。,12,切尔西,,,,,,,,,,,,,,,,,,
628,我能从多个角度审视问题。,12,切尔西,,,,,,,,,,,,,,,,,,
629,我的勇气助我克服选择的犹豫。,14,切尔西,,,,,,,,,,,,,,,,,,
630,情绪波动提醒我关注内心需求。,14,切尔西,,,,,,,,,,,,,,,,,,
631,我学会在情绪起伏中寻找平衡。,14,切尔西,,,,,,,,,,,,,,,,,,
632,我接受情绪变化是自我成长的信号。,16,切尔西,,,,,,,,,,,,,,,,,,
633,我在情绪波动中找到自我调整的力量。,17,切尔西,,,,,,,,,,,,,,,,,,
634,每一次情绪波动都是自我了解的机会。,17,切尔西,,,,,,,,,,,,,,,,,,
635,我在人群中也能保持自我。,12,切尔西,,,,,,,,,,,,,,,,,,
636,我相信自己有独特的价值，值得被了解。,18,切尔西,,,,,,,,,,,,,,,,,,
637,我选择与人交往，因为我乐于分享。,16,切尔西,,,,,,,,,,,,,,,,,,
638,我能在社交中找到自信和快乐。,14,切尔西,,,,,,,,,,,,,,,,,,
639,我愿意打开心扉，与他人建立深刻联系。,18,切尔西,,,,,,,,,,,,,,,,,,
640,我尊重自己的感受，也懂得维护自尊。,17,切尔西,,,,,,,,,,,,,,,,,,
641,我拥有自我价值，不受他人言行影响。,17,切尔西,,,,,,,,,,,,,,,,,,
642,我内在有力量，不会轻易被外界动摇。,17,切尔西,,,,,,,,,,,,,,,,,,
643,我选择积极反应，不受消极情绪左右。,17,切尔西,,,,,,,,,,,,,,,,,,
644,我有能力保持冷静，用智慧应对羞辱。,17,切尔西,,,,,,,,,,,,,,,,,,
645,我能在外界评价中找到自我价值。,15,切尔西,,,,,,,,,,,,,,,,,,
646,我不受他人评价限制，保持内心平静。,17,切尔西,,,,,,,,,,,,,,,,,,
647,我拥有自己的节奏，不因他人而迷失。,17,切尔西,,,,,,,,,,,,,,,,,,
648,我以行动展现能力，不依赖外界评价。,17,切尔西,,,,,,,,,,,,,,,,,,
649,我相信自己的选择，不因他人看法焦虑。,18,切尔西,,,,,,,,,,,,,,,,,,
650,我能够逐步打开心扉，与人交流,14,切尔西,,,,,,,,,,,,,,,,,,
651,我相信自己的社交能力，正慢慢复苏,16,切尔西,,,,,,,,,,,,,,,,,,
652,我愿意主动走出舒适区，结识新朋友,16,切尔西,,,,,,,,,,,,,,,,,,
653,我享受每次与人的互动，都是自我成长的机会,20,切尔西,,,,,,,,,,,,,,,,,,
654,我珍视每一次的社交尝试，它让我更接近真实的自我,23,切尔西,,,,,,,,,,,,,,,,,,
655,我拥有与人交流的独特方式。,13,切尔西,,,,,,,,,,,,,,,,,,
656,即使独处，我也能感到内心的充实。,16,切尔西,,,,,,,,,,,,,,,,,,
657,我选择何时展现自己的社交魅力。,15,切尔西,,,,,,,,,,,,,,,,,,
658,我理解自己，这是与人交往的第一步。,17,切尔西,,,,,,,,,,,,,,,,,,
659,我愿意在舒适的环境中与他人连接。,16,切尔西,,,,,,,,,,,,,,,,,,
660,我的价值在于我的努力和选择。,14,切尔西,,,,,,,,,,,,,,,,,,
661,我拥有自我提升的力量和勇气。,14,切尔西,,,,,,,,,,,,,,,,,,
662,我在困难中寻找成长的机会。,13,切尔西,,,,,,,,,,,,,,,,,,
663,我值得被爱，也值得自我肯定。,14,切尔西,,,,,,,,,,,,,,,,,,
664,我相信自己的潜力，每一天都在发掘它。,18,切尔西,,,,,,,,,,,,,,,,,,
665,我能从情绪波动中找到成长的机会。,16,切尔西,,,,,,,,,,,,,,,,,,
666,我的情绪波动是我内心世界的一部分，我接受它。,22,切尔西,,,,,,,,,,,,,,,,,,
667,我能够管理和调节自己的情绪波动。,16,切尔西,,,,,,,,,,,,,,,,,,
668,我的情绪波动提醒我需要更多的自我关怀。,19,切尔西,,,,,,,,,,,,,,,,,,
669,我有能力将情绪波动转化为前进的动力。,18,切尔西,,,,,,,,,,,,,,,,,,
670,我的情感值得被尊重和倾听。,13,切尔西,,,,,,,,,,,,,,,,,,
671,我能勇敢表达内心的感受。,12,切尔西,,,,,,,,,,,,,,,,,,
672,我有能力调节和释放压抑的情感。,15,切尔西,,,,,,,,,,,,,,,,,,
673,我选择用爱和理解来看待自己的情感。,17,切尔西,,,,,,,,,,,,,,,,,,
674,我相信通过表达，我能获得更多的自由和力量。,21,切尔西,,,,,,,,,,,,,,,,,,
675,我适应力强，能从容应对变化。,14,切尔西,,,,,,,,,,,,,,,,,,
676,面对困难，我总能发现新的出路。,15,切尔西,,,,,,,,,,,,,,,,,,
677,我有能力调整自己，适应新环境。,15,切尔西,,,,,,,,,,,,,,,,,,
678,我的每一点进步，都让我更加适应。,16,切尔西,,,,,,,,,,,,,,,,,,
679,我勇敢接受挑战，乐观面对适应期。,16,切尔西,,,,,,,,,,,,,,,,,,
680,我内心充满平和，坚定无比。,13,切尔西,,,,,,,,,,,,,,,,,,
681,我相信自己的判断，它赋予我力量。,16,切尔西,,,,,,,,,,,,,,,,,,
682,我选择信任，从而获得内心的安宁。,16,切尔西,,,,,,,,,,,,,,,,,,
683,我释放恐惧，拥抱自我中的安全感。,16,切尔西,,,,,,,,,,,,,,,,,,
684,我有能力建立稳固的自我安全基础。,16,切尔西,,,,,,,,,,,,,,,,,,
685,我在孤独中发现自己的光。,12,切尔西,、,,,,,,,,,,,,,,,,,
686,孤独是我与自我对话的宝贵时刻。,15,切尔西,、,,,,,,,,,,,,,,,,,
687,我享受独处时内心世界的丰富。,14,切尔西,,,,,,,,,,,,,,,,,,
688,我珍视孤独带来的自我成长机会。,15,切尔西,、,,,,,,,,,,,,,,,,,
689,我认识到孤独是自我提升的宝贵阶段。,17,切尔西,、,,,,,,,,,,,,,,,,,
690,我拥有独特的价值，无可替代,13,切尔西,,,,,,,,,,,,,,,,,,
691,我坚持自我，不因他人评价动摇,14,切尔西,,,,,,,,,,,,,,,,,,
692,我珍视内心的声音，它是我前进的力量,17,切尔西,,,,,,,,,,,,,,,,,,
693,我接受自我，包括所有的瑕疵与亮点,16,切尔西,,,,,,,,,,,,,,,,,,
694,我确信自己的选择，每一步都值得肯定,17,切尔西,,,,,,,,,,,,,,,,,,
695,我能管理自己的情绪波动。,12,切尔西,,,,,,,,,,,,,,,,,,
696,每一次的情绪起伏，都让我更了解自己。,18,切尔西,,,,,,,,,,,,,,,,,,
697,我有足够的智慧去应对情绪的高低。,16,切尔西,,,,,,,,,,,,,,,,,,
698,我学会了在情绪波动中找到平衡。,15,切尔西,,,,,,,,,,,,,,,,,,
699,我能够接纳自己的每一份情绪，并给予适当的爱抚。,23,切尔西,,,,,,,,,,,,,,,,,,
700,我有能力适应新环境，迎接挑战。,15,切尔西,,,,,,,,,,,,,,,,,,
701,每次适应新事物，我都在成长。,14,切尔西,,,,,,,,,,,,,,,,,,
702,适应力是我内心的力量之一。,13,切尔西,,,,,,,,,,,,,,,,,,
703,我愿意接受变化，拥抱新的可能性。,16,切尔西,,,,,,,,,,,,,,,,,,
704,适应新环境，是我迈向成功的一部分。,17,切尔西,,,,,,,,,,,,,,,,,,
705,我的自尊来自内在，不受他人评价影响。,18,切尔西,,,,,,,,,,,,,,,,,,
706,我有能力管理情绪，尊重自己和他人。,17,切尔西,,,,,,,,,,,,,,,,,,
707,我自信且坚定，不受无谓的批评左右。,17,切尔西,,,,,,,,,,,,,,,,,,
708,我有自我价值感，不受外界贬损影响。,17,切尔西,,,,,,,,,,,,,,,,,,
709,我选择以积极的态度面对他人的不理解。,18,切尔西,,,,,,,,,,,,,,,,,,
710,我内心的平静是我安全的港湾。,14,切尔西,,,,,,,,,,,,,,,,,,
711,我勇敢面对未知，这是我力量的源泉。,17,切尔西,,,,,,,,,,,,,,,,,,
712,我能自我依赖，这是我自信的基石。,16,切尔西,,,,,,,,,,,,,,,,,,
713,我选择信任自己，这是我心安的起点。,17,切尔西,,,,,,,,,,,,,,,,,,
714,我给予自己无条件的爱，这是我最坚实的盾牌。,21,切尔西,,,,,,,,,,,,,,,,,,
715,我内心的平静不由他人评价所动。,15,切尔西,,,,,,,,,,,,,,,,,,
716,我的价值来源于自我认知，而非外界标签。,19,切尔西,,,,,,,,,,,,,,,,,,
717,我能以客观心态面对外界的误解和批评。,18,切尔西,,,,,,,,,,,,,,,,,,
718,我选择相信自己的判断，不受他人观点左右。,20,切尔西,,,,,,,,,,,,,,,,,,
719,我有足够的勇气，去追求自己真正想要的生活。,21,切尔西,,,,,,,,,,,,,,,,,,
720,我的价值不因他人眼光而改变。,14,切尔西,,,,,,,,,,,,,,,,,,
721,我有独特的才华，无需怀疑。,13,切尔西,,,,,,,,,,,,,,,,,,
722,我接受自己的不完美，并且依然自信。,17,切尔西,,,,,,,,,,,,,,,,,,
723,我相信自己的选择，它们铸就了我的价值。,19,切尔西,,,,,,,,,,,,,,,,,,
724,我有能力克服困难，展现真正的自我。,17,切尔西,,,,,,,,,,,,,,,,,,
725,我接受自己独特的思考方式。,13,切尔西,,,,,,,,,,,,,,,,,,
726,我欣赏自己的不同，它是我的一部分。,17,切尔西,,,,,,,,,,,,,,,,,,
727,我的每一个想法都是成长的种子。,15,切尔西,,,,,,,,,,,,,,,,,,
728,我以开放的心态拥抱自己的多样性。,16,切尔西,,,,,,,,,,,,,,,,,,
729,我相信自己的价值，不因别人的看法而动摇。,20,切尔西,,,,,,,,,,,,,,,,,,
730,我在家庭关系中展现理解与耐心。,15,切尔西,,,,,,,,,,,,,,,,,,
731,我有能力化解家庭中的紧张气氛。,15,切尔西,,,,,,,,,,,,,,,,,,
732,我相信家庭中的爱能超越一切冲突。,16,切尔西,,,,,,,,,,,,,,,,,,
733,我保持冷静，以智慧处理家庭纷争。,16,切尔西,,,,,,,,,,,,,,,,,,
734,我选择用爱与包容来修复家庭关系。,16,切尔西,,,,,,,,,,,,,,,,,,
735,我珍爱自己的身体，它是我力量的源泉。,18,切尔西,,,,,,,,,,,,,,,,,,
736,我接受自己的完美与不完美，每种形态都是独特的美。,24,切尔西,,,,,,,,,,,,,,,,,,
737,我相信内心的自信比外在的形象更重要。,18,切尔西,,,,,,,,,,,,,,,,,,
738,我选择健康而非焦虑，我的身体我做主。,18,切尔西,,,,,,,,,,,,,,,,,,
739,我欣赏自己的每一面，无论他人如何评说。,19,切尔西,,,,,,,,,,,,,,,,,,
740,我欣赏自己的独特之美。,11,切尔西,,,,,,,,,,,,,,,,,,
741,我的自信来自内心的强大，不依赖外表。,18,切尔西,,,,,,,,,,,,,,,,,,
742,我理解真正的美丽来自内在的光辉。,16,切尔西,,,,,,,,,,,,,,,,,,
743,我学会接受并珍视自己的每一份不完美。,18,切尔西,,,,,,,,,,,,,,,,,,
744,我拥有超越外表的力量和才华。,14,切尔西,,,,,,,,,,,,,,,,,,
745,我有能力打破孤立，重建联系。,14,切尔西,,,,,,,,,,,,,,,,,,
746,我相信每一次微小的社交尝试都值得称赞。,19,切尔西,,,,,,,,,,,,,,,,,,
747,我愿意主动伸出友好之手。,12,切尔西,,,,,,,,,,,,,,,,,,
748,我享受与人交流，它能丰富我的生活。,17,切尔西,,,,,,,,,,,,,,,,,,
749,我懂得社交是一种技能，我可以通过练习而进步。,22,切尔西,,,,,,,,,,,,,,,,,,
750,我选择开放自我，与人交流,12,切尔西,,,,,,,,,,,,,,,,,,
751,我有能力迎接社交中的挑战,12,切尔西,,,,,,,,,,,,,,,,,,
752,我在社交中寻找乐趣，而非逃避,14,切尔西,,,,,,,,,,,,,,,,,,
753,我认可自己的价值，并愿意与人分享,16,切尔西,,,,,,,,,,,,,,,,,,
754,我相信自己能在社交中找到共鸣,14,切尔西,,,,,,,,,,,,,,,,,,
755,我以真诚之心，获得他人的信任。,15,切尔西,,,,,,,,,,,,,,,,,,
756,我理解并接受每个人的不同，包括自己。,18,切尔西,,,,,,,,,,,,,,,,,,
757,我有能力化解误会，增进彼此的理解。,17,切尔西,,,,,,,,,,,,,,,,,,
758,我在交往中保持耐心和尊重，这使我人缘更佳。,21,切尔西,,,,,,,,,,,,,,,,,,
759,我相信通过有效沟通，我能改善人际关系。,19,切尔西,,,,,,,,,,,,,,,,,,
760,我的内在价值不因他人评价改变。,15,切尔西,,,,,,,,,,,,,,,,,,
761,我理解焦虑，决心用行动超越它。,15,切尔西,,,,,,,,,,,,,,,,,,
762,我相信自己，不为外界噪音所动。,15,切尔西,,,,,,,,,,,,,,,,,,
763,我选择自我肯定，而非依赖他人认可。,17,切尔西,,,,,,,,,,,,,,,,,,
764,我的内心平静，不为外界评价所影响。,17,切尔西,,,,,,,,,,,,,,,,,,
765,我在职业道路上不断探索，每一步都坚定而有价值。,23,切尔西,,,,,,,,,,,,,,,,,,
766,我对未来的职业规划充满信心，每一个选择都光明而充满希望。,28,切尔西,,,,,,,,,,,,,,,,,,
767,我有能力克服职业发展中的挑战，成长为更好的自己。,24,切尔西,,,,,,,,,,,,,,,,,,
768,我相信通过不懈努力，职业成功会水到渠成。,20,切尔西,,,,,,,,,,,,,,,,,,
769,我拥抱变化，每一次尝试都是自我实现的起点。,21,切尔西,,,,,,,,,,,,,,,,,,
770,我的情绪是我内在力量的体现。,14,切尔西,,,,,,,,,,,,,,,,,,
771,我有能力管理自己的情绪波动。,14,切尔西,,,,,,,,,,,,,,,,,,
772,我的情绪波动是我成长的机会。,14,切尔西,,,,,,,,,,,,,,,,,,
773,我接受自己情绪的多样性，它丰富了我的人生体验。,23,切尔西,,,,,,,,,,,,,,,,,,
774,我学会在情绪波动中寻找平衡和自我理解。,19,切尔西,,,,,,,,,,,,,,,,,,
775,我的价值由我自己定义，不依赖他人评价。,19,切尔西,,,,,,,,,,,,,,,,,,
776,我坚信自己的潜力，别人的怀疑不会动摇我。,20,切尔西,,,,,,,,,,,,,,,,,,
777,每个挑战都是我成长的契机，我勇敢面对。,19,切尔西,,,,,,,,,,,,,,,,,,
778,我值得被爱，我也值得成功，我对自己的未来充满信心。,25,切尔西,,,,,,,,,,,,,,,,,,
779,我内心的光芒，不会因为自我怀疑而黯淡。,19,切尔西,,,,,,,,,,,,,,,,,,
780,我感激每一次微小的恩赐，它们成就了我的今天。,22,切尔西,,,,,,,,,,,,,,,,,,
781,我拥有感恩之心，它能让我看到生活的美好。,20,切尔西,,,,,,,,,,,,,,,,,,
782,我感谢遇到的每一个人，他们教会我成长。,19,切尔西,,,,,,,,,,,,,,,,,,
783,我珍视每一份爱，它是我力量的源泉。,17,切尔西,,,,,,,,,,,,,,,,,,
784,我学会感恩，它让我的心灵更宽广。,16,切尔西,,,,,,,,,,,,,,,,,,
785,我专注于当下，每一次呼吸都是新的开始。,19,切尔西,,,,,,,,,,,,,,,,,,
786,我相信自己的专注力，在任何情况下都能集中。,21,切尔西,,,,,,,,,,,,,,,,,,
787,我能够通过练习和努力，提高我的注意力。,19,切尔西,,,,,,,,,,,,,,,,,,
788,每一次的专注，都是我前进步伐中的稳定力量。,21,切尔西,,,,,,,,,,,,,,,,,,
789,我有能力掌控我的注意力，不被外界所干扰。,20,切尔西,,,,,,,,,,,,,,,,,,
790,我记住的每一件事都是宝贵的财富。,16,切尔西,,,,,,,,,,,,,,,,,,
791,我的每一点进步都值得庆祝。,13,切尔西,,,,,,,,,,,,,,,,,,
792,我通过练习可以增强记忆力。,13,切尔西,,,,,,,,,,,,,,,,,,
793,我可以选择关注那些我记牢的美好瞬间。,18,切尔西,,,,,,,,,,,,,,,,,,
794,我乐于接受新鲜事物，保持思维活跃。,17,切尔西,,,,,,,,,,,,,,,,,,
795,我的选择，总能带来新的起点。,14,切尔西,,,,,,,,,,,,,,,,,,
796,我拥有做出明智决策的力量。,13,切尔西,,,,,,,,,,,,,,,,,,
797,每次决策，我都更接近真实自我。,15,切尔西,,,,,,,,,,,,,,,,,,
798,我乐于接受选择带来的所有结果。,15,切尔西,,,,,,,,,,,,,,,,,,
799,我相信自己的直觉，它引导我前行。,16,切尔西,,,,,,,,,,,,,,,,,,
800,我乐于倾听，也敢于表达。,12,切尔西,,,,,,,,,,,,,,,,,,
801,我有能力与人建立积极的沟通。,14,切尔西,,,,,,,,,,,,,,,,,,
802,我在交流中寻找共同点，增进理解。,16,切尔西,,,,,,,,,,,,,,,,,,
803,我尊重他人，也期待被理解，这促使我开放心扉。,22,切尔西,,,,,,,,,,,,,,,,,,
804,我通过交流学习新知，丰富自我。,15,切尔西,,,,,,,,,,,,,,,,,,
805,我选择以积极心态面对每一个夜晚。,16,切尔西,,,,,,,,,,,,,,,,,,
806,我拥有改善睡眠质量的能力。,13,切尔西,,,,,,,,,,,,,,,,,,
807,我在宁静中找到心的安宁。,12,切尔西,,,,,,,,,,,,,,,,,,
808,我相信每天都是重建睡眠习惯的新开始。,18,切尔西,,,,,,,,,,,,,,,,,,
809,我感激身心的恢复和新一天的到来。,16,切尔西,,,,,,,,,,,,,,,,,,
810,我有能力平衡工作与休息,11,切尔西,,,,,,,,,,,,,,,,,,
811,我重视自己的健康，也尊重身体的极限,17,切尔西,,,,,,,,,,,,,,,,,,
812,我懂得适时放松，以保持最佳状态,15,切尔西,,,,,,,,,,,,,,,,,,
813,我每天都有时间来充电和恢复活力,15,切尔西,,,,,,,,,,,,,,,,,,
814,我懂得说不，保护我的精神和身体福祉,17,切尔西,,,,,,,,,,,,,,,,,,
815,我选择积极面对生活的不确定性。,15,切尔西,,,,,,,,,,,,,,,,,,
816,每一步探索都是自我发现之旅。,14,切尔西,,,,,,,,,,,,,,,,,,
817,我有能力塑造自己想要的未来。,14,切尔西,,,,,,,,,,,,,,,,,,
818,我的内心有无尽的潜能等待发掘。,15,切尔西,,,,,,,,,,,,,,,,,,
819,我愿意接受挑战，相信自我成长的力量。,18,切尔西,,,,,,,,,,,,,,,,,,
820,我拥有战胜无助的力量。,11,切尔西,,,,,,,,,,,,,,,,,,
821,我能在困难中发现自身的潜力。,14,切尔西,,,,,,,,,,,,,,,,,,
822,我相信自己能找回内心的方向。,14,切尔西,,,,,,,,,,,,,,,,,,
823,我有能力将无助变为成长的动力。,15,切尔西,,,,,,,,,,,,,,,,,,
824,我将持续行动，直至无助感消散。,15,切尔西,,,,,,,,,,,,,,,,,,
825,我能在内心找到安宁,9,切尔西,,,,,,,,,,,,,,,,,,
826,我相信自己的价值无需外界肯定,14,切尔西,,,,,,,,,,,,,,,,,,
827,我有能力面对生活中的不确定性,14,切尔西,,,,,,,,,,,,,,,,,,
828,我的存在本身就是安全和稳定的,14,切尔西,,,,,,,,,,,,,,,,,,
829,我学会从小事中感受内心的平和,14,切尔西,,,,,,,,,,,,,,,,,,
830,我接受自己所有的情感，它们使我更完整。,19,切尔西,,,,,,,,,,,,,,,,,,
831,我情绪的波动，是我成长的一部分。,16,切尔西,,,,,,,,,,,,,,,,,,
832,我能管理好自己的情绪，我感到自豪。,17,切尔西,,,,,,,,,,,,,,,,,,
833,我感谢每一次情绪起伏，它们让我更了解自己。,21,切尔西,,,,,,,,,,,,,,,,,,
834,我有能力在情绪波动中找到平衡。,15,切尔西,,,,,,,,,,,,,,,,,,
835,我内心坚强，不受外界侮辱影响。,15,切尔西,,,,,,,,,,,,,,,,,,
836,我的价值不由他人评价定义。,13,切尔西,,,,,,,,,,,,,,,,,,
837,我能够从容应对各种非议和误解。,15,切尔西,,,,,,,,,,,,,,,,,,
838,我选择用行动证明自己，而非受他人言论影响。,21,切尔西,,,,,,,,,,,,,,,,,,
839,我懂得尊重自己，不因外界言论动摇。,17,切尔西,,,,,,,,,,,,,,,,,,
840,我感激生活中的每一份恩赐。,13,切尔西,,,,,,,,,,,,,,,,,,
841,我心怀感激于每日的小事之中。,14,切尔西,,,,,,,,,,,,,,,,,,
842,我发现身边的美好，并心存感激。,15,切尔西,,,,,,,,,,,,,,,,,,
843,我以感激之心对待每一次相遇。,14,切尔西,,,,,,,,,,,,,,,,,,
844,我感谢每一次跌倒，它教我学会感恩。,17,切尔西,,,,,,,,,,,,,,,,,,
845,我学会从记忆中汲取力量,11,切尔西,,,,,,,,,,,,,,,,,,
846,我有能力将记忆转化为前进的动力,15,切尔西,,,,,,,,,,,,,,,,,,
847,每一次记忆闪回，我都在变得更强大,16,切尔西,,,,,,,,,,,,,,,,,,
848,我感谢记忆带给我的经验与教训,14,切尔西,,,,,,,,,,,,,,,,,,
849,我有能力选择如何面对记忆的挑战,15,切尔西,,,,,,,,,,,,,,,,,,
850,我选择用理解代替攻击，内心更平和。,17,切尔西,,,,,,,,,,,,,,,,,,
851,我有能力化解冲突，走向和谐。,14,切尔西,,,,,,,,,,,,,,,,,,
852,我通过沟通解决问题，提升自我。,15,切尔西,,,,,,,,,,,,,,,,,,
853,我理解他人，也尊重自己的观点。,15,切尔西,,,,,,,,,,,,,,,,,,
854,我的情绪由我来控制，不伤害他人。,16,切尔西,,,,,,,,,,,,,,,,,,
855,我懂得用智慧化解冲突。,11,切尔西,,,,,,,,,,,,,,,,,,
856,我选择平和的方式表达不同意见。,15,切尔西,,,,,,,,,,,,,,,,,,
857,我有能力从冲突中寻找共同点。,14,切尔西,,,,,,,,,,,,,,,,,,
858,我坚信沟通能解决任何问题。,13,切尔西,,,,,,,,,,,,,,,,,,
859,我尊重每个人的观点，即使它们与我不同。,19,切尔西,,,,,,,,,,,,,,,,,,
860,我正学习用开放的心态去交流。,14,切尔西,,,,,,,,,,,,,,,,,,
861,我能够倾听他人，也愿意分享自己。,16,切尔西,,,,,,,,,,,,,,,,,,
862,我拥抱每一次对话，它是自我成长的机会。,19,切尔西,,,,,,,,,,,,,,,,,,
863,我相信真诚沟通的力量，它连接你我。,17,切尔西,,,,,,,,,,,,,,,,,,
864,我每天练习表达自己，增强交流能力。,17,切尔西,,,,,,,,,,,,,,,,,,
865,我内心平和，能安然入睡,11,切尔西,,,,,,,,,,,,,,,,,,
866,我有能力调整身心，享受甜美梦境,15,切尔西,,,,,,,,,,,,,,,,,,
867,我感激每一次的休息和恢复,12,切尔西,,,,,,,,,,,,,,,,,,
868,我通过放松身心，迎接优质睡眠,14,切尔西,,,,,,,,,,,,,,,,,,
869,我珍惜夜晚的宁静，它让我精神焕发,16,切尔西,,,,,,,,,,,,,,,,,,
870,我能控制自己的情绪，选择宽恕。,15,切尔西,,,,,,,,,,,,,,,,,,
871,我原谅过去的伤害，珍视内心的平和。,17,切尔西,,,,,,,,,,,,,,,,,,
872,我释放愤怒，拥抱内心的宁静。,14,切尔西,,,,,,,,,,,,,,,,,,
873,我有能力转化怨恨，寻找积极的解决方案。,19,切尔西,,,,,,,,,,,,,,,,,,
874,我选择用爱和理解来化解心中的怨恨。,17,切尔西,,,,,,,,,,,,,,,,,,
875,我释怀过往，把握当下,10,切尔西,,,,,,,,,,,,,,,,,,
876,我选择向前看，前方总有新希望,14,切尔西,,,,,,,,,,,,,,,,,,
877,每个选择都铸就今天的我，我为此骄傲,17,切尔西,,,,,,,,,,,,,,,,,,
878,我以行动改写未来，让后悔成为动力,16,切尔西,,,,,,,,,,,,,,,,,,
879,我拥有从经历中学习并成长的能力,15,切尔西,,,,,,,,,,,,,,,,,,
880,我能在混乱中找到自己的秩序。,14,切尔西,,,,,,,,,,,,,,,,,,
881,我有能力管理好自己的生活。,13,切尔西,,,,,,,,,,,,,,,,,,
882,我的情绪是我的老师，教会我如何成长。,18,切尔西,,,,,,,,,,,,,,,,,,
883,每一步小改变，都在引领我通向清晰的未来。,20,切尔西,,,,,,,,,,,,,,,,,,
884,我选择心平气和，面对生活的每一个瞬间。,19,切尔西,,,,,,,,,,,,,,,,,,
885,我能够集中精神，专注于当下。,14,切尔西,,,,,,,,,,,,,,,,,,
886,我的内心有力量，可以克服分心。,15,切尔西,,,,,,,,,,,,,,,,,,
887,我选择专注于最重要的任务。,13,切尔西,,,,,,,,,,,,,,,,,,
888,我每一次呼吸都带来新的专注力。,15,切尔西,,,,,,,,,,,,,,,,,,
889,我有意识地管理我的注意力。,13,切尔西,,,,,,,,,,,,,,,,,,
890,我通过重复练习，记忆力逐渐提升。,16,切尔西,,,,,,,,,,,,,,,,,,
891,我利用笔记和图表，有效管理记忆。,16,切尔西,,,,,,,,,,,,,,,,,,
892,我每天学习新事物，锻炼大脑灵活性。,17,切尔西,,,,,,,,,,,,,,,,,,
893,我静心冥想，提升注意力和记忆力。,16,切尔西,,,,,,,,,,,,,,,,,,
894,我感恩生活中的每一点进步。,13,切尔西,,,,,,,,,,,,,,,,,,
895,我能明晰个人价值观，为决策指引方向。,18,切尔西,,,,,,,,,,,,,,,,,,
896,我选择听从内心，信任自己的直觉。,16,切尔西,,,,,,,,,,,,,,,,,,
897,我勇于承担责任，为自己的选择自豪。,17,切尔西,,,,,,,,,,,,,,,,,,
898,我有能力分析利弊，做出明智的选择。,17,切尔西,,,,,,,,,,,,,,,,,,
899,我将冷静思考，智慧地应对每一个决策。,18,切尔西,,,,,,,,,,,,,,,,,,
900,我内在的价值无与伦比。,11,切尔西,,,,,,,,,,,,,,,,,,
901,我相信自己，每一天都更加坚定。,15,切尔西,,,,,,,,,,,,,,,,,,
902,我的存在对世界有着独特的意义。,15,切尔西,,,,,,,,,,,,,,,,,,
903,我能克服自我怀疑，释放内在的光芒。,17,切尔西,,,,,,,,,,,,,,,,,,
904,我选择看重自己，正如宇宙看重每一颗星星。,20,切尔西,,,,,,,,,,,,,,,,,,
905,我心怀感激，珍视身边的人和事。,15,切尔西,,,,,,,,,,,,,,,,,,
906,我感恩每一次挑战，它让我成长。,15,切尔西,,,,,,,,,,,,,,,,,,
907,我每天寻找值得感谢的美好事物。,15,切尔西,,,,,,,,,,,,,,,,,,
908,我学会感恩，让心灵充满阳光。,14,切尔西,,,,,,,,,,,,,,,,,,
909,我理解自己，拥抱内心的每一面。,15,切尔西,,,,,,,,,,,,,,,,,,
910,我能温柔地接纳自己的全部。,13,切尔西,,,,,,,,,,,,,,,,,,
911,我信任自己的感受，它们指引我成长。,17,切尔西,,,,,,,,,,,,,,,,,,
912,我拥有整合自我的力量，我尊重自己的完整性。,21,切尔西,,,,,,,,,,,,,,,,,,
913,我肯定自己的存在，每一部分都值得被爱。,19,切尔西,,,,,,,,,,,,,,,,,,
914,我拥有开口表达自己的勇气。,13,切尔西,,,,,,,,,,,,,,,,,,
915,我珍视每一次与人交流的机会。,14,切尔西,,,,,,,,,,,,,,,,,,
916,我相信沟通能带来理解和联结。,14,切尔西,,,,,,,,,,,,,,,,,,
917,我将主动倾听，同时勇于表达自己的声音。,19,切尔西,,,,,,,,,,,,,,,,,,
918,我在交流中不断成长，变得更加自信。,17,切尔西,,,,,,,,,,,,,,,,,,
919,我拥有重启社交的力量。,11,切尔西,,,,,,,,,,,,,,,,,,
920,我能勇敢地迈出第一步，结交新朋友。,17,切尔西,,,,,,,,,,,,,,,,,,
921,我有能力通过小行动来建立新的联系。,17,切尔西,,,,,,,,,,,,,,,,,,
922,我相信自我价值，这将吸引他人前来。,17,切尔西,,,,,,,,,,,,,,,,,,
923,我将通过积极的交流，建立更深的人际关系。,20,切尔西,,,,,,,,,,,,,,,,,,
924,我内心的力量，让我迈出每一步。,15,切尔西,,,,,,,,,,,,,,,,,,
925,与人交流，我能展现真实的自我。,15,切尔西,,,,,,,,,,,,,,,,,,
926,我能够倾听，也愿意分享我的故事。,16,切尔西,,,,,,,,,,,,,,,,,,
927,每次社交尝试，都让我更接近成长。,16,切尔西,,,,,,,,,,,,,,,,,,
928,我珍视每一次与人连接的机会。,14,切尔西,,,,,,,,,,,,,,,,,,
929,我的内心充满光明，温暖渐至。,14,切尔西,,,,,,,,,,,,,,,,,,
930,我能感受生活的点滴美好，情感复苏。,17,切尔西,,,,,,,,,,,,,,,,,,
931,我学会倾听内心的声音，情感在觉醒。,17,切尔西,,,,,,,,,,,,,,,,,,
932,我选择接纳和体验情感，慢慢地恢复敏感。,19,切尔西,,,,,,,,,,,,,,,,,,
933,我的情感世界在滋养中变得更加丰富多彩。,19,切尔西,,,,,,,,,,,,,,,,,,
934,我每天都会有新的进步，逐渐恢复活力。,18,切尔西,,,,,,,,,,,,,,,,,,
935,我有能力调整自己，重燃对生活的热情。,18,切尔西,,,,,,,,,,,,,,,,,,
936,我将通过积极行动，逐步提升生活质量。,18,切尔西,,,,,,,,,,,,,,,,,,
937,我相信自己的适应力，会逐渐找回生活节奏。,20,切尔西,,,,,,,,,,,,,,,,,,
938,我珍视自己的每一步成长，生活功能将日益强大。,22,切尔西,,,,,,,,,,,,,,,,,,
939,我欣赏自己的每一个选择，无论大小。,17,切尔西,,,,,,,,,,,,,,,,,,
940,我理解欲望的起伏，我知道我总能找回激情。,20,切尔西,,,,,,,,,,,,,,,,,,
941,我允许自己体验宁静，这是内心平和的体现。,20,切尔西,,,,,,,,,,,,,,,,,,
942,我的每一刻都是新的开始，我对未来充满期待。,21,切尔西,,,,,,,,,,,,,,,,,,
943,我感恩生活中的每一份体验，它们塑造了我。,20,切尔西,,,,,,,,,,,,,,,,,,
944,我选择用微笑迎接每一天。,12,切尔西,,,,,,,,,,,,,,,,,,
945,我坚信黑暗过后是黎明。,11,切尔西,,,,,,,,,,,,,,,,,,
946,我相信内心有无尽的光芒。,12,切尔西,,,,,,,,,,,,,,,,,,
947,每一次挑战，都是自我成长的机会。,16,切尔西,,,,,,,,,,,,,,,,,,
948,我有能力将悲观转化为希望。,13,切尔西,,,,,,,,,,,,,,,,,,
949,我能够理解不同观点，拥抱多样性。,16,切尔西,,,,,,,,,,,,,,,,,,
950,我学习接受新信息，逐步调整自己的认知。,19,切尔西,,,,,,,,,,,,,,,,,,
951,我坚信自己的适应力，积极面对变化。,17,切尔西,,,,,,,,,,,,,,,,,,
952,我在不同声音中寻找平衡，稳步前行。,17,切尔西,,,,,,,,,,,,,,,,,,
953,我相信通过深入思考，我能解决认知上的冲突。,21,切尔西,,,,,,,,,,,,,,,,,,
954,我的经历塑造了今天的我，我值得骄傲。,18,切尔西,,,,,,,,,,,,,,,,,,
955,我有能力将挑战转化为成长的机会。,16,切尔西,,,,,,,,,,,,,,,,,,
956,我选择专注于进步，而非过去的失误。,17,切尔西,,,,,,,,,,,,,,,,,,
957,我欣赏自己的每一个努力，无论结果如何。,19,切尔西,,,,,,,,,,,,,,,,,,
958,我原谅自己的不完美，因为这是成长的一部分。,21,切尔西,,,,,,,,,,,,,,,,,,
959,我拥有改变命运的力量,10,切尔西,,,,,,,,,,,,,,,,,,
960,我相信自己的抉择能塑造未来,13,切尔西,,,,,,,,,,,,,,,,,,
961,每一步前行都是我自由意志的体现,15,切尔西,,,,,,,,,,,,,,,,,,
962,我拒绝宿命论，拥抱可能,11,切尔西,,,,,,,,,,,,,,,,,,
963,我的每一选择都为我的明天铺路,14,切尔西,,,,,,,,,,,,,,,,,,
964,我每晚都能安然入睡。,10,切尔西,,,,,,,,,,,,,,,,,,
965,我能够放松身心，迎接甜美梦境。,15,切尔西,,,,,,,,,,,,,,,,,,
966,我在宁静的夜晚找到内心的平和。,15,切尔西,,,,,,,,,,,,,,,,,,
967,我感谢每个夜晚给予我的休息机会。,16,切尔西,,,,,,,,,,,,,,,,,,
968,我相信明天醒来，我将焕发活力。,15,切尔西,,,,,,,,,,,,,,,,,,
969,我有能力战胜依赖，走向健康生活。,16,切尔西,,,,,,,,,,,,,,,,,,
970,我相信自己的选择，能够远离药物的诱惑。,19,切尔西,,,,,,,,,,,,,,,,,,
971,我学会了倾听内心的声音，拒绝了药物的束缚。,21,切尔西,,,,,,,,,,,,,,,,,,
972,我每天都在进步，逐步摆脱对药物的依赖。,19,切尔西,,,,,,,,,,,,,,,,,,
973,我拥有强大的意志力，能够战胜一切药物的引诱。,22,切尔西,,,,,,,,,,,,,,,,,,
974,我选择健康饮食，充实身心,12,切尔西,,,,,,,,,,,,,,,,,,
975,我能够控制欲望，培养良好习惯,14,切尔西,,,,,,,,,,,,,,,,,,
976,我有能力戒除不良习惯，迈向健康生活,17,切尔西,,,,,,,,,,,,,,,,,,
977,我珍惜身体，拒绝熬夜和酗酒,13,切尔西,,,,,,,,,,,,,,,,,,
978,我决定改变，每一天都更接近理想自我,17,切尔西,,,,,,,,,,,,,,,,,,
979,我选择爱护自己，珍视生命的每一步。,17,切尔西,,,,,,,,,,,,,,,,,,
980,我有能力控制冲动，选择积极的生活态度。,19,切尔西,,,,,,,,,,,,,,,,,,
981,我用正面行为替代消极想法，自信成长。,18,切尔西,,,,,,,,,,,,,,,,,,
982,我理解自己的价值，拒绝自我伤害的冲动。,19,切尔西,,,,,,,,,,,,,,,,,,
983,我拥有改变的力量，每一天都更接近更好的自我。,22,切尔西,,,,,,,,,,,,,,,,,,
984,我内心的强大是无需外求的堡垒。,15,切尔西,,,,,,,,,,,,,,,,,,
985,我能够给予自己最深的安全感和信任。,17,切尔西,,,,,,,,,,,,,,,,,,
986,我的每一步行动都在巩固内心的安宁。,17,切尔西,,,,,,,,,,,,,,,,,,
987,我相信自己的选择，它们是我安全感的基石。,20,切尔西,,,,,,,,,,,,,,,,,,
988,我勇敢面对挑战，因为我知道我可以依靠自己。,21,切尔西,,,,,,,,,,,,,,,,,,
989,悲伤是我情感的一部分，我接受它。,16,切尔西,,,,,,,,,,,,,,,,,,
990,我有能力感受悲伤，也有能力超越它。,17,切尔西,,,,,,,,,,,,,,,,,,
991,每一次的悲伤都是成长的机会。,14,切尔西,,,,,,,,,,,,,,,,,,
992,我愿意给自己时间和空间去体验和治愈。,18,切尔西,,,,,,,,,,,,,,,,,,
993,悲伤不能定义我，我有力量找到快乐。,17,切尔西,,,,,,,,,,,,,,,,,,
994,我的内心充满无限可能,10,切尔西,,,,,,,,,,,,,,,,,,
995,我能在平凡中发现不凡,10,切尔西,,,,,,,,,,,,,,,,,,
996,我感受到生活的每一丝温暖,12,切尔西,,,,,,,,,,,,,,,,,,
997,我以积极的眼光看待未来的每一步,15,切尔西,,,,,,,,,,,,,,,,,,
998,我懂得在宁静中寻找力量,11,切尔西,,,,,,,,,,,,,,,,,,
999,我的生活充满无限可能。,11,切尔西,,,,,,,,,,,,,,,,,,
1000,我的存在本身就是意义。,11,切尔西,,,,,,,,,,,,,,,,,,
1001,我在探索中发现生活的价值。,13,大卫,,,,,,,,,,,,,,,,,,
1002,我能在小事中找到快乐和意义。,14,大卫,,,,,,,,,,,,,,,,,,
1003,我通过行动赋予生活更深的意义。,15,大卫,,,,,,,,,,,,,,,,,,
1004,我对自己的价值深信不疑。,12,大卫,,,,,,,,,,,,,,,,,,
1005,我认识到自己独特且宝贵的贡献。,15,大卫,,,,,,,,,,,,,,,,,,
1006,我拥有力量，能够实现自我价值。,15,大卫,,,,,,,,,,,,,,,,,,
1007,我拥有无限的潜能，等待我去发掘。,16,大卫,,,,,,,,,,,,,,,,,,
1008,我持续成长，每天都向更好的自己靠近。,18,大卫,,,,,,,,,,,,,,,,,,
1009,我的情感丰富而真实，值得被倾听。,16,大卫,,,,,,,,,,,,,,,,,,
1010,我释放情感，拥抱内心的自由。,14,大卫,,,,,,,,,,,,,,,,,,
1011,我在感悟中成长，情感是我的导师。,16,大卫,,,,,,,,,,,,,,,,,,
1012,我学会表达，让爱与理解流动。,14,大卫,,,,,,,,,,,,,,,,,,
1013,我的情感是力量，助我连接世界。,15,大卫,,,,,,,,,,,,,,,,,,
1014,我能清晰表达自己的想法,11,大卫,,,,,,,,,,,,,,,,,,
1015,我倾听他人，沟通能力逐渐提升,14,大卫,,,,,,,,,,,,,,,,,,
1016,我勇于敞开心扉，与人真诚交流,14,大卫,,,,,,,,,,,,,,,,,,
1017,我每日练习，沟通技巧正逐步改善,15,大卫,,,,,,,,,,,,,,,,,,
1018,我尊重不同观点，这让我更善于交流,16,大卫,,,,,,,,,,,,,,,,,,
1019,我心怀感激，珍惜每一份恩赐。,14,大卫,,,,,,,,,,,,,,,,,,
1020,我懂得感恩，生活因此更加美好。,15,大卫,,,,,,,,,,,,,,,,,,
1021,我感谢每一次帮助，它是我成长的助力。,18,大卫,,,,,,,,,,,,,,,,,,
1022,我感恩每一次挑战，它们铸就我的勇气。,18,大卫,,,,,,,,,,,,,,,,,,
1023,我相信感恩之心，能吸引更多幸福。,16,大卫,,,,,,,,,,,,,,,,,,
1024,我选择理解他人，用爱化解愤怒。,15,大卫,,,,,,,,,,,,,,,,,,
1025,我有能力控制情绪，以和平的态度对话。,18,大卫,,,,,,,,,,,,,,,,,,
1026,我用同理心看待冲突，寻求和解的道路。,18,大卫,,,,,,,,,,,,,,,,,,
1027,我致力于通过沟通解决问题，而非使用攻击性。,21,大卫,,,,,,,,,,,,,,,,,,
1028,我认识到每个人值得被尊重，包括我自己。,19,大卫,,,,,,,,,,,,,,,,,,
1029,我有能力打开心扉，与人交流。,14,大卫,,,,,,,,,,,,,,,,,,
1030,我相信真挚的对话能带来新的友谊。,16,大卫,,,,,,,,,,,,,,,,,,
1031,我选择主动倾听，这让我与人更亲近。,17,大卫,,,,,,,,,,,,,,,,,,
1032,我理解每个人的不同，愿意耐心沟通。,17,大卫,,,,,,,,,,,,,,,,,,
1033,我欣赏自己的每一次勇敢尝试，无论结果如何。,21,大卫,,,,,,,,,,,,,,,,,,
1034,我理解每个家庭成员都是独立的个体。,17,大卫,,,,,,,,,,,,,,,,,,
1035,我尊重家庭成员的差异，相信我们的联系超越了表面的不同。,27,大卫,,,,,,,,,,,,,,,,,,
1036,我能够倾听家人的感受，这也帮助我更好地理解自己。,24,大卫,,,,,,,,,,,,,,,,,,
1037,我认识到与家人的关系是我成长的一部分，我从中学习爱和包容。,29,大卫,,,,,,,,,,,,,,,,,,
1038,我相信通过沟通和理解，我能与家人建立更深层次的关系。,26,大卫,,,,,,,,,,,,,,,,,,
1039,我在成长中学习，每个阶段都有自己的价值。,20,大卫,,,,,,,,,,,,,,,,,,
1040,我乐于接受这个年龄的挑战，不必急于承担成人的责任。,25,大卫,,,,,,,,,,,,,,,,,,
1041,我认识到，做孩子也是一种智慧，我享受这个阶段的乐趣。,26,大卫,,,,,,,,,,,,,,,,,,
1042,我理解每个角色的价值，现在就是做自己最好的时候。,24,大卫,,,,,,,,,,,,,,,,,,
1043,我不必过早承担成人的角色，我有足够的时间去探索自我。,26,大卫,,,,,,,,,,,,,,,,,,
1044,我的存在对世界有独特的价值。,14,大卫,,,,,,,,,,,,,,,,,,
1045,我学会从不同的角度看问题，不局限于己见。,20,大卫,,,,,,,,,,,,,,,,,,
1046,我接受事情的结果，不独自承担所有责任。,19,大卫,,,,,,,,,,,,,,,,,,
1047,我相信合作的力量，愿意与他人共同面对挑战。,21,大卫,,,,,,,,,,,,,,,,,,
1048,我理解并接纳，每个个体都是独立且有价值的存在。,23,大卫,,,,,,,,,,,,,,,,,,
1049,我享受与人交流的每一刻。,12,大卫,,,,,,,,,,,,,,,,,,
1050,我有能力在社交中找到乐趣。,13,大卫,,,,,,,,,,,,,,,,,,
1051,我相信自己能建立深刻的人际关系。,16,大卫,,,,,,,,,,,,,,,,,,
1052,我在社交场合中表现得越来越自信。,16,大卫,,,,,,,,,,,,,,,,,,
1053,我珍惜每一次与人连接的机会。,14,大卫,,,,,,,,,,,,,,,,,,
1054,我选择相信，而非无端猜疑。,13,大卫,,,,,,,,,,,,,,,,,,
1055,我信任他人，也相信自我价值。,14,大卫,,,,,,,,,,,,,,,,,,
1056,我以积极态度面对人际关系。,13,大卫,,,,,,,,,,,,,,,,,,
1057,我相信沟通能化解误解和猜疑。,14,大卫,,,,,,,,,,,,,,,,,,
1058,我选择用理解和爱来替代猜疑。,14,大卫,,,,,,,,,,,,,,,,,,
1059,我相信自己内在的力量，足以面对世界。,18,大卫,,,,,,,,,,,,,,,,,,
1060,我内心有光，无需外界认可即能熠熠生辉。,19,大卫,,,,,,,,,,,,,,,,,,
1061,我接受爱与支持，但更明白自我价值的核心在自己。,23,大卫,,,,,,,,,,,,,,,,,,
1062,我能够独立思考，不依赖他人就能做出正确决策。,22,大卫,,,,,,,,,,,,,,,,,,
1063,我懂得自我滋养，无需外物也能感到内心的满足和平静。,25,大卫,,,,,,,,,,,,,,,,,,
1064,我能够打破传统，塑造自己的未来。,16,大卫,,,,,,,,,,,,,,,,,,
1065,我不被过去束缚，今日我选择自由。,16,大卫,,,,,,,,,,,,,,,,,,
1066,我理解家族历程，但我选择不同的道路。,18,大卫,,,,,,,,,,,,,,,,,,
1067,我有能力创造自己的价值，不受家族影响。,19,大卫,,,,,,,,,,,,,,,,,,
1068,我拥抱变化，为下一代树立新的榜样。,17,大卫,,,,,,,,,,,,,,,,,,
1069,我内心的力量是我最大的安全港。,15,大卫,,,,,,,,,,,,,,,,,,
1070,我相信自己，我能给予自己安全感。,16,大卫,,,,,,,,,,,,,,,,,,
1071,每个呼吸都让我更接近内心的平静。,16,大卫,,,,,,,,,,,,,,,,,,
1072,我选择勇敢面对未知，因为它培养了我的自信。,21,大卫,,,,,,,,,,,,,,,,,,
1073,我感恩每次挑战，它们让我更强大，更安全。,20,大卫,,,,,,,,,,,,,,,,,,
1074,我能在独处中找到内心的平静。,14,大卫,,,,,,,,,,,,,,,,,,
1075,我选择与自己和解，拥抱孤独。,14,大卫,,,,,,,,,,,,,,,,,,
1076,我感谢孤独，它让我更深刻地认识自己。,18,大卫,,,,,,,,,,,,,,,,,,
1077,我相信即使独自一人，我也能过得很充实。,19,大卫,,,,,,,,,,,,,,,,,,
1078,我有能力从孤立中汲取力量，找到新的方向。,20,大卫,,,,,,,,,,,,,,,,,,
1079,我的价值不在于他人的看法。,13,大卫,,,,,,,,,,,,,,,,,,
1080,我为自己的选择和努力感到骄傲。,15,大卫,,,,,,,,,,,,,,,,,,
1081,我理解并接纳自己，不以他人期待为尺度。,19,大卫,,,,,,,,,,,,,,,,,,
1082,我有自己的节奏，不必急于求成。,15,大卫,,,,,,,,,,,,,,,,,,
1083,我专注于自己的成长，而非他人的期待。,18,大卫,,,,,,,,,,,,,,,,,,
1084,我能感受到自己的呼吸，平静就在呼吸之间。,20,大卫,,,,,,,,,,,,,,,,,,
1085,我能控制自己的反应，从而掌控生活的方向。,20,大卫,,,,,,,,,,,,,,,,,,
1086,我选择专注于当下，让焦虑随风而去。,17,大卫,,,,,,,,,,,,,,,,,,
1087,我相信自己的选择，每一步都是前进的力量。,20,大卫,,,,,,,,,,,,,,,,,,
1088,我有能力调整心态，将焦虑转化为动力。,18,大卫,,,,,,,,,,,,,,,,,,
1089,我能够独立思考，自信成长,12,大卫,,,,,,,,,,,,,,,,,,
1090,我学会独立解决问题，内心愈发强大,16,大卫,,,,,,,,,,,,,,,,,,
1091,我享受独立带来的自由和成就感,14,大卫,,,,,,,,,,,,,,,,,,
1092,我相信自己的判断，独立做出选择,15,大卫,,,,,,,,,,,,,,,,,,
1093,我有能力独立生活，每一天都充满希望,17,大卫,,,,,,,,,,,,,,,,,,
1094,我能控制自己的情绪，不被外界轻易左右。,19,大卫,,,,,,,,,,,,,,,,,,
1095,我选择宽恕，释放怨恨，拥抱内心的平和。,19,大卫,,,,,,,,,,,,,,,,,,
1096,我尊重自己的权利，也尊重他人，共同构建和谐的人际关系。,27,大卫,,,,,,,,,,,,,,,,,,
1097,我以冷静和理智应对挑战，不因愤怒而失去自我。,22,大卫,,,,,,,,,,,,,,,,,,
1098,我有能力转化愤怒为力量，推动自己向正面目标前进。,24,大卫,,,,,,,,,,,,,,,,,,
1099,我的价值在于我的独特性。,12,大卫,,,,,,,,,,,,,,,,,,
1100,我能发现自己的优势，并以此自豪。,16,大卫,,,,,,,,,,,,,,,,,,
1101,我接受自己的不完美，这使我更加真实。,18,大卫,,,,,,,,,,,,,,,,,,
1102,我的每一个选择都是塑造自我价值的一部分。,20,大卫,,,,,,,,,,,,,,,,,,
1103,我对自己的认可，是我最坚实的支持。,17,大卫,,,,,,,,,,,,,,,,,,
1104,我能在舒适圈外找到新的力量。,14,大卫,,,,,,,,,,,,,,,,,,
1105,我愿意尝试新的社交方式，拓展视野。,17,大卫,,,,,,,,,,,,,,,,,,
1106,我相信自己的社交技巧，能给予他人正能量。,20,大卫,,,,,,,,,,,,,,,,,,
1107,我享受每一次与人相遇的机会，它是成长的契机。,22,大卫,,,,,,,,,,,,,,,,,,
1108,我感恩每一次的日出和日落。,13,大卫,,,,,,,,,,,,,,,,,,
1109,我懂得珍惜生活中的每一份美好。,15,大卫,,,,,,,,,,,,,,,,,,
1110,我感谢每一次微笑和每一次帮助。,15,大卫,,,,,,,,,,,,,,,,,,
1111,我心怀感激，因为拥有的比失去的多。,17,大卫,,,,,,,,,,,,,,,,,,
1112,我感恩遇到的每个人，他们都是我成长的助力。,21,大卫,,,,,,,,,,,,,,,,,,
1113,我有能力清晰表达自己。,11,大卫,,,,,,,,,,,,,,,,,,
1114,我勇于尝试新的沟通方式。,12,大卫,,,,,,,,,,,,,,,,,,
1115,我珍惜每一次表达自我的机会。,14,大卫,,,,,,,,,,,,,,,,,,
1116,我相信沟通是连接他人的桥梁。,14,大卫,,,,,,,,,,,,,,,,,,
1117,我在学习中不断提高我的沟通技巧。,16,大卫,,,,,,,,,,,,,,,,,,
1118,我相信自己的判断力，保持清醒头脑。,17,大卫,,,,,,,,,,,,,,,,,,
1119,我有力量克服恶意的猜忌。,12,大卫,,,,,,,,,,,,,,,,,,
1120,我以理解和沟通代替无端的怀疑。,15,大卫,,,,,,,,,,,,,,,,,,
1121,我释放猜疑，拥抱明朗和信任。,14,大卫,,,,,,,,,,,,,,,,,,
1122,我选择信任，相信自己的判断。,14,大卫,,,,,,,,,,,,,,,,,,
1123,信任他人，我内心充满温暖和力量。,16,大卫,,,,,,,,,,,,,,,,,,
1124,我敞开心扉，信任让关系更亲密。,15,大卫,,,,,,,,,,,,,,,,,,
1125,我愿意释放疑虑，信任是爱的开始。,16,大卫,,,,,,,,,,,,,,,,,,
1126,我信任自己，也信任世界的美好。,15,大卫,,,,,,,,,,,,,,,,,,
1127,我以同情和理解温暖他人。,12,大卫,,,,,,,,,,,,,,,,,,
1128,我的微笑传递积极的力量。,12,大卫,,,,,,,,,,,,,,,,,,
1129,我在与人相处中找到共鸣。,12,大卫,,,,,,,,,,,,,,,,,,
1130,我以善意和爱回应世界。,11,大卫,,,,,,,,,,,,,,,,,,
1131,我珍视人际关系，温暖对待每个人。,16,大卫,,,,,,,,,,,,,,,,,,
1132,我内心足够强大，能抵御外界的风浪。,17,大卫,,,,,,,,,,,,,,,,,,
1133,我尊重自己，不受他人评价左右。,15,大卫,,,,,,,,,,,,,,,,,,
1134,我理解每个人都有不同的观点，我选择倾听自己的声音。,25,大卫,,,,,,,,,,,,,,,,,,
1135,我选择自我肯定，不被外界的非议影响。,18,大卫,,,,,,,,,,,,,,,,,,
1136,"我的情绪属于我, 不受他人言行影响。",18,大卫,,,,,,,,,,,,,,,,,,
1137,我的内心有强大的力量。,11,大卫,,,,,,,,,,,,,,,,,,
1138,我对自己充满信心，不依赖外界。,15,大卫,,,,,,,,,,,,,,,,,,
1139,我有能力克服内心的不安。,12,大卫,,,,,,,,,,,,,,,,,,
1140,我选择相信自己，不因外界动摇。,15,大卫,,,,,,,,,,,,,,,,,,
1141,我在孤独中发现自己的力量。,13,大卫,,,,,,,,,,,,,,,,,,
1142,我能从内心找到属于自己的温暖。,15,大卫,,,,,,,,,,,,,,,,,,
1143,我珍惜与自己对话的宝贵时光。,14,大卫,,,,,,,,,,,,,,,,,,
1144,我在自我陪伴中找到真正的自我。,15,大卫,,,,,,,,,,,,,,,,,,
1145,我的内心世界是丰富的，我感到自豪。,17,大卫,,,,,,,,,,,,,,,,,,
1146,我的价值不因外界评价而动摇。,14,大卫,,,,,,,,,,,,,,,,,,
1147,我内心的光芒，别人无法掩盖。,14,大卫,,,,,,,,,,,,,,,,,,
1148,我有独特的价值，无需他人肯定。,15,大卫,,,,,,,,,,,,,,,,,,
1149,我相信自己，每一天都在成长。,14,大卫,,,,,,,,,,,,,,,,,,
1150,我深信自己的潜力，正逐步实现。,15,大卫,,,,,,,,,,,,,,,,,,
1151,我感激生活中的每一份赠予。,13,大卫,,,,,,,,,,,,,,,,,,
1152,我珍视每一次与人相遇的机会。,14,大卫,,,,,,,,,,,,,,,,,,
1153,我懂得欣赏周围的美好，心怀感激。,16,大卫,,,,,,,,,,,,,,,,,,
1154,我感恩每一次挑战，它们塑造了更好的我。,19,大卫,,,,,,,,,,,,,,,,,,
1155,我能够发现平凡中的不平凡，感恩每一天。,19,大卫,,,,,,,,,,,,,,,,,,
1156,我能感受到内心的温度，温暖如初。,16,大卫,,,,,,,,,,,,,,,,,,
1157,每一次呼吸，都是对生活的热爱。,15,大卫,,,,,,,,,,,,,,,,,,
1158,我的情感如海，深邃又充满力量。,15,大卫,,,,,,,,,,,,,,,,,,
1159,我有能力唤醒沉睡的情感，迎接光明。,17,大卫,,,,,,,,,,,,,,,,,,
1160,我的情感是宝藏，等待我去发掘和珍惜。,18,大卫,,,,,,,,,,,,,,,,,,
1161,我选择以信任代替猜疑。,11,大卫,,,,,,,,,,,,,,,,,,
1162,我理解，信任是关系的基石。,13,大卫,,,,,,,,,,,,,,,,,,
1163,我愿意开放心扉，拥抱正面的可能。,16,大卫,,,,,,,,,,,,,,,,,,
1164,我相信自己有能力化解疑虑。,13,大卫,,,,,,,,,,,,,,,,,,
1165,我感恩每一次真诚交流的机会。,14,大卫,,,,,,,,,,,,,,,,,,
1166,我以善意对待每个人,9,大卫,,,,,,,,,,,,,,,,,,
1167,我愿意用心倾听他人的心声,12,大卫,,,,,,,,,,,,,,,,,,
1168,我理解每个人都有自己的难处,13,大卫,,,,,,,,,,,,,,,,,,
1169,我感恩每一次与人交流的机会,13,大卫,,,,,,,,,,,,,,,,,,
1170,我选择用爱心去温暖他人,11,大卫,,,,,,,,,,,,,,,,,,
1171,我的内心强大，不受外界影响。,14,大卫,,,,,,,,,,,,,,,,,,
1172,我尊重自己，不因他人言语动摇。,15,大卫,,,,,,,,,,,,,,,,,,
1173,我以平和心态对待不同意见，保持自尊。,18,大卫,,,,,,,,,,,,,,,,,,
1174,我能识别并放下无益的批评。,13,大卫,,,,,,,,,,,,,,,,,,
1175,我拥有自我价值，不依赖外界评价。,16,大卫,,,,,,,,,,,,,,,,,,
1176,我拥有自己陪伴的力量。,11,大卫,,,,,,,,,,,,,,,,,,
1177,我的内心世界充满无限可能。,13,大卫,,,,,,,,,,,,,,,,,,
1178,我能够独立思考，我为自己骄傲。,15,大卫,,,,,,,,,,,,,,,,,,
1179,即使孤独，我也是完整的自己。,14,大卫,,,,,,,,,,,,,,,,,,
1180,我选择享受孤独，它是我成长的土壤。,17,大卫,,,,,,,,,,,,,,,,,,
1181,我在困境中找到出路，内心充满希望。,17,大卫,,,,,,,,,,,,,,,,,,
1182,我感恩每一次挑战，它们使我更加坚强。,18,大卫,,,,,,,,,,,,,,,,,,
1183,我相信自己的选择，每一步都是进步。,17,大卫,,,,,,,,,,,,,,,,,,
1184,我有能力改变现状，我选择勇敢前行。,17,大卫,,,,,,,,,,,,,,,,,,
1185,我对自己有耐心，我知道改变正在发生。,18,大卫,,,,,,,,,,,,,,,,,,
1186,我能控制自己的情绪，不被愤怒牵引。,17,大卫,,,,,,,,,,,,,,,,,,
1187,我宽恕过往，释放怨恨，拥抱内心的宁静。,19,大卫,,,,,,,,,,,,,,,,,,
1188,我以理解和同情化解愤怒，增长智慧。,17,大卫,,,,,,,,,,,,,,,,,,
1189,我选择冷静思考，愤怒不再是我的问题。,18,大卫,,,,,,,,,,,,,,,,,,
1190,我在愤怒中找到自我成长的机会，转化怨恨为力量。,23,大卫,,,,,,,,,,,,,,,,,,
1191,我拥有与人和谐相处的能力。,13,大卫,,,,,,,,,,,,,,,,,,
1192,我在关系中展现出自信和善意。,14,大卫,,,,,,,,,,,,,,,,,,
1193,我选择用理解与同情来化解人际焦虑。,17,大卫,,,,,,,,,,,,,,,,,,
1194,我相信真诚的沟通能带来积极的关系。,17,大卫,,,,,,,,,,,,,,,,,,
1195,我有能力建立稳固和谐的人际关系。,16,大卫,,,,,,,,,,,,,,,,,,
1196,我的内心平和，不随他人评价而动摇。,17,大卫,,,,,,,,,,,,,,,,,,
1197,我清楚自己的价值，不受外界评价影响。,18,大卫,,,,,,,,,,,,,,,,,,
1198,我选择相信自己，而非外界的噪音。,16,大卫,,,,,,,,,,,,,,,,,,
1199,我有坚定的自我认知，不因他人评价而改变。,20,大卫,,,,,,,,,,,,,,,,,,
1200,我的内心强大，外界评价无法撼动我。,17,大卫,,,,,,,,,,,,,,,,,,
1201,我能在职业挑战中找到成长的机会。,16,大卫,,,,,,,,,,,,,,,,,,
1202,我的职业焦虑激励我不断学习新技能。,17,大卫,,,,,,,,,,,,,,,,,,
1203,我相信自己的判断，能做出正确的职业选择。,20,大卫,,,,,,,,,,,,,,,,,,
1204,我有能力克服职业路上的任何障碍。,16,大卫,,,,,,,,,,,,,,,,,,
1205,我对自己的职业发展保持积极的态度。,17,大卫,,,,,,,,,,,,,,,,,,
1206,我的价值源自内心的力量。,12,大卫,,,,,,,,,,,,,,,,,,
1207,我的自信是战胜自我怀疑的钥匙。,15,大卫,,,,,,,,,,,,,,,,,,
1208,我相信自己，每个选择都有其意义。,16,大卫,,,,,,,,,,,,,,,,,,
1209,我尊重自己，每一天都是新自我的开始。,18,大卫,,,,,,,,,,,,,,,,,,
1210,我的独特性不可替代，我珍视自己。,16,大卫,,,,,,,,,,,,,,,,,,
1211,我在自己的道路上稳步前行，不必羡慕他人。,20,大卫,,,,,,,,,,,,,,,,,,
1212,我的价值不在于他人评价，而在于自我实现。,20,大卫,,,,,,,,,,,,,,,,,,
1213,我选择欣赏自己，每个人都有不同的旅程。,19,大卫,,,,,,,,,,,,,,,,,,
1214,我专注于个人成长，不与他人做无谓的比较。,20,大卫,,,,,,,,,,,,,,,,,,
1215,我能管理自己的情绪，保持平和。,15,大卫,,,,,,,,,,,,,,,,,,
1216,我在情绪波动中找到成长的力量。,15,大卫,,,,,,,,,,,,,,,,,,
1217,我以积极的态度面对情绪的起伏。,15,大卫,,,,,,,,,,,,,,,,,,
1218,我愿意学习，更好地理解我的情绪。,16,大卫,,,,,,,,,,,,,,,,,,
1219,我能在独处中找到自己的价值。,14,大卫,,,,,,,,,,,,,,,,,,
1220,我珍惜与自我对话的宝贵时刻。,14,大卫,,,,,,,,,,,,,,,,,,
1221,我相信自己的内心力量，不怕孤独。,16,大卫,,,,,,,,,,,,,,,,,,
1222,我拥有的宁静，是自我成长的沃土。,16,大卫,,,,,,,,,,,,,,,,,,
1223,我以平和的心态面对生活的每一个阶段。,18,大卫,,,,,,,,,,,,,,,,,,
1224,我选择信任他人，也信任自我。,14,大卫,,,,,,,,,,,,,,,,,,
1225,我懂得倾听，它是理解关系的桥梁。,16,大卫,,,,,,,,,,,,,,,,,,
1226,我在与人交往中展现真诚，这让我感到自在。,20,大卫,,,,,,,,,,,,,,,,,,
1227,我珍视每一次的相遇，它丰富了我的人生。,19,大卫,,,,,,,,,,,,,,,,,,
1228,我相信每个人都有其价值，包括我自己。,18,大卫,,,,,,,,,,,,,,,,,,
1229,内心的平和比外界的认可更重要。,15,大卫,,,,,,,,,,,,,,,,,,
1230,我有权利按自己的节奏生活。,13,大卫,,,,,,,,,,,,,,,,,,
1231,我选择专注于自我成长，而非他人的看法。,19,大卫,,,,,,,,,,,,,,,,,,
1232,我相信自己的判断，不受外界影响。,16,大卫,,,,,,,,,,,,,,,,,,
1233,我拥有面对未来的勇气和智慧。,14,大卫,,,,,,,,,,,,,,,,,,
1234,我将通过行动减少对未来的焦虑。,15,大卫,,,,,,,,,,,,,,,,,,
1235,我相信自己能够适应未来的变化。,15,大卫,,,,,,,,,,,,,,,,,,
1236,我每天的努力都在塑造更好的未来。,16,大卫,,,,,,,,,,,,,,,,,,
1237,我对未来保持乐观，相信每一步都值得。,18,大卫,,,,,,,,,,,,,,,,,,
1238,我的价值由我的行动和选择来定义。,16,大卫,,,,,,,,,,,,,,,,,,
1239,我接受自己的不完美，正是它们塑造了独一无二的我。,24,大卫,,,,,,,,,,,,,,,,,,
1240,我相信自己的潜力，每一天我都在成为更好的自己。,23,大卫,,,,,,,,,,,,,,,,,,
1241,我愿意拥抱变化，这是我成长和进步的证明。,20,大卫,,,,,,,,,,,,,,,,,,
1242,我感恩每一次挑战，它们是我发现自己价值的机会。,23,大卫,,,,,,,,,,,,,,,,,,
1243,我内在的美比外表更深刻。,12,大卫,,,,,,,,,,,,,,,,,,
1244,我对自己的认可超越了他人的评价。,16,大卫,,,,,,,,,,,,,,,,,,
1245,我的价值不由容貌决定，而是由我的行为和品德构成。,24,大卫,,,,,,,,,,,,,,,,,,
1246,我欣赏自己的独特性，不随波逐流。,16,大卫,,,,,,,,,,,,,,,,,,
1247,我自信地走在自己的路上，不必担心他人的目光。,22,大卫,,,,,,,,,,,,,,,,,,
1248,我欣赏自己独特的身体和姿态。,14,大卫,,,,,,,,,,,,,,,,,,
1249,我的身体是力量和健康的载体。,14,大卫,,,,,,,,,,,,,,,,,,
1250,我的自信不取决于体重，而是内在的光芒。,19,大卫,,,,,,,,,,,,,,,,,,
1251,我选择健康生活，而非焦虑。,13,大卫,,,,,,,,,,,,,,,,,,
1252,我接受并爱护自己的身体，它是自我价值的基石。,22,大卫,,,,,,,,,,,,,,,,,,
1253,我拥有与人沟通的勇气和能力,13,大卫,,,,,,,,,,,,,,,,,,
1254,我乐于在社交中学习，提升自我,14,大卫,,,,,,,,,,,,,,,,,,
1255,我欣赏自己的独立性，也期待与人连接,17,大卫,,,,,,,,,,,,,,,,,,
1256,我在社交中找到乐趣，与人分享我的温暖,18,大卫,,,,,,,,,,,,,,,,,,
1257,我感激每一次社交的机会，它让我成长,17,大卫,,,,,,,,,,,,,,,,,,
1258,我在现实世界中寻找互动与成长。,15,大卫,,,,,,,,,,,,,,,,,,
1259,我通过实践学习，不断增强现实能力。,17,大卫,,,,,,,,,,,,,,,,,,
1260,我能平衡虚拟与现实，两者相得益彰。,17,大卫,,,,,,,,,,,,,,,,,,
1261,现实生活的精彩，我正在积极体验。,16,大卫,,,,,,,,,,,,,,,,,,
1262,我珍视现实生活中的每一次接触与交流。,18,大卫,,,,,,,,,,,,,,,,,,
1263,我有能力清晰地表达自己。,12,大卫,,,,,,,,,,,,,,,,,,
1264,我相信自己的思想值得被听见。,14,大卫,,,,,,,,,,,,,,,,,,
1265,我每一次对话都是自我成长的契机。,16,大卫,,,,,,,,,,,,,,,,,,
1266,我温柔地对待自己的沟通障碍，逐步克服它。,20,大卫,,,,,,,,,,,,,,,,,,
1267,我内心强大，不会被外界评价左右。,16,大卫,,,,,,,,,,,,,,,,,,
1268,我尊重自己，不会轻易被他人言语伤害。,18,大卫,,,,,,,,,,,,,,,,,,
1269,我理解并接纳自己，不再害怕他人的误解。,19,大卫,,,,,,,,,,,,,,,,,,
1270,我有足够的自信，不会因别人的评价而怀疑自己。,22,大卫,,,,,,,,,,,,,,,,,,
1271,我相信自己，不会因外界的否定而动摇。,18,大卫,,,,,,,,,,,,,,,,,,
1272,我有选择信任的勇气，也接受结果的自由。,19,大卫,,,,,,,,,,,,,,,,,,
1273,我愿以开放的心态去爱，即使曾经受伤。,18,大卫,,,,,,,,,,,,,,,,,,
1274,我懂得自爱是信任他人的前提。,14,大卫,,,,,,,,,,,,,,,,,,
1275,我有能力辨别并选择值得信任的人。,16,大卫,,,,,,,,,,,,,,,,,,
1276,我选择勇敢去爱，不为过去的经历所束缚。,19,大卫,,,,,,,,,,,,,,,,,,
1277,我内心的平静是我最大的安全。,14,大卫,,,,,,,,,,,,,,,,,,
1278,我能在任何情况下找到自我安慰。,15,大卫,,,,,,,,,,,,,,,,,,
1279,我相信自己的选择，它们带来力量。,16,大卫,,,,,,,,,,,,,,,,,,
1280,我有能力应对生活中的不确定性。,15,大卫,,,,,,,,,,,,,,,,,,
1281,我的安全感来自于自我成长和反思。,16,大卫,,,,,,,,,,,,,,,,,,
1282,我内心的世界丰富多彩。,11,大卫,,,,,,,,,,,,,,,,,,
1283,我有能力与自己和谐相处。,12,大卫,,,,,,,,,,,,,,,,,,
1284,我学会享受孤独，这是自我成长的过程。,18,大卫,,,,,,,,,,,,,,,,,,
1285,在孤独中，我发现自己的力量和创造力。,18,大卫,,,,,,,,,,,,,,,,,,
1286,我在人际交往中能够展现真实的自我。,17,大卫,,,,,,,,,,,,,,,,,,
1287,我理解尊重他人，也值得被他人尊重。,17,大卫,,,,,,,,,,,,,,,,,,
1288,我能从他人观点中学习，提升自我认知。,18,大卫,,,,,,,,,,,,,,,,,,
1289,我相信自己的判断，也能倾听他人。,16,大卫,,,,,,,,,,,,,,,,,,
1290,我以平和的心态面对人际交往中的不同声音。,20,大卫,,,,,,,,,,,,,,,,,,
1291,我认可自己的每一小步成长。,13,大卫,,,,,,,,,,,,,,,,,,
1292,我坚信自己的价值，不受外界评判影响。,18,大卫,,,,,,,,,,,,,,,,,,
1293,我内心的光芒，照亮前行的道路。,15,大卫,,,,,,,,,,,,,,,,,,
1294,我接受自己的不完美，它是我成长的空间。,19,大卫,,,,,,,,,,,,,,,,,,
1295,我相信自己的潜力，每一天都在发掘。,17,大卫,,,,,,,,,,,,,,,,,,
1296,我相信每一步小改变都是向前迈进。,16,大卫,,,,,,,,,,,,,,,,,,
1297,我愿意主动伸出友谊之手，与人交流。,17,大卫,,,,,,,,,,,,,,,,,,
1298,我珍视每一次新的社交体验，它是成长的基石。,21,大卫,,,,,,,,,,,,,,,,,,
1299,我享受与人连接的快乐，它能丰富我的世界。,20,大卫,,,,,,,,,,,,,,,,,,
1300,我能在人群中找到自己的声音。,14,大卫,,,,,,,,,,,,,,,,,,
1301,我的勇气让我在社交中更加自信。,15,大卫,,,,,,,,,,,,,,,,,,
1302,我乐于在与人交往中学习和成长。,15,大卫,,,,,,,,,,,,,,,,,,
1303,我的内心平和是我社交的坚实基础。,16,大卫,,,,,,,,,,,,,,,,,,
1304,我相信自己的价值，它在我与人交往中得以体现。,22,大卫,,,,,,,,,,,,,,,,,,
1305,我在认识自我的过程中不断进步,14,大卫,,,,,,,,,,,,,,,,,,
1306,我接纳自己的不同视角，寻求和谐,15,大卫,,,,,,,,,,,,,,,,,,
1307,我有能力调整认知，与现实和谐相处,16,大卫,,,,,,,,,,,,,,,,,,
1308,我理解自己，也理解周围的世界,14,大卫,,,,,,,,,,,,,,,,,,
1309,我相信自我调整的力量，逐步达到内心的平衡,20,大卫,,,,,,,,,,,,,,,,,,
1310,我接受自己的独特，无需与他人相比。,17,大卫,,,,,,,,,,,,,,,,,,
1311,我的内心充满力量，正常与否由我定义。,18,大卫,,,,,,,,,,,,,,,,,,
1312,我理解自己的价值，不受外界定义所限。,18,大卫,,,,,,,,,,,,,,,,,,
1313,我相信自我成长，超越不合理的信念。,17,大卫,,,,,,,,,,,,,,,,,,
1314,我选择爱自己，无论外界如何评说。,16,大卫,,,,,,,,,,,,,,,,,,
1315,我相信自己，不因他人眼光动摇。,15,大卫,,,,,,,,,,,,,,,,,,
1316,我能从他人的误解中汲取力量，更显坚韧。,19,大卫,,,,,,,,,,,,,,,,,,
1317,每一个挑战都是自我成长的机会。,15,大卫,,,,,,,,,,,,,,,,,,
1318,我尊重自我价值，不受外界贬损影响。,17,大卫,,,,,,,,,,,,,,,,,,
1319,我的内心强大，足以抵御外界的不公。,17,大卫,,,,,,,,,,,,,,,,,,
1320,我能在困难中发现希望。,11,大卫,,,,,,,,,,,,,,,,,,
1321,我选择用积极的眼光看待生活。,14,大卫,,,,,,,,,,,,,,,,,,
1322,我相信自己的潜力无限大。,12,大卫,,,,,,,,,,,,,,,,,,
1323,我拥抱变化，它是成长的契机。,14,大卫,,,,,,,,,,,,,,,,,,
1324,我有能力将悲观转化为动力。,13,大卫,,,,,,,,,,,,,,,,,,
1325,我的内心充满力量，能够克服任何困难。,18,大卫,,,,,,,,,,,,,,,,,,
1326,我相信自己的价值，不因外界评价而动摇。,19,大卫,,,,,,,,,,,,,,,,,,
1327,我有能力选择自己的道路，决定自己的未来。,20,大卫,,,,,,,,,,,,,,,,,,
1328,我感激每一次挑战，它们让我变得更强大。,19,大卫,,,,,,,,,,,,,,,,,,
1329,我能够发现生活中的美好，从而获得力量和希望。,22,大卫,,,,,,,,,,,,,,,,,,
1330,我拥有自我陪伴的力量。,11,大卫,,,,,,,,,,,,,,,,,,
1331,即使孤独，我也能找到内心的宁静。,16,大卫,,,,,,,,,,,,,,,,,,
1332,我感激每一次独处带来的自我发现。,16,大卫,,,,,,,,,,,,,,,,,,
1333,孤立是自我成长的肥沃土壤。,13,大卫,,,,,,,,,,,,,,,,,,
1334,我相信自己能战胜孤独，发现更坚强的自我。,20,大卫,,,,,,,,,,,,,,,,,,
1335,我选择释放愤怒，拥抱内心的平和。,16,大卫,,,,,,,,,,,,,,,,,,
1336,我有能力转化怨恨，用爱去宽恕。,15,大卫,,,,,,,,,,,,,,,,,,
1337,我理解愤怒源于伤害，但我选择宽恕自己和他人。,22,大卫,,,,,,,,,,,,,,,,,,
1338,我接受自己的情感，但永不让愤怒控制我。,19,大卫,,,,,,,,,,,,,,,,,,
1339,我选择用智慧和勇气去处理情绪，而不是愤怒。,21,大卫,,,,,,,,,,,,,,,,,,
1340,我懂得倾听他人，也倾听自己的心声。,17,大卫,,,,,,,,,,,,,,,,,,
1341,我以真诚和尊重赢得友谊，不因焦虑而失去自我。,22,大卫,,,,,,,,,,,,,,,,,,
1342,我在人际关系中找到了平衡，每一步都脚踏实地。,22,大卫,,,,,,,,,,,,,,,,,,
1343,我选择平静对待分歧，尊重差异，共同成长。,20,大卫,,,,,,,,,,,,,,,,,,
1344,我有能力化解紧张，用理解和爱维护人际关系。,21,大卫,,,,,,,,,,,,,,,,,,
1345,我的价值由自己定义，不依赖外界评价。,18,大卫,,,,,,,,,,,,,,,,,,
1346,我内心坚实，外界风雨不动。,13,大卫,,,,,,,,,,,,,,,,,,
1347,我学会从内在寻找力量，而非他人言语。,18,大卫,,,,,,,,,,,,,,,,,,
1348,我的步伐稳健，不受他人目光影响。,16,大卫,,,,,,,,,,,,,,,,,,
1349,我选择自信，他人的评价无法动摇我。,17,大卫,,,,,,,,,,,,,,,,,,
1350,我能在职业道路上找到自己的方向。,16,大卫,,,,,,,,,,,,,,,,,,
1351,我正逐步实现自己的职业目标。,14,大卫,,,,,,,,,,,,,,,,,,
1352,我的努力将引导我走向职业成功。,15,大卫,,,,,,,,,,,,,,,,,,
1353,我相信自己的潜力，职业发展中我能不断进步。,21,大卫,,,,,,,,,,,,,,,,,,
1354,每一步职业探索都是我成长的财富。,16,大卫,,,,,,,,,,,,,,,,,,
1355,我学会了倾听自己的需求并给予关注。,17,大卫,,,,,,,,,,,,,,,,,,
1356,我的内心需求同样宝贵，值得被满足。,17,大卫,,,,,,,,,,,,,,,,,,
1357,我尊重自己，从关注自我需求开始。,16,大卫,,,,,,,,,,,,,,,,,,
1358,我知道照顾自己，才能更好地照顾他人。,18,大卫,,,,,,,,,,,,,,,,,,
1359,我了解自己的重要性，从重视自身开始。,18,大卫,,,,,,,,,,,,,,,,,,
1360,我的情绪如春天的花朵，绽放无需理由。,18,大卫,,,,,,,,,,,,,,,,,,
1361,我允许自己感受并表达真实的情感。,16,大卫,,,,,,,,,,,,,,,,,,
1362,我学会了倾听内心的声音，释放情感压力。,19,大卫,,,,,,,,,,,,,,,,,,
1363,我能够勇敢面对自己的情绪，以此寻找真实自我。,22,大卫,,,,,,,,,,,,,,,,,,
1364,我的情感如涌动的河流，自由流动，滋养心田。,21,大卫,,,,,,,,,,,,,,,,,,
1365,我感受着内心的每一次波动，逐渐恢复情感的温度。,23,大卫,,,,,,,,,,,,,,,,,,
1366,即使情感暂时沉寂，我也相信它终将复苏。,19,大卫,,,,,,,,,,,,,,,,,,
1367,我在静谧中寻找情感的种子，期待它破土而出。,21,大卫,,,,,,,,,,,,,,,,,,
1368,我的情感如大海深处，宁静却充满生命的活力。,21,大卫,,,,,,,,,,,,,,,,,,
1369,我正用爱和勇气唤醒内心的每个角落，不再麻木。,22,大卫,,,,,,,,,,,,,,,,,,
1370,我深信自己的价值不因外界评价而改变。,18,大卫,,,,,,,,,,,,,,,,,,
1371,我相信内在的我，拥有无限潜能。,15,大卫,,,,,,,,,,,,,,,,,,
1372,每一步的努力，都在铸就更好的自我。,17,大卫,,,,,,,,,,,,,,,,,,
1373,我尊重自己的选择，它们塑造了我。,16,大卫,,,,,,,,,,,,,,,,,,
1374,我接受自己，无论完美与否，都是独特之我。,20,大卫,,,,,,,,,,,,,,,,,,
1375,我重视自己的感受，勇敢表达需求。,16,大卫,,,,,,,,,,,,,,,,,,
1376,我学会说不，保护自己的边界。,14,大卫,,,,,,,,,,,,,,,,,,
1377,我相信自己的价值，不以他人评价为转移。,19,大卫,,,,,,,,,,,,,,,,,,
1378,我尊重内心的声音，活出真实的自我。,17,大卫,,,,,,,,,,,,,,,,,,
1379,我有权利为自己的幸福而努力。,14,大卫,,,,,,,,,,,,,,,,,,
1380,我拥有温暖自己的力量。,11,大卫,,,,,,,,,,,,,,,,,,
1381,我相信自己的价值，不论他人如何看。,17,大卫,,,,,,,,,,,,,,,,,,
1382,我选择用爱对待自己，如同对待最亲近的人。,20,大卫,,,,,,,,,,,,,,,,,,
1383,我内心的火花，由我自己点燃。,14,大卫,,,,,,,,,,,,,,,,,,
1384,对自己的善良，是我给予世界的第一份礼物。,20,大卫,,,,,,,,,,,,,,,,,,
1385,我的存在让世界变得不同。,12,大卫,,,,,,,,,,,,,,,,,,
1386,我为自己感到骄傲，因我独一无二。,16,大卫,,,,,,,,,,,,,,,,,,
1387,我的价值不因他人意见而改变。,14,大卫,,,,,,,,,,,,,,,,,,
1388,我所做的每件事，都对我的生活有重要意义。,20,大卫,,,,,,,,,,,,,,,,,,
1389,我相信自我价值，我对自己的爱是无限的。,19,大卫,,,,,,,,,,,,,,,,,,
1390,我能够感知并管理生活中的风险。,15,大卫,,,,,,,,,,,,,,,,,,
1391,我谨慎行事，却不失勇敢。,12,大卫,,,,,,,,,,,,,,,,,,
1392,我在挑战面前保持警觉，亦保持冷静。,17,大卫,,,,,,,,,,,,,,,,,,
1393,我明白谨慎的重要，也欣赏冒险的价值。,18,大卫,,,,,,,,,,,,,,,,,,
1394,我相信自己的判断力，能辨识潜藏的风险。,19,大卫,,,,,,,,,,,,,,,,,,
1395,我选择今天开始，更加爱护自己。,15,大卫,,,,,,,,,,,,,,,,,,
1396,我意识到自我关怀，是每天的重要任务。,18,大卫,,,,,,,,,,,,,,,,,,
1397,我有能力打破拖延，拥抱自我关怀。,16,大卫,,,,,,,,,,,,,,,,,,
1398,我决定现在行动，不把自我关怀留到明天。,19,大卫,,,,,,,,,,,,,,,,,,
1399,我认识到，自我关怀是健康的起点。,16,大卫,,,,,,,,,,,,,,,,,,
1400,我珍视每一次自我表达的机会。,14,大卫,,,,,,,,,,,,,,,,,,
1401,我能够自在地分享我的想法和感受。,16,大卫,,,,,,,,,,,,,,,,,,
1402,我相信别人对我的故事感兴趣。,14,大卫,,,,,,,,,,,,,,,,,,
1403,我的话语有力量，我选择积极地使用它。,18,大卫,,,,,,,,,,,,,,,,,,
1404,我接受自身的全面，包括健康和疾病,16,大卫,,,,,,,,,,,,,,,,,,
1405,我理解健康是多维度的，我正在积极维护,18,大卫,,,,,,,,,,,,,,,,,,
1406,我珍视身体的每一信号，它们是我成长的提醒,20,大卫,,,,,,,,,,,,,,,,,,
1407,我选择以积极的态度面对健康中的每一个变化,20,大卫,,,,,,,,,,,,,,,,,,
1408,我相信通过自我关怀，我能更好地理解并支持自己,22,大卫,,,,,,,,,,,,,,,,,,
1409,我决定今天开始行动，不再拖延。,15,大卫,,,,,,,,,,,,,,,,,,
1410,我相信健康是每天一小步的积累。,15,大卫,,,,,,,,,,,,,,,,,,
1411,我有能力克服拖延，迈向积极生活。,16,大卫,,,,,,,,,,,,,,,,,,
1412,我值得拥有健康的身体和快乐的心灵。,17,大卫,,,,,,,,,,,,,,,,,,
1413,我将坚持锻炼，感受活力带来的快乐。,17,大卫,,,,,,,,,,,,,,,,,,
1414,我珍视自己的每个感受，它们塑造我的个性。,20,大卫,,,,,,,,,,,,,,,,,,
1415,我理解自己的价值，不因外界评价而动摇。,19,大卫,,,,,,,,,,,,,,,,,,
1416,我欣赏自己的独特性，它是我力量的源泉。,19,大卫,,,,,,,,,,,,,,,,,,
1417,我温柔对待自己，就如同对待最亲近的朋友一样。,22,大卫,,,,,,,,,,,,,,,,,,
1418,我拥抱自己的情感，它们的波动是我成长的见证。,22,大卫,,,,,,,,,,,,,,,,,,
1419,我选择健康饮食，滋养身体。,13,大卫,,,,,,,,,,,,,,,,,,
1420,我能够摒弃不良习惯，迎接新生活。,16,大卫,,,,,,,,,,,,,,,,,,
1421,我有能力控制自己的行为，拥抱积极。,17,大卫,,,,,,,,,,,,,,,,,,
1422,我重视睡眠质量，早睡早起。,13,大卫,,,,,,,,,,,,,,,,,,
1423,我致力于培养健康的生活方式，远离消极。,19,大卫,,,,,,,,,,,,,,,,,,
1424,我勇于承担自己的责任。,11,大卫,,,,,,,,,,,,,,,,,,
1425,面对挑战，我选择积极应对。,13,大卫,,,,,,,,,,,,,,,,,,
1426,我认识到自己的行为对他人的影响。,16,大卫,,,,,,,,,,,,,,,,,,
1427,我有能力并且愿意修正过去的错误。,16,大卫,,,,,,,,,,,,,,,,,,
1428,我通过负责任的态度赢得他人的信任。,17,大卫,,,,,,,,,,,,,,,,,,
1429,我塑造自己的命运，不由它摆布,14,大卫,,,,,,,,,,,,,,,,,,
1430,每一步选择，都在编写我的生活篇章,16,大卫,,,,,,,,,,,,,,,,,,
1431,我的信念，是我改变命运的力量,14,大卫,,,,,,,,,,,,,,,,,,
1432,勇于改变，我在逆境中成长,12,大卫,,,,,,,,,,,,,,,,,,
1433,我选择主动，不被动接受命运,13,大卫,,,,,,,,,,,,,,,,,,
1434,我选择看到生活中的每份希望。,14,大卫,,,,,,,,,,,,,,,,,,
1435,我内心的阳光足以驱散任何阴霾。,15,大卫,,,,,,,,,,,,,,,,,,
1436,我坚信，每一步前行都是向光明靠近。,17,大卫,,,,,,,,,,,,,,,,,,
1437,我有能力转化悲观为前进的动力。,15,大卫,,,,,,,,,,,,,,,,,,
1438,我感激每一次挑战，因为它成就更好的我。,19,大卫,,,,,,,,,,,,,,,,,,
1439,即使感到无助，我也有力量寻找支持。,17,大卫,,,,,,,,,,,,,,,,,,
1440,我选择不沉溺于无助，而是积极寻求改变。,19,大卫,,,,,,,,,,,,,,,,,,
1441,我有能力在困境中发现新的方向。,15,大卫,,,,,,,,,,,,,,,,,,
1442,每次无助感来临，都是我成长的机会。,17,大卫,,,,,,,,,,,,,,,,,,
1443,我相信自己的价值，即使在不确定的时刻。,19,大卫,,,,,,,,,,,,,,,,,,
1444,我能够感受到内心的力量。,12,大卫,,,,,,,,,,,,,,,,,,
1445,我选择相信，希望就在前方。,13,大卫,,,,,,,,,,,,,,,,,,
1446,我有能力超越当前的无力感。,13,大卫,,,,,,,,,,,,,,,,,,
1447,我接纳自己的感受，同时相信我能重新站起来。,21,大卫,,,,,,,,,,,,,,,,,,
1448,我在每一次挑战中寻找成长的机会。,16,大卫,,,,,,,,,,,,,,,,,,
1449,我的价值由我的行为和选择决定。,15,大卫,,,,,,,,,,,,,,,,,,
1450,我拥有重塑自我价值的力量。,13,大卫,,,,,,,,,,,,,,,,,,
1451,我对自己的认可无需他人赋予。,14,大卫,,,,,,,,,,,,,,,,,,
1452,每一次自我探索都让我更接近真实的自我价值。,21,大卫,,,,,,,,,,,,,,,,,,
1453,我学会从自我超越中找到自信。,14,大卫,,,,,,,,,,,,,,,,,,
1454,我能够控制自己的思维，不被灾难化的想象所左右。,23,大卫,,,,,,,,,,,,,,,,,,
1455,我选择看到事物的积极面，让乐观成为我的思维习惯。,24,大卫,,,,,,,,,,,,,,,,,,
1456,即使面对挑战，我也能找到解决问题的办法，不让恐惧主导我。,28,大卫,,,,,,,,,,,,,,,,,,
1457,我相信自己的判断，不会让无端的忧虑消耗我的能量。,24,大卫,,,,,,,,,,,,,,,,,,
1458,我有能力保持冷静，正视现实，不被极端的想法所左右。,25,大卫,,,,,,,,,,,,,,,,,,
1459,我专注于当下，每次只做一件事。,15,大卫,,,,,,,,,,,,,,,,,,
1460,我能够集中精力，实现目标。,13,大卫,,,,,,,,,,,,,,,,,,
1461,我相信自己能保持专注，克服分心。,16,大卫,,,,,,,,,,,,,,,,,,
1462,每次呼吸都是我专注的练习。,13,大卫,,,,,,,,,,,,,,,,,,
1463,我选择专注于现在，不被外界干扰。,16,大卫,,,,,,,,,,,,,,,,,,
1464,我选择积极行动，对抗拖延。,13,大卫,,,,,,,,,,,,,,,,,,
1465,我能够管理时间，高效学习。,13,大卫,,,,,,,,,,,,,,,,,,
1466,我感激学习给予我的知识和智慧。,15,大卫,,,,,,,,,,,,,,,,,,
1467,我享受每一点进步带来的成就感。,15,大卫,,,,,,,,,,,,,,,,,,
1468,我相信持续的努力将带来丰硕的成果。,17,大卫,,,,,,,,,,,,,,,,,,
1469,我能识别情绪的起伏，并从中发现成长的契机。,21,大卫,,,,,,,,,,,,,,,,,,
1470,我允许自己体验不同的情绪，因为它们让我更真诚地活着。,26,大卫,,,,,,,,,,,,,,,,,,
1471,我的情绪是我内心的信使，指引我寻找平衡和谐。,22,大卫,,,,,,,,,,,,,,,,,,
1472,我在情绪波动中找到自我认识的深化，每一步都充满价值。,26,大卫,,,,,,,,,,,,,,,,,,
1473,我用积极的态度面对情绪波动，因为它们是我成长的动力。,26,大卫,,,,,,,,,,,,,,,,,,
1474,我拥有克服困难的力量。,11,大卫,,,,,,,,,,,,,,,,,,
1475,我内心的光，指引我走出迷茫。,14,大卫,,,,,,,,,,,,,,,,,,
1476,我的能力，足以应对任何挑战。,14,大卫,,,,,,,,,,,,,,,,,,
1477,我选择乐观，拥抱生活的每一天。,15,大卫,,,,,,,,,,,,,,,,,,
1478,我愿意行动，改变始于足下。,13,大卫,,,,,,,,,,,,,,,,,,
1479,我的内心平和不受外界评价影响。,15,大卫,,,,,,,,,,,,,,,,,,
1480,我认识到自己的价值，不依赖他人评价。,18,大卫,,,,,,,,,,,,,,,,,,
1481,我有能力调节情绪，保持冷静和自信。,17,大卫,,,,,,,,,,,,,,,,,,
1482,我相信自己的选择，不受外界焦虑左右。,18,大卫,,,,,,,,,,,,,,,,,,
1483,我可以超越他人的眼光，活出真正的自我。,19,大卫,,,,,,,,,,,,,,,,,,
1484,我的智慧超越了学历的标签。,13,大卫,,,,,,,,,,,,,,,,,,
1485,我的能力不由学历定义，而由行动证明。,18,大卫,,,,,,,,,,,,,,,,,,
1486,我拥有无限潜力，不受一纸文凭所限。,17,大卫,,,,,,,,,,,,,,,,,,
1487,我内心的平和比任何学位都更有价值。,17,大卫,,,,,,,,,,,,,,,,,,
1488,我相信自己的经历比学历更能塑造我。,17,大卫,,,,,,,,,,,,,,,,,,
1489,我自身的价值无需外界肯定。,13,大卫,,,,,,,,,,,,,,,,,,
1490,我内心的坚定是自我价值的基石。,15,大卫,,,,,,,,,,,,,,,,,,
1491,我珍视自己的每个选择，它们塑造了我。,18,大卫,,,,,,,,,,,,,,,,,,
1492,我的成长之路，每一步都值得骄傲。,16,大卫,,,,,,,,,,,,,,,,,,
1493,我拥有的不仅仅是能力，更有不断前行的勇气。,21,大卫,,,,,,,,,,,,,,,,,,
1494,我选择乐观，不把困难想得天大。,15,大卫,,,,,,,,,,,,,,,,,,
1495,我相信自己，能从容应对任何挑战。,16,大卫,,,,,,,,,,,,,,,,,,
1496,我冷静分析，不被过度想象左右。,15,大卫,,,,,,,,,,,,,,,,,,
1497,我专注于解决问题，而非夸大问题。,16,大卫,,,,,,,,,,,,,,,,,,
1498,我以平和心态面对，灾难化思维不能控制我。,20,大卫,,,,,,,,,,,,,,,,,,
1499,我在倾听中找到与人连接的力量。,15,大卫,,,,,,,,,,,,,,,,,,
1500,我选择在合适的时刻展现自己。,14,大卫,,,,,,,,,,,,,,,,,,
1501,我理解自己的界限，并尊重它们。,15,大卫,,,,,,,,,,,,,,,,,,
1502,我拥有选择社交深度的自由。,13,大卫,,,,,,,,,,,,,,,,,,
1503,我温和地打开心扉，与世界共享我的光芒。,19,大卫,,,,,,,,,,,,,,,,,,
1504,我的成就由我自己定义，无需嫉妒他人。,18,大卫,,,,,,,,,,,,,,,,,,
1505,我珍视自己的独特性，不与他人比较。,17,大卫,,,,,,,,,,,,,,,,,,
1506,我专注于自我提升，不受嫉妒情绪的影响。,19,大卫,,,,,,,,,,,,,,,,,,
1507,我的自尊来自于内心，不因嫉妒而动摇。,18,大卫,,,,,,,,,,,,,,,,,,
1508,我为他人的成功感到高兴，因为我相信每个人都值得庆祝。,26,大卫,,,,,,,,,,,,,,,,,,
1509,我选择看见失望背后的成长机会。,15,大卫,,,,,,,,,,,,,,,,,,
1510,每次挑战都是我变得更强大的契机。,16,大卫,,,,,,,,,,,,,,,,,,
1511,我能在困境中找到希望的光芒。,14,大卫,,,,,,,,,,,,,,,,,,
1512,我的内心有力量，足以克服沮丧。,15,大卫,,,,,,,,,,,,,,,,,,
1513,我相信自己的韧性，能够战胜一切低潮。,18,大卫,,,,,,,,,,,,,,,,,,
1514,我能以理性控制愤怒，找到内心的平静。,18,大卫,,,,,,,,,,,,,,,,,,
1515,我选择放下怨恨，拥抱宽广的人生。,16,大卫,,,,,,,,,,,,,,,,,,
1516,我有能力化解负面情绪，保持积极态度。,18,大卫,,,,,,,,,,,,,,,,,,
1517,我以宽容之心看待他人，释放自己的愤怒。,19,大卫,,,,,,,,,,,,,,,,,,
1518,我将愤怒转化为动力，激励自己前进。,17,大卫,,,,,,,,,,,,,,,,,,
1519,我的价值不在于他人的评价。,13,大卫,,,,,,,,,,,,,,,,,,
1520,我内心的平静，他人无法动摇。,14,大卫,,,,,,,,,,,,,,,,,,
1521,我选择自信，不受外界影响。,13,大卫,,,,,,,,,,,,,,,,,,
1522,我有能力超越他人的看法。,12,大卫,,,,,,,,,,,,,,,,,,
1523,我的情绪由我自己主宰。,11,大卫,,,,,,,,,,,,,,,,,,
1524,我的学识是我前行的灯塔。,12,大卫,,,,,,,,,,,,,,,,,,
1525,我在不断学习中成长，学历不是终点。,17,大卫,,,,,,,,,,,,,,,,,,
1526,我拥有无限的潜力，超越学历的局限。,17,大卫,,,,,,,,,,,,,,,,,,
1527,我的知识财富，比学历证书更有价值。,17,大卫,,,,,,,,,,,,,,,,,,
1528,我的智慧和能力，不受一纸文凭的限制。,18,大卫,,,,,,,,,,,,,,,,,,
1529,我选择主动探索，找到人生的方向。,16,大卫,,,,,,,,,,,,,,,,,,
1530,每一步探索，都让我更接近真正的自我。,18,大卫,,,,,,,,,,,,,,,,,,
1531,我相信自己的选择，即使是未知也能成就未来。,21,大卫,,,,,,,,,,,,,,,,,,
1532,我接受现在的迷茫，它是我成长的一部分。,19,大卫,,,,,,,,,,,,,,,,,,
1533,我拥有改变未来的力量，迷茫之后是清晰的方向。,22,大卫,,,,,,,,,,,,,,,,,,
1534,我拥抱多元文化，从中汲取成长的力量。,18,大卫,,,,,,,,,,,,,,,,,,
1535,在文化差异中，我找到自我价值的闪光点。,19,大卫,,,,,,,,,,,,,,,,,,
1536,每一次跨文化交流，都是我拓展视野的机遇。,20,大卫,,,,,,,,,,,,,,,,,,
1537,我勇于接受新文化，这使我更加包容和开放。,20,大卫,,,,,,,,,,,,,,,,,,
1538,文化冲击让我更强大，我以平和心态面对变化。,21,大卫,,,,,,,,,,,,,,,,,,
1539,我心怀故乡，但脚步坚定向前。,14,大卫,,,,,,,,,,,,,,,,,,
1540,我将对家乡的思念化作前行的力量。,16,大卫,,,,,,,,,,,,,,,,,,
1541,每一份乡愁都是我成长的营养。,14,大卫,,,,,,,,,,,,,,,,,,
1542,我深信，无论身在何处，家乡的温暖总与我同在。,22,大卫,,,,,,,,,,,,,,,,,,
1543,我以家乡的土壤培育今日的坚韧，勇敢地追求未来。,23,大卫,,,,,,,,,,,,,,,,,,
1544,我的价值由我自己定义。,11,大卫,,,,,,,,,,,,,,,,,,
1545,我的存在对这个世界意义重大。,14,大卫,,,,,,,,,,,,,,,,,,
1546,我的独一无二，无人能取代。,13,大卫,,,,,,,,,,,,,,,,,,
1547,我在每个选择中都能找到成长。,14,大卫,,,,,,,,,,,,,,,,,,
1548,我能从无助中找到成长的方向。,14,大卫,,,,,,,,,,,,,,,,,,
1549,每一次挑战都让我更加坚强。,13,大卫,,,,,,,,,,,,,,,,,,
1550,我相信自己的内在力量能战胜一切。,16,大卫,,,,,,,,,,,,,,,,,,
1551,我有能力将无助转化为前进的动力。,16,大卫,,,,,,,,,,,,,,,,,,
1552,我选择用积极的态度面对生活的挑战。,17,大卫,,,,,,,,,,,,,,,,,,
1553,我在孤独中找到自我成长的力量。,15,大卫,,,,,,,,,,,,,,,,,,
1554,我享受孤独带来的清晰思考时刻。,15,大卫,,,,,,,,,,,,,,,,,,
1555,孤独是自我探索的宝贵旅程。,13,大卫,,,,,,,,,,,,,,,,,,
1556,我感谢独处时的反思和自省。,13,大卫,,,,,,,,,,,,,,,,,,
1557,在孤独中，我学会了和自己和谐相处。,17,大卫,,,,,,,,,,,,,,,,,,
1558,我内心有力量，不怕孤独。,12,大卫,,,,,,,,,,,,,,,,,,
1559,孤立是我成长的机遇。,10,大卫,,,,,,,,,,,,,,,,,,
1560,我以智慧和勇气面对孤独。,12,大卫,,,,,,,,,,,,,,,,,,
1561,我享受独处时的自由和宁静。,13,大卫,,,,,,,,,,,,,,,,,,
1562,孤独教会我独立思考和自我实现。,15,大卫,,,,,,,,,,,,,,,,,,
1563,我以真诚之心待人，人际关系自然和谐。,18,大卫,,,,,,,,,,,,,,,,,,
1564,我相信自己的价值观，不因他人看法而动摇。,20,大卫,,,,,,,,,,,,,,,,,,
1565,我倾听他人的声音，也能表达自己真实的想法。,21,大卫,,,,,,,,,,,,,,,,,,
1566,我保持平和心态，面对人际冲突也能冷静应对。,21,大卫,,,,,,,,,,,,,,,,,,
1567,我愿意主动沟通，化解误会，增进彼此理解。,20,大卫,,,,,,,,,,,,,,,,,,
1568,我平静面对考试，信心满满。,13,大卫,,,,,,,,,,,,,,,,,,
1569,我已准备充足，考试只是自我展示。,16,大卫,,,,,,,,,,,,,,,,,,
1570,每次呼吸，我释放焦虑，迎接清晰思维。,18,大卫,,,,,,,,,,,,,,,,,,
1571,我以平和心态，迎接每一次挑战。,15,大卫,,,,,,,,,,,,,,,,,,
1572,我相信努力，考试是努力的见证。,15,大卫,,,,,,,,,,,,,,,,,,
1573,我以平和的心态面对学历焦虑。,14,大卫,,,,,,,,,,,,,,,,,,
1574,我相信自己内在的价值，不因学历而动摇。,19,大卫,,,,,,,,,,,,,,,,,,
1575,我接受现在的自己，学历不代表我的全部。,19,大卫,,,,,,,,,,,,,,,,,,
1576,我能够通过不断学习来弥补学历的不足。,18,大卫,,,,,,,,,,,,,,,,,,
1577,我相信自己的实力，不受外界对学历的评判影响。,22,大卫,,,,,,,,,,,,,,,,,,
1578,我学会欣赏生活中简单的快乐，不以物质衡量幸福。,23,大卫,,,,,,,,,,,,,,,,,,
1579,我在压力中找到成长的机会，每一步都是自我提升。,23,大卫,,,,,,,,,,,,,,,,,,
1580,我相信通过智慧和努力，可以解决任何经济难题。,22,大卫,,,,,,,,,,,,,,,,,,
1581,我深知内心的平静比外在财富更重要，我正致力于内心修炼。,27,大卫,,,,,,,,,,,,,,,,,,
1582,我感激每一次挑战，它们锻炼我的韧性和解决问题的能力。,26,大卫,,,,,,,,,,,,,,,,,,
1583,我坚信自己能走出迷茫。,11,大卫,,,,,,,,,,,,,,,,,,
1584,我的人生规划掌握在自己手中。,14,大卫,,,,,,,,,,,,,,,,,,
1585,每个选择都是我成长的一步。,13,大卫,,,,,,,,,,,,,,,,,,
1586,我对未来的规划充满信心。,12,大卫,,,,,,,,,,,,,,,,,,
1587,我能够勇敢面对人生的不确定性。,15,大卫,,,,,,,,,,,,,,,,,,
1588,我的价值由我的行为决定，值得肯定。,17,大卫,,,,,,,,,,,,,,,,,,
1589,我选择相信自己的潜力，不断前行。,16,大卫,,,,,,,,,,,,,,,,,,
1590,每一次尝试，都是自我价值的体现。,16,大卫,,,,,,,,,,,,,,,,,,
1591,我感激自己的存在，为世界带来独特之光。,19,大卫,,,,,,,,,,,,,,,,,,
1592,我拥抱自己的不完美，它是成长的一部分。,19,大卫,,,,,,,,,,,,,,,,,,
1593,我决定专注于行动，而非完美。,14,大卫,,,,,,,,,,,,,,,,,,
1594,我享受过程中的每一步，不只追求结果。,18,大卫,,,,,,,,,,,,,,,,,,
1595,我相信适度的探索，能带来最佳的成果。,18,大卫,,,,,,,,,,,,,,,,,,
1596,我能够平衡研究与实践，发挥最大效能。,18,大卫,,,,,,,,,,,,,,,,,,
1597,我接受不完美，以开放心态迎接新知。,17,大卫,,,,,,,,,,,,,,,,,,
1598,我勇于承担责任，不断成长,12,大卫,,,,,,,,,,,,,,,,,,
1599,我面对问题，勇敢寻求解决方案,14,大卫,,,,,,,,,,,,,,,,,,
1600,我愿意为我的行为负责，这是成熟的体现,18,大卫,,,,,,,,,,,,,,,,,,
1601,我接受挑战，不逃避困难,11,大卫,,,,,,,,,,,,,,,,,,
1602,我相信自己的选择，并为之承担后果,16,大卫,,,,,,,,,,,,,,,,,,
1603,我正逐步克服内心的迟疑，勇敢求职。,17,大卫,,,,,,,,,,,,,,,,,,
1604,每天一小步，我正朝着目标坚定前行。,17,大卫,,,,,,,,,,,,,,,,,,
1605,我相信自己的能力和价值，值得被职场认可。,20,大卫,,,,,,,,,,,,,,,,,,
1606,我每天都在积极行动，面对职业选择不再犹豫。,21,大卫,,,,,,,,,,,,,,,,,,
1607,我选择正视现实，积极寻求改变，迎接新机遇。,21,大卫,,,,,,,,,,,,,,,,,,
1608,我信任自己的判断力，能做出明智选择。,18,大卫,,,,,,,,,,,,,,,,,,
1609,每次决策，我都在成长和学习。,14,大卫,,,,,,,,,,,,,,,,,,
1610,我有能力在众多选项中找到最佳路径。,17,大卫,,,,,,,,,,,,,,,,,,
1611,我相信自己的直觉，它引导我正确决策。,18,大卫,,,,,,,,,,,,,,,,,,
1612,我感激每个选择背后的机会，这让我更加成熟。,21,大卫,,,,,,,,,,,,,,,,,,
1613,我正走在探索自我的路上。,12,大卫,,,,,,,,,,,,,,,,,,
1614,我相信每一步都在为我铺就未来。,15,大卫,,,,,,,,,,,,,,,,,,
1615,我拥有选择方向的力量和智慧。,14,大卫,,,,,,,,,,,,,,,,,,
1616,我能够拥抱变化，从容面对未知。,15,大卫,,,,,,,,,,,,,,,,,,
1617,我对未来充满希望，每一步都是新的开始。,19,大卫,,,,,,,,,,,,,,,,,,
1618,我学会尊重自己的界限，勇敢说不。,16,大卫,,,,,,,,,,,,,,,,,,
1619,我的情绪值得被尊重，我选择平和地表达。,19,大卫,,,,,,,,,,,,,,,,,,
1620,我拥有自立的力量，不因他人而动摇。,17,大卫,,,,,,,,,,,,,,,,,,
1621,我能控制自己的反应，不被愤怒左右。,17,大卫,,,,,,,,,,,,,,,,,,
1622,我相信通过沟通，能够解决任何冲突。,17,大卫,,,,,,,,,,,,,,,,,,
1623,我在无助中找到成长的力量。,13,大卫,,,,,,,,,,,,,,,,,,
1624,我有能力克服当前的困难。,12,大卫,,,,,,,,,,,,,,,,,,
1625,我选择用行动改变无助的感觉。,14,大卫,,,,,,,,,,,,,,,,,,
1626,我相信自己的内心藏着无尽的潜力。,16,大卫,,,,,,,,,,,,,,,,,,
1627,每次挑战都是自我觉醒的机会。,14,大卫,,,,,,,,,,,,,,,,,,
1628,我有能力解决经济压力，保持冷静。,16,大卫,,,,,,,,,,,,,,,,,,
1629,我正在采取行动，改善我的经济状况。,17,大卫,,,,,,,,,,,,,,,,,,
1630,我选择看到困难中的机会，而非只是问题。,19,大卫,,,,,,,,,,,,,,,,,,
1631,我专注于提升自己，增加收入的潜力。,17,大卫,,,,,,,,,,,,,,,,,,
1632,我相信自己的判断力，能做出明智的财务决策。,21,大卫,,,,,,,,,,,,,,,,,,
1633,我的职业道路虽曲折，但每一步都坚定。,18,大卫,,,,,,,,,,,,,,,,,,
1634,我有能力在职场中克服焦虑，找到光明。,18,大卫,,,,,,,,,,,,,,,,,,
1635,我的每一点进步都为未来铺路，我值得骄傲。,20,大卫,,,,,,,,,,,,,,,,,,
1636,面对挑战，我选择勇敢，不焦虑未来。,17,大卫,,,,,,,,,,,,,,,,,,
1637,职业发展中的不确定性，是我成长的营养。,19,大卫,,,,,,,,,,,,,,,,,,
1638,我的价值不因外界评价而改变,13,大卫,,,,,,,,,,,,,,,,,,
1639,我对自己的认可胜过一切他人看法,15,大卫,,,,,,,,,,,,,,,,,,
1640,我坚信自己的内在潜力无限大,13,大卫,,,,,,,,,,,,,,,,,,
1641,我正在逐步实现自我价值,11,大卫,,,,,,,,,,,,,,,,,,
1642,我每一次尝试都是自我价值的体现,15,大卫,,,,,,,,,,,,,,,,,,
1643,我将文化差异视为学习的契机。,14,大卫,,,,,,,,,,,,,,,,,,
1644,我总能在不同文化中找到共鸣之处。,16,大卫,,,,,,,,,,,,,,,,,,
1645,我拥有跨越文化障碍的能力。,13,大卫,,,,,,,,,,,,,,,,,,
1646,我尊重每一种文化，保持开放的心态。,17,大卫,,,,,,,,,,,,,,,,,,
1647,我能在新的环境中保持本真，同时接受新思想。,21,大卫,,,,,,,,,,,,,,,,,,
1648,我能够认真考虑，果断决策。,13,大卫,,,,,,,,,,,,,,,,,,
1649,我选择积极行动，不拖延。,12,大卫,,,,,,,,,,,,,,,,,,
1650,我相信自己做出的每个决策都充满智慧。,18,大卫,,,,,,,,,,,,,,,,,,
1651,我在决策时既慎重又果敢，我为此自豪。,18,大卫,,,,,,,,,,,,,,,,,,
1652,我正在学习如何更有效地做决策。,15,大卫,,,,,,,,,,,,,,,,,,
1653,我选择明智地分配自己的精力和时间。,17,大卫,,,,,,,,,,,,,,,,,,
1654,我理解深入研究，但也知道何时适可而止。,19,大卫,,,,,,,,,,,,,,,,,,
1655,我能够平衡探索与行动，追求高效生活。,18,大卫,,,,,,,,,,,,,,,,,,
1656,我对自己的选择充满信心，不因过度思考而迷失方向。,24,大卫,,,,,,,,,,,,,,,,,,
1657,我相信自己的直觉，它引导我做出最佳决策。,20,大卫,,,,,,,,,,,,,,,,,,
1658,我做出的每个选择都基于深思熟虑。,16,大卫,,,,,,,,,,,,,,,,,,
1659,我在决策中找到自己的力量和信心。,16,大卫,,,,,,,,,,,,,,,,,,
1660,我有能力分辨对错，做出明智选择。,16,大卫,,,,,,,,,,,,,,,,,,
1661,我的决策过程是自我成长的一部分。,16,大卫,,,,,,,,,,,,,,,,,,
1662,我愿意承担结果，每一次选择都让我更强大。,20,大卫,,,,,,,,,,,,,,,,,,
1663,我接受过去，勇敢面对现在。,13,大卫,,,,,,,,,,,,,,,,,,
1664,我选择主动，不逃避生活的责任。,15,大卫,,,,,,,,,,,,,,,,,,
1665,我对自己的言行负责，这是成长的开始。,18,大卫,,,,,,,,,,,,,,,,,,
1666,我认识到承担是力量的体现。,13,大卫,,,,,,,,,,,,,,,,,,
1667,我勇于承担，这是我价值的体现。,15,大卫,,,,,,,,,,,,,,,,,,
1668,我能够面对并克服任何无助感。,14,大卫,,,,,,,,,,,,,,,,,,
1669,我内心的力量足以点亮前行的道路。,16,大卫,,,,,,,,,,,,,,,,,,
1670,每一次挑战都是自我发现的契机。,15,大卫,,,,,,,,,,,,,,,,,,
1671,我相信自己的选择，每一步都是我成长的见证。,21,大卫,,,,,,,,,,,,,,,,,,
1672,我选择从困境中寻找希望，因为我有能力这样做。,22,大卫,,,,,,,,,,,,,,,,,,
1673,我的信念引领我走出迷茫。,12,大卫,喜欢,,,,,,,,,,,,,,,,,
1674,我有能力为自己规划清晰的未来。,15,大卫,,,,,,,,,,,,,,,,,,
1675,我选择在人生旅途中不断探索新方向。,17,大卫,,,,,,,,,,,,,,,,,,
1676,我在变化中寻找成长的机会。,13,大卫,,,,,,,,,,,,,,,,,,
1677,我相信自己的每一步都是向目标迈进。,17,大卫,,,,,,,,,,,,,,,,,,
1678,我坚信面对经济压力依然可以找到出路。,18,大卫,差,,,,,,,,,,,,,,,,,
1679,我有能力管理好自己的财务，使其更加健康。,20,大卫,差,,,,,,,,,,,,,,,,,
1680,我愿意通过智慧和劳动缓解经济带来的焦虑。,20,大卫,差,,,,,,,,,,,,,,,,,
1681,我正在学习如何更加理智地处理经济问题。,19,大卫,差,,,,,,,,,,,,,,,,,
1682,我相信通过持续的努力，经济状况会逐渐好转。,21,大卫,差,,,,,,,,,,,,,,,,,
1683,我的职业旅途，每一步都值得庆祝。,16,大卫,差,,,,,,,,,,,,,,,,,
1684,我拥有克服职业挑战的智慧和勇气。,16,大卫,差,,,,,,,,,,,,,,,,,
1685,我相信自己的职业选择，每一步都是成长。,19,大卫,差,,,,,,,,,,,,,,,,,
1686,我有能力调整方向，迎接职业中的新机遇。,19,大卫,差,,,,,,,,,,,,,,,,,
1687,我的职业发展充满无限可能，我选择乐观面对。,21,大卫,差,,,,,,,,,,,,,,,,,
1688,我的价值不由他人评判，我内心有光。,17,大卫,,,,,,,,,,,,,,,,,,
1689,我相信自己独一无二，我存在即合理。,17,大卫,,,,,,,,,,,,,,,,,,
1690,我学会自我肯定，我的能力无需他人证明。,19,大卫,,,,,,,,,,,,,,,,,,
1691,我善待自己，我知道自己是重要的。,16,大卫,,,,,,,,,,,,,,,,,,
1692,我的内心充满力量，我的勇气足以战胜怀疑。,20,大卫,,,,,,,,,,,,,,,,,,
1693,我有能力克服拖延，积极寻找工作机会,17,大卫,差,,,,,,,,,,,,,,,,,
1694,我正逐步迈向理想的职业道路,13,大卫,差,,,,,,,,,,,,,,,,,
1695,我每天向前迈出一小步，求职之路更近一步,19,大卫,差,,,,,,,,,,,,,,,,,
1696,我相信自己的努力会带来满意的工作,16,大卫,差,,,,,,,,,,,,,,,,,
1697,我感谢每一次面试机会，它们让我更接近目标,20,大卫,差,,,,,,,,,,,,,,,,,
1698,我能控制自己的思维，不被灾难化所困。,18,大卫,,,,,,,,,,,,,,,,,,
1699,我选择看到事物积极的一面，而非被恐惧主导。,21,大卫,,,,,,,,,,,,,,,,,,
1700,我有力量转化消极想法，保持心态平和。,18,大卫,,,,,,,,,,,,,,,,,,
1701,我信任自己的判断，不会被无端的忧虑所左右。,21,大卫,,,,,,,,,,,,,,,,,,
1702,我每天练习正念，直面现实，远离灾难化思维。,21,大卫,差,,,,,,,,,,,,,,,,,
1703,我为每步行动准备充分，不因过度准备而止步。,21,大卫,差,,,,,,,,,,,,,,,,,
1704,我相信准备的目的是为了更好的行动。,17,大卫,差,,,,,,,,,,,,,,,,,
1705,我理解准备与行动的平衡，不因犹豫错失机会。,21,大卫,差,,,,,,,,,,,,,,,,,
1706,我欣赏自己的谨慎，也鼓励自己勇于实践。,19,大卫,,,,,,,,,,,,,,,,,,
1707,我知道准备的边界，该行动时我将果断向前。,20,大卫,差,,,,,,,,,,,,,,,,,
1709,我相信通过爱和尊重可以解决矛盾。,16,大卫,,,,,,,,,,,,,,,,,,
1710,我愿意倾听家人的心声，增进彼此的理解。,19,大卫,,,,,,,,,,,,,,,,,,
1713,我能够勇敢地表达自己的想法。,14,大卫,,,,,,,,,,,,,,,,,,
1714,我尊重并倾听他人，也期待他们倾听我。,18,大卫,,,,,,,,,,,,,,,,,,
1715,我有能力建立和谐的人际关系。,14,大卫,,,,,,,,,,,,,,,,,,
1716,我相信沟通可以解决误解，我愿意去尝试。,19,大卫,,,,,,,,,,,,,,,,,,
1717,我在每一次对话中都能找到成长的机会。,18,大卫,,,,,,,,,,,,,,,,,,
1718,我在人群中也能保持真我本色。,14,大卫,喜欢,,,,,,,,,,,,,,,,,
1719,我每次与人交流，都在增进自我了解。,17,大卫,,,,,,,,,,,,,,,,,,
1720,我相信内心的力量，能够克服社交的恐惧。,19,大卫,,,,,,,,,,,,,,,,,,
1721,我选择与人连接，也能独立而自在。,16,大卫,,,,,,,,,,,,,,,,,,
1722,我开放自己，拥抱每一次社交的机会。,17,大卫,,,,,,,,,,,,,,,,,,
1723,我选择健康的生活方式，为了更好的自己。,19,大卫,,,,,,,,,,,,,,,,,,
1725,我有能力控制欲望，拥抱积极生活。,16,大卫,,,,,,,,,,,,,,,,,,
1726,我明白健康饮食的重要性，现在就做出改变。,20,大卫,,,,,,,,,,,,,,,,,,
1727,我珍视身体，每天采取行动保持活力。,17,大卫,,,,,,,,,,,,,,,,,,
1728,我能以平和心态去化解愤怒,12,大卫,,,,,,,,,,,,,,,,,,
1729,我选择用理解和宽恕代替怨恨,13,大卫,,,,,,,,,,,,,,,,,,
1730,我有能力控制自己的情绪波动,13,大卫,,,,,,,,,,,,,,,,,,
1731,我的内心充满宽容和慈悲,11,大卫,,,,,,,,,,,,,,,,,,
1732,我以冷静和理智对待一切挑战,13,大卫,,,,,,,,,,,,,,,,,,
1733,我内心的光引领我前行,10,大卫,喜欢,,,,,,,,,,,,,,,,,
1734,我有能力战胜所有的无助,11,大卫,,,,,,,,,,,,,,,,,,
1735,我相信自己的内在力量,10,大卫,,,,,,,,,,,,,,,,,,
1736,即使在困境中，我也能找到希望,14,大卫,,,,,,,,,,,,,,,,,,
1737,我选择积极面对，不让无助感定义我,16,大卫,,,,,,,,,,,,,,,,,,
1738,我拥抱孤独，它让我更了解自己。,15,大卫,,,,,,,,,,,,,,,,,,
1739,孤独是自我对话的开始，我从中获得力量。,19,大卫,,,,,,,,,,,,,,,,,,
1740,我感激每一刻的独处，它是自我成长的土壤。,20,大卫,,,,,,,,,,,,,,,,,,
1741,即使在孤独中，我也能找到内心的宁静。,18,大卫,,,,,,,,,,,,,,,,,,
1742,我选择在孤独中寻找自我，而非恐惧它。,18,大卫,,,,,,,,,,,,,,,,,,
1743,我有能力为自己构建安全感。,13,大卫,,,,,,,,,,,,,,,,,,
1744,我在自我成长中找到内心的平安。,15,大卫,,,,,,,,,,,,,,,,,,
1745,我相信自己能够克服不安的情绪。,15,大卫,,,,,,,,,,,,,,,,,,
1746,我通过行动增强自己的安全感。,14,大卫,,,,,,,,,,,,,,,,,,
1747,我愿意给自己时间和空间去感受安全。,17,大卫,,,,,,,,,,,,,,,,,,
1755,每一次挑战都是我成长的机会，我勇敢面对。,20,大卫,,,,,,,,,,,,,,,,,,
1758,我选择主动走出舒适区，迎接新的交流。,18,大卫,,,,,,,,,,,,,,,,,,
1759,我欣赏每一次微笑和目光交流带来的温暖。,19,大卫,,,,,,,,,,,,,,,,,,
1760,我相信自己的社交能力，逐步拓展朋友圈。,19,大卫,,,,,,,,,,,,,,,,,,
1761,我愿意倾听他人，同时也分享自己的故事。,19,大卫,喜欢,,,,,,,,,,,,,,,,,
1762,我享受着与人连接带来的快乐和成长。,17,大卫,,,,,,,,,,,,,,,,,,
1763,我有能力平衡工作与休息。,12,大卫,,,,,,,,,,,,,,,,,,
1764,我决定给自己留出恢复的时间。,14,大卫,,,,,,,,,,,,,,,,,,
1765,我意识到休息是提高效率的关键。,15,大卫,,,,,,,,,,,,,,,,,,
1766,我选择健康生活，不透支体力。,14,大卫,,,,,,,,,,,,,,,,,,
1767,我相信适度放松可以带来更好的工作成效。,19,大卫,,,,,,,,,,,,,,,,,,
1768,我能够找到属于自己的道路。,13,大卫,喜欢,,,,,,,,,,,,,,,,,
1769,我选择相信自己的直觉，它将指引我前行。,19,大卫,,,,,,,,,,,,,,,,,,
1770,我的每一小步，都在为人生大计铺垫。,17,大卫,,,,,,,,,,,,,,,,,,
1771,我接受现在的迷茫，它是我成长的开始。,18,大卫,,,,,,,,,,,,,,,,,,
1772,我有能力跨越迷茫，抵达清晰的未来。,17,大卫,,,,,,,,,,,,,,,,,,
1773,我呼吸平稳，心静如水。,11,大卫,,,,,,,,,,,,,,,,,,
1774,我释放焦虑，拥抱内心的宁静。,14,大卫,,,,,,,,,,,,,,,,,,
1775,我在挑战面前保持冷静，信心十足。,16,大卫,,,,,,,,,,,,,,,,,,
1776,我相信每一步都是成长的机会。,14,大卫,,,,,,,,,,,,,,,,,,
1777,我内心强大，不受外界干扰所动摇。,16,大卫,,,,,,,,,,,,,,,,,,
1778,我尊重每个人，也相信他们尊重我。,16,大卫,喜欢,,,,,,,,,,,,,,,,,
1779,我自信而温柔，能够与他人建立真诚连接。,19,大卫,,,,,,,,,,,,,,,,,,
1780,我在人际交往中保持真诚，不把焦虑作为负担。,21,大卫,差,,,,,,,,,,,,,,,,,
1781,我倾听他人，也倾听自己的声音。,15,大卫,,,,,,,,,,,,,,,,,,
1782,我接受自己不完美，这让我更加真实。,17,大卫,,,,,,,,,,,,,,,,,,
1783,我的潜力无限，只需勇敢挖掘。,14,大卫,,,,,,,,,,,,,,,,,,
1784,我在逆境中发现自己的力量。,13,大卫,,,,,,,,,,,,,,,,,,
1785,我值得自己的尊重。,9,大卫,差,,,,,,,,,,,,,,,,,
1786,我珍视每一个微笑，它温暖我心。,15,大卫,,,,,,,,,,,,,,,,,,
1787,我能感受他人的需要，给予温暖。,15,大卫,,,,,,,,,,,,,,,,,,
1788,我的同理心，是我与世界沟通的桥梁。,17,大卫,,,,,,,,,,,,,,,,,,
1789,我用心去倾听，发现每个人的独特。,16,大卫,,,,,,,,,,,,,,,,,,
1790,我以善意看世界，世界亦以善意对我。,17,大卫,喜欢,,,,,,,,,,,,,,,,,
1791,我能集中精神，专注于当下。,13,大卫,,,,,,,,,,,,,,,,,,
1792,我选择专注，每个瞬间都是新的开始。,17,大卫,,,,,,,,,,,,,,,,,,
1793,我的专注力是成功的基石，我驾驭它。,17,大卫,差,,,,,,,,,,,,,,,,,
1794,我通过练习增强专注，一点一滴积累成就。,19,大卫,,,,,,,,,,,,,,,,,,
1795,我以决心引导注意力，心无旁骛地前进。,18,大卫,,,,,,,,,,,,,,,,,,
1796,我逐步克服拖延，享受完成任务的喜悦。,18,大卫,,,,,,,,,,,,,,,,,,
1797,我专注于当下，每完成一小步都是进步。,18,大卫,,,,,,,,,,,,,,,,,,
1798,我设定合理期限，相信自己能按时完成。,18,大卫,,,,,,,,,,,,,,,,,,
1799,我正在学会管理时间，提高效率。,15,大卫,差,,,,,,,,,,,,,,,,,
1800,我通过行动展现决心，每个决策都更接近目标。,21,大卫,,,,,,,,,,,,,,,,,,
1801,我能从孤独中找到自我成长的力量。,16,大卫,,,,,,,,,,,,,,,,,,
1802,我与内心的世界相拥。,10,大卫,,,,,,,,,,,,,,,,,,
1803,我有能力将孤立转化为自我提升的契机。,18,大卫,差,,,,,,,,,,,,,,,,,
1804,我感激每一刻的独处，这是我深思和自省的时光。,22,大卫,,,,,,,,,,,,,,,,,,
1805,我享受孤独，它是我认识自己更深刻的机会。,20,大卫,,,,,,,,,,,,,,,,,,
1806,我的职业道路虽有挑战，但我有勇气面对,18,大卫,,,,,,,,,,,,,,,,,,
1807,我相信每一次选择，都让我更接近梦想,17,大卫,,,,,,,,,,,,,,,,,,
1808,我对未来充满希望，每一步都走得坚定,17,大卫,,,,,,,,,,,,,,,,,,
1809,我的价值不由职业决定，我拥有无限可能,18,大卫,,,,,,,,,,,,,,,,,,
1810,我学会在焦虑中寻找成长，每次进步都值得骄傲,21,大卫,,,,,,,,,,,,,,,,,,
1811,我为自己的方向而思考，每一步都是探索。,19,大卫,,,,,,,,,,,,,,,,,,
1812,我相信迷茫后的选择，将带来更清晰的未来。,20,大卫,,,,,,,,,,,,,,,,,,
1813,我对未来保持好奇，每天都有新可能。,17,大卫,,,,,,,,,,,,,,,,,,
1814,我尊重自己的选择，每个决定都通向成长。,19,大卫,,,,,,,,,,,,,,,,,,
1815,我以行动为导向，朝着内心所向往的方向前行。,21,大卫,,,,,,,,,,,,,,,,,,
1816,我的价值源自于我内在的力量和独特性。,18,大卫,喜欢,,,,,,,,,,,,,,,,,
1817,我每天的行动都在塑造我独一无二的价值。,19,大卫,,,,,,,,,,,,,,,,,,
1818,我相信自己的判断，它基于我的知识和经验。,20,大卫,差,,,,,,,,,,,,,,,,,
1819,我的每一次尝试都在证明我的勇气和价值。,19,大卫,喜欢,,,,,,,,,,,,,,,,,
1820,我接受自己的不完美，这是我完美自我价值的一部分。,24,大卫,差,,,,,,,,,,,,,,,,,
1821,我有能力克服拖延，主动求职,13,大卫,差,,,,,,,,,,,,,,,,,
1822,我感谢每一次面试机会，视为自我成长,17,大卫,差,,,,,,,,,,,,,,,,,
1823,我将规划时间，逐步实现职业目标,15,大卫,差,,,,,,,,,,,,,,,,,
1824,我相信自己的潜力，准备好迎接新挑战,17,大卫,,,,,,,,,,,,,,,,,,
1825,我每天都朝着理想的工作迈进一小步,16,大卫,,,,,,,,,,,,,,,,,,
1826,我能以积极态度应对困难,11,大卫,,,,,,,,,,,,,,,,,,
1827,我不让恐惧定义我的行动,11,大卫,,,,,,,,,,,,,,,,,,
1828,我选择从小事做起，逐步建立信心,15,大卫,,,,,,,,,,,,,,,,,,
1829,我相信我能应对生活中的每一个挑战,16,大卫,,,,,,,,,,,,,,,,,,
1830,我保持冷静，理性分析每一种情况,15,大卫,,,,,,,,,,,,,,,,,,
1831,我适度准备，不给自己施加无谓的压力。,18,大卫,,,,,,,,,,,,,,,,,,
1832,我相信自己的实力，行动比过度准备更有力。,20,大卫,差,,,,,,,,,,,,,,,,,
1833,我敢于迎接挑战，不必事无巨细全准备。,18,大卫,差,,,,,,,,,,,,,,,,,
1834,我具备即兴应对的智慧，过度准备不是必需。,20,大卫,差,,,,,,,,,,,,,,,,,
1835,我自信而从容，无需过度准备也能应对自如。,20,大卫,差,,,,,,,,,,,,,,,,,
1836,我能在家庭冲突中保持冷静。,13,大卫,,,,,,,,,,,,,,,,,,
1837,我有能力化解误解和矛盾。,12,大卫,,,,,,,,,,,,,,,,,,
1838,我相信沟通能解决家庭中的问题。,15,大卫,差,,,,,,,,,,,,,,,,,
1839,我会用爱和理解来缓和紧张氛围。,15,大卫,,,,,,,,,,,,,,,,,,
1840,我能在纷争中找到和平的解决方案。,16,大卫,,,,,,,,,,,,,,,,,,
1841,我选择倾听他人，开放心扉。,13,大卫,,,,,,,,,,,,,,,,,,
1842,我有能力与他人建立深刻的联系。,15,大卫,,,,,,,,,,,,,,,,,,
1843,我欣赏每一次对话，它是成长的基石。,17,大卫,差,,,,,,,,,,,,,,,,,
1844,我乐于分享想法，这让我与众不同。,16,大卫,,,,,,,,,,,,,,,,,,
1845,我相信沟通是解决问题的第一步。,15,大卫,,,,,,,,,,,,,,,,,,
1846,我拥有社交的勇气，每一步都是新的开始。,19,大卫,,,,,,,,,,,,,,,,,,
1847,我理解自己，也愿意理解他人，这让我感到安心。,22,大卫,,,,,,,,,,,,,,,,,,
1848,我能够感受到与人交往的快乐，这是我的选择。,21,大卫,,,,,,,,,,,,,,,,,,
1849,我在社交中展现真实的自己，我为此感到自豪。,21,大卫,,,,,,,,,,,,,,,,,,
1850,我愿意主动与人建立联系，我相信这是成长的一部分。,24,大卫,,,,,,,,,,,,,,,,,,
1851,我有能力打破旧的模式，开拓新的社交圈。,19,大卫,差,,,,,,,,,,,,,,,,,
1852,我愿意主动跨出舒适区，迎接新的友谊。,18,大卫,,,,,,,,,,,,,,,,,,
1853,我善待自己的同时，也愿意倾听他人的声音。,20,大卫,喜欢,,,,,,,,,,,,,,,,,
1854,我勇敢地展现真实的自己，吸引志同道合的朋友。,22,大卫,喜欢,,,,,,,,,,,,,,,,,
1855,通过小步尝试，我重建充满活力的社交生活。,20,大卫,,,,,,,,,,,,,,,,,,
1856,我选择健康的生活方式，活出最好自己。,18,大卫,,,,,,,,,,,,,,,,,,
1857,我能够戒除不良习惯，拥抱积极的变化。,18,大卫,,,,,,,,,,,,,,,,,,
1858,我有能力控制欲念，追求健康和幸福。,17,大卫,,,,,,,,,,,,,,,,,,
1859,我相信改变从现在开始，我会越来越好。,18,大卫,,,,,,,,,,,,,,,,,,
1860,我珍惜自己的身体，决定选择健康的饮食。,19,大卫,,,,,,,,,,,,,,,,,,
1861,我有能力转化怨恨，找到宽恕的力量。,17,大卫,,,,,,,,,,,,,,,,,,
1862,我理解愤怒的源头，正逐步走向释然。,17,大卫,,,,,,,,,,,,,,,,,,
1863,我选择用爱和理解替代愤怒与怨恨。,16,大卫,,,,,,,,,,,,,,,,,,
1864,我将愤怒转化为动力，引导我向善而行。,18,大卫,,,,,,,,,,,,,,,,,,
1865,我能在挑战中找到力量,10,大卫,,,,,,,,,,,,,,,,,,
1866,我在困境中成长，变得更加坚韧,14,大卫,,,,,,,,,,,,,,,,,,
1867,即使感到无助，我也能鼓励自己前行,16,大卫,,,,,,,,,,,,,,,,,,
1868,每一次的挑战都是自我超越的机会,15,大卫,,,,,,,,,,,,,,,,,,
1869,我内心有光，能够照亮前行的道路,15,大卫,,,,,,,,,,,,,,,,,,
1870,我在孤独中找到了自我价值。,13,大卫,差,,,,,,,,,,,,,,,,,
1871,我能享受独处，这是自我成长的机会。,17,大卫,,,,,,,,,,,,,,,,,,
1872,我拥有面对孤独的勇气和智慧。,14,大卫,,,,,,,,,,,,,,,,,,
1873,我相信孤独是通往自我了解的桥梁。,16,大卫,差,,,,,,,,,,,,,,,,,
1874,我通过自我对话，发现内心的力量和平静。,19,大卫,,,,,,,,,,,,,,,,,,
1875,我内心的力量是坚不可摧的堡垒。,15,大卫,,,,,,,,,,,,,,,,,,
1876,我能在任何风雨中找到避风的港湾。,16,大卫,,,,,,,,,,,,,,,,,,
1877,我的每一步都踏实而坚定。,12,大卫,,,,,,,,,,,,,,,,,,
1878,我相信自己能够安稳地面对每一个挑战。,18,大卫,,,,,,,,,,,,,,,,,,
1879,我拥有内在的宁静，无需外界证明。,16,大卫,,,,,,,,,,,,,,,,,,
1880,我能够通过积极行动减轻焦虑。,14,大卫,,,,,,,,,,,,,,,,,,
1881,我将专注于提升自我能力，增强经济独立。,19,大卫,,,,,,,,,,,,,,,,,,
1882,我感谢每一次挑战，它们是我成长的催化剂。,20,大卫,,,,,,,,,,,,,,,,,,
1883,我坚信自己的价值，不以物质衡量。,16,大卫,,,,,,,,,,,,,,,,,,
1884,我选择保持乐观，相信未来充满无限可能。,19,大卫,,,,,,,,,,,,,,,,,,
1885,我拥有改变未来的力量。,11,大卫,,,,,,,,,,,,,,,,,,
1886,我的职业道路充满无限可能。,13,大卫,差,,,,,,,,,,,,,,,,,
1887,每一步都是我成长的见证。,12,大卫,喜欢,,,,,,,,,,,,,,,,,
1888,我在挑战中发现新的机会。,12,大卫,,,,,,,,,,,,,,,,,,
1889,我对未来充满希望和信心。,12,大卫,,,,,,,,,,,,,,,,,,
1890,我以平和心态面对生活的波折。,14,大卫,,,,,,,,,,,,,,,,,,
1891,我内心充满爱和希望，勇往直前。,15,大卫,喜欢,,,,,,,,,,,,,,,,,
1892,我选择积极态度，迎接每一个挑战。,16,大卫,,,,,,,,,,,,,,,,,,
1893,我感恩每一次经历，它们铸就今天的我。,18,大卫,,,,,,,,,,,,,,,,,,
1894,我在困境中发现自我，我有能力超越。,17,大卫,,,,,,,,,,,,,,,,,,
1895,我拥有战胜挑战的勇气。,11,大卫,,,,,,,,,,,,,,,,,,
1896,我选择乐观，生活便充满阳光。,14,大卫,,,,,,,,,,,,,,,,,,
1897,我理解到每个选择都有它的意义。,15,大卫,,,,,,,,,,,,,,,,,,
1898,我感激每一次的成长机会。,12,大卫,,,,,,,,,,,,,,,,,,
1899,我有能力创造自己的幸福。,12,大卫,,,,,,,,,,,,,,,,,,
1900,我欣赏自己的勇气与决断。,12,大卫,喜欢,,,,,,,,,,,,,,,,,
1901,我接纳自己的不完美，它使我更真实。,17,大卫,喜欢,,,,,,,,,,,,,,,,,
1902,我选择相信自己，坚持不懈。,13,大卫,,,,,,,,,,,,,,,,,,
1903,我内心的平静是我力量的源泉。,14,大卫,,,,,,,,,,,,,,,,,,
1904,我以积极的态度面对生活中的每一个挑战。,19,大卫,,,,,,,,,,,,,,,,,,
1905,每一次挑战都是我成长的机会。,14,大卫,,,,,,,,,,,,,,,,,,
1906,我的内心充满爱与光明。,11,大卫,喜欢,,,,,,,,,,,,,,,,,
1907,我勇敢面对生活中的每一个转折。,15,大卫,,,,,,,,,,,,,,,,,,
1908,我以积极的态度迎接每一天。,13,大卫,,,,,,,,,,,,,,,,,,
1909,我相信自己能跨越眼前的障碍。,14,大卫,,,,,,,,,,,,,,,,,,
1910,我在困境中找到成长的力量。,13,大卫,,,,,,,,,,,,,,,,,,
1911,我有能力塑造自己的未来。,12,大卫,,,,,,,,,,,,,,,,,,
1912,我欣赏自己每一个微小的进步。,14,大卫,喜欢,,,,,,,,,,,,,,,,,
1913,我的内心充满勇气和希望。,12,大卫,喜欢,,,,,,,,,,,,,,,,,