类别,场景,子场景,场景描述,用户需求,心理作用机制与功能,句子级别,句子范式,,,,,,,,,,,
自我认知,自我认知,内耗（个体内部矛盾、冲突或斗争）,用户因内在矛盾（如理想与现实的冲突、多重身份标签不兼容）导致决策困难或情绪消耗，常表现为过度思虑或行动力低下,设定克服内耗的合理渐进式目标，缓解过度思虑,情感安抚-目标平和化,1,"[简单-心态稳定式,简单-积极感知式,简单-心念培育式]",,,,,,,,,,,
自我认知,自我认知,内耗（个体内部矛盾、冲突或斗争）,用户因内在矛盾（如理想与现实的冲突、多重身份标签不兼容）导致决策困难或情绪消耗，常表现为过度思虑或行动力低下,直面矛盾，整合分裂的自我认知,存在勇气激发-接纳存在孤独,2,"[简单-自我接纳式,简单-感恩整合式,简单-心念锚定式,逻辑-心念锚定式]",,,,,,,,,,,
自我认知,自我认知,内耗（个体内部矛盾、冲突或斗争）,用户因内在矛盾（如理想与现实的冲突、多重身份标签不兼容）导致决策困难或情绪消耗，常表现为过度思虑或行动力低下,统一内在价值，减少自我冲突,动机唤醒-价值联结,2,"[简单-主体意义式,简单-独特价值宣言式]",,,,,,,,,,,
自我认知,自我认知,内耗（个体内部矛盾、冲突或斗争）,用户因内在矛盾（如理想与现实的冲突、多重身份标签不兼容）导致决策困难或情绪消耗，常表现为过度思虑或行动力低下,分解矛盾选项，提升决策力,认知重构-目标具象化,2,"[简单-心念培育式,逻辑-心念培育式]",,,,,,,,,,,
自我认知,自我认知,身份认同困惑,用户因多重社会角色（如职业身份、家庭角色）冲突或流动性身份标签（如性别认同、文化身份）引发困惑，常表现为对自我定位的迷茫,整合多重身份标签，提升自我身份认同感,意义构建-寻找生命意义,2,"[简单-主体意义式,简单-独特价值宣言式]",,,,,,,,,,,
自我认知,自我认知,身份认同困惑,用户因多重社会角色（如职业身份、家庭角色）冲突或流动性身份标签（如性别认同、文化身份）引发困惑，常表现为对自我定位的迷茫,减少社会期待压力,自主选择与担当-获得选择的力量,2,"[简单-主权宣告式,权力意志-对抗超升式]",,,,,,,,,,,
自我认知,自我认知,身份认同困惑,用户因多重社会角色（如职业身份、家庭角色）冲突或流动性身份标签（如性别认同、文化身份）引发困惑，常表现为对自我定位的迷茫,接纳身份流动性，对社会标准的“失败”脱敏,认知重构-失败脱敏,2,"[简单-自我接纳式,简单-感恩整合式,简单-环境接纳式,简单-经历意义式]",,,,,,,,,,,
自我认知,自我价值,价值感确立,用户因缺乏对自身价值的认同，容易产生焦虑或自我贬低,缓解因价值感缺失引发的焦虑,情感安抚-情绪调节,1,"[简单-情绪应对式,简单-价值锚定式]",,,,,,,,,,,
自我认知,自我价值,价值感确立,用户因缺乏对自身价值的认同，容易产生焦虑或自我贬低,接纳当前自我价值的不完美状态,情感安抚-接纳自我,1,"[简单-自我接纳式,简单-感恩整合式,简单-价值锚定式]",,,,,,,,,,,
自我认知,自我价值,价值感确立,用户因缺乏对自身价值的认同，容易产生焦虑或自我贬低,设定价值感提升的渐进式目标,情感安抚-目标平和化,1,"[简单-心态稳定式,简单-积极感知式,简单-心念培育式,简单-价值锚定式,逻辑-价值锚定式]",,,,,,,,,,,
自我认知,自我价值,价值感确立,用户因缺乏对自身价值的认同，容易产生焦虑或自我贬低,修正“我不值得被认可”、“我无法变好”等负面认知,认知重构-增强自信,2,"[简单-主体意义式,简单-独特价值宣言式,权力意志-对抗超升式,简单-价值锚定式,逻辑-价值锚定式]",,,,,,,,,,,
自我认知,自我价值,价值感确立,用户因缺乏对自身价值的认同，容易产生焦虑或自我贬低,将抽象价值感转化为具体行动方向,认知重构-目标具象化,2,"[简单-心念培育式,逻辑-心念培育式,简单-价值锚定式,逻辑-价值锚定式]",,,,,,,,,,,
自我认知,自我价值,价值感确立,用户因缺乏对自身价值的认同，容易产生焦虑或自我贬低,通过小行动积累自我价值认同,行为驱动-提升行动力,2,"[简单-心念锚定式,逻辑-心念锚定式,简单-价值锚定式,逻辑-价值锚定式]",,,,,,,,,,,
自我认知,自我价值,价值感确立,用户因缺乏对自身价值的认同，容易产生焦虑或自我贬低,完成价值感建设的里程碑（如公开表达观点）,行为驱动-目标达成,2,"[简单-行动宣告式,简单-自然改变式，简单-爱之循环式,简单-价值锚定式,逻辑-价值锚定式]",,,,,,,,,,,
自我认知,自我价值,内在自信,用户因对自身能力或价值的怀疑，常陷入自我否定或犹豫不决的状态,采取实际行动提高内在自信,行为驱动-提升行动力,2,"[简单-心念锚定式,逻辑-心念锚定式,简单-价值锚定式,逻辑-价值锚定式]",,,,,,,,,,,
自我认知,自我价值,内在自信,用户因对自身能力或价值的怀疑，常陷入自我否定或犹豫不决的状态,实现设定的内在自信目标,行为驱动-目标达成,2,"[简单-行动宣告式,简单-自然改变式，简单-爱之循环式,简单-价值锚定式,逻辑-价值锚定式]",,,,,,,,,,,
自我认知,自我价值,内在自信,用户因对自身能力或价值的怀疑，常陷入自我否定或犹豫不决的状态,接纳自己的不完美，减少自我批判，修正不合理的自卑情绪,情感安抚-接纳自我,1,"[简单-自我接纳式,简单-感恩整合式,简单-价值锚定式]",,,,,,,,,,,
自我认知,自我价值,内在自信,用户因对自身能力或价值的怀疑，常陷入自我否定或犹豫不决的状态,设定增强内在自信的渐进式目标,情感安抚-目标平和化,1,"[简单-心态稳定式,简单-积极感知式,简单-心念培育式,简单-价值锚定式]",,,,,,,,,,,
自我认知,自我价值,内在自信,用户因对自身能力或价值的怀疑，常陷入自我否定或犹豫不决的状态,改变对自己的负面看法，增强自信,认知重构-增强自信,2,"[简单-主体自信式，简单-潜能承认式,简单-价值锚定式,逻辑-价值锚定式]",,,,,,,,,,,
自我认知,自我价值,内在自信,用户因对自身能力或价值的怀疑，常陷入自我否定或犹豫不决的状态,制定具体的目标以增强内在自信,认知重构-目标具象化,2,"[简单-心念培育式,逻辑-心念培育式,简单-价值锚定式,逻辑-价值锚定式]",,,,,,,,,,,
自我认知,自我价值,内在自信,用户因对自身能力或价值的怀疑，常陷入自我否定或犹豫不决的状态,建立内在自信，减少自我怀疑，肯定自我价值,情感安抚-情绪调节,1,"[简单-情绪应对式,简单-价值锚定式]",,,,,,,,,,,
自我认知,夸夸,成长进步夸夸,用户因对自身成长进步的忽视，常表现为动力不足,高能量积极自我对话，回顾成长历程与正向反馈，激励自我，保持成长动力,认知重构-增强自信,2,[简单-主体自信式],,,,,,,,,,,
自我认知,夸夸,独特性夸夸,用户因对自身独特性的忽视或否定，常表现为从众心理,高能量积极自我对话，增强自我认同，接纳独特性,认知重构-增强自信,2,[简单-主体意义式，简单-独特价值宣言式],,,,,,,,,,,
自我认知,夸夸,内在特质夸夸,用户因对自身内在特质（如性格、品质）的忽视或否定，常表现为自信不足,高能量积极自我对话，增强对自己内在特质的自我认同，建立积极自我认知,认知重构-增强自信,2,"[简单-主体自信式，简单-独特价值宣言式,简单-价值锚定式,逻辑-价值锚定式]",,,,,,,,,,,
自我认知,夸夸,能力与成就夸夸,用户因对自身能力或成就的低估，常表现为自我怀疑,高能量积极自我对话，回顾过往成就与正向反馈，增强自信，认可自我价值,认知重构-增强自信,2,[简单-主体自信式，简单-潜能确认式],,,,,,,,,,,
自我认知,夸夸,外在特质夸夸,用户因对外在形象（如外貌、气质）的不满意，常表现为自我否定,高能量积极自我对话，提升自信，接纳外在形象,认知重构-增强自信,2,[简单-主体自信式],,,,,,,,,,,
通用场景,日常场景,起床,用户在早晨因生理惰性或心理抗拒难以启动一天计划，常表现为拖延或疲惫感,缓解早起时的抗拒感和疲惫感,情感安抚-情绪调节,1,[简单-情绪应对式],,,,,,,,,,,
通用场景,日常场景,起床,用户在早晨因生理惰性或心理抗拒难以启动一天计划，常表现为拖延或疲惫感,接纳偶尔赖床的行为，减少自我责备,情感安抚-接纳自我,1,"[简单-自我接纳式,简单-感恩整合式]",,,,,,,,,,,
通用场景,日常场景,起床,用户在早晨因生理惰性或心理抗拒难以启动一天计划，常表现为拖延或疲惫感,建立“今天充满可能性”的积极信念,认知重构-增强自信,2,[简单-积极感知式],,,,,,,,,,,
通用场景,日常场景,起床,用户在早晨因生理惰性或心理抗拒难以启动一天计划，常表现为拖延或疲惫感,通过简单动作启动起床流程（如喝一杯水）,行为驱动-提升行动力,2,"[简单-心念锚定式,逻辑-心念锚定式]",,,,,,,,,,,
通用场景,日常场景,睡前,用户因未完成事项或负面情绪导致睡前思绪纷乱，常表现为失眠或焦虑,缓解一天结束时的思绪纷乱,情感安抚-情绪调节,1,[简单-情绪应对式],,,,,,,,,,,
通用场景,日常场景,睡前,用户因未完成事项或负面情绪导致睡前思绪纷乱，常表现为失眠或焦虑,接纳未完成事项，允许自己休息,情感安抚-接纳自我,1,"[简单-自我接纳式,简单-感恩整合式]",,,,,,,,,,,
通用场景,日常场景,睡前,用户因未完成事项或负面情绪导致睡前思绪纷乱，常表现为失眠或焦虑,强化“今日已尽力”、“明天是新的一天”等积极认知,认知重构-增强自信,2,"[简单-心态稳定式,简单-积极感知式,简单-心念培育式]",,,,,,,,,,,
通用场景,日常场景,睡前,用户因未完成事项或负面情绪导致睡前思绪纷乱，常表现为失眠或焦虑,通过睡前仪式（如冥想）平静身心,行为驱动-提升行动力,2,"[简单-心念锚定式,逻辑-心念锚定式]",,,,,,,,,,,
通用场景,日常场景,娱乐,用户因过度娱乐产生愧疚感，或因压抑娱乐需求导致心理失衡，常表现为情绪波动,减少因娱乐产生的愧疚感,情感安抚-情绪调节,1,[简单-情绪应对式],,,,,,,,,,,
通用场景,日常场景,娱乐,用户因过度娱乐产生愧疚感，或因压抑娱乐需求导致心理失衡，常表现为情绪波动,接纳娱乐作为生活的必要组成部分,情感安抚-接纳自我,1,"[简单-自我接纳式,简单-感恩整合式]",,,,,,,,,,,
人际关系,社交场景,被歧视,用户因身份标签（如性别、种族）遭受不公平对待，常表现为自尊心受挫或愤怒,维护自尊与自我价值,认知重构-增强自信,2,[简单-外源锚定式，简单-主权宣告式，权力意志-对抗超升式],,,,,,,,,,,
人际关系,社交场景,被歧视,用户因身份标签（如性别、种族）遭受不公平对待，常表现为自尊心受挫或愤怒,寻求支持与归属,社会联结-增强归属感,2,[简单-爱之循环式],,,,,,,,,,,
人际关系,社交场景,被歧视,用户因身份标签（如性别、种族）遭受不公平对待，常表现为自尊心受挫或愤怒,应对不公与愤怒,存在勇气激发-接纳存在孤独,2,"[简单-主体意义式,简单-独特价值宣言式,权力意志-对抗超升式]",,,,,,,,,,,
人际关系,社交场景,被歧视,用户因身份标签（如性别、种族）遭受不公平对待，常表现为自尊心受挫或愤怒,行动对抗歧视，倡导平等,行为驱动-目标达成,2,"[简单-行动宣告式,简单-自然改变式，简单-爱之循环式]",,,,,,,,,,,
人际关系,社交场景,敏感,用户容易受到他人评价的影响，担心自己的言行是否得体，常因此感到紧张或不安,增强“敏感是一种很特别的能力”的思想，避免自我否定,情感安抚-接纳自我,1,"[简单-自我接纳式,简单-感恩整合式]",,,,,,,,,,,
人际关系,社交场景,敏感,用户容易受到他人评价的影响，担心自己的言行是否得体，常因此感到紧张或不安,建立心理边界，提醒自己他人评价非自我定义,认知重构-失败脱敏,2,[简单-主权宣告式],,,,,,,,,,,
人际关系,社交场景,敏感,用户容易受到他人评价的影响，担心自己的言行是否得体，常因此感到紧张或不安,减少自我批判,情感安抚-接纳自我,1,"[简单-自我接纳式,简单-感恩整合式]",,,,,,,,,,,
人际关系,社交场景,敏感,用户容易受到他人评价的影响，担心自己的言行是否得体，常因此感到紧张或不安,转化敏感为创造力,意义构建-寻找生命意义,2,"[简单-主体意义式,简单-经历意义式,简单-独特价值宣言式]",,,,,,,,,,,
人际关系,社交场景,内向,用户喜欢独处或与少数亲密朋友交流，在大型社交活动中常感到疲惫或不适,接纳内向特质,情感安抚-接纳自我,1,"[简单-自我接纳式,简单-感恩整合式]",,,,,,,,,,,
人际关系,社交场景,内向,用户喜欢独处或与少数亲密朋友交流，在大型社交活动中常感到疲惫或不适,提升社交信心,认知重构-增强自信,2,"[简单-心念锚定式,逻辑-心念锚定式,简单-主体自信式,逻辑-主体自信式,简单-潜能确认式，简单-主权宣告式，权力意志-对抗超升式]",,,,,,,,,,,
人际关系,社交场景,内向,用户喜欢独处或与少数亲密朋友交流，在大型社交活动中常感到疲惫或不适,渐进式社交适应，减少社交焦虑,行为驱动-习惯养成,2,"[简单-心念培育式,逻辑-心念培育式]",,,,,,,,,,,
人际关系,社交场景,内向,用户喜欢独处或与少数亲密朋友交流，在大型社交活动中常感到疲惫或不适,提醒自己独处的价值与社交的意义，平衡独处与社交需求,动机唤醒-价值联结,2,[简单-爱之循环式],,,,,,,,,,,
人际关系,社交场景,社交焦虑,用户因社交表现焦虑或内向特质回避社交，常表现为社交场合紧张或退缩,缓解社交场合中的紧张情绪,情感安抚-情绪调节,1,"[简单-情绪应对式,简单-环境接纳式,简单-外源锚定式,简单-经历意义式]",,,,,,,,,,,
人际关系,社交场景,社交焦虑,用户因社交表现焦虑或内向特质回避社交，常表现为社交场合紧张或退缩,接纳社交中的不完美表现，接纳社交环境,情感安抚-接纳自我,1,"[简单-自我接纳式,简单-感恩整合式,简单-环境接纳式,简单-经历意义式]",,,,,,,,,,,
人际关系,社交场景,社交焦虑,用户因社交表现焦虑或内向特质回避社交，常表现为社交场合紧张或退缩,设定渐进式社交挑战目标,情感安抚-目标平和化,1,"[简单-心态稳定式,简单-积极感知式,简单-心念培育式]",,,,,,,,,,,
人际关系,社交场景,社交焦虑,用户因社交表现焦虑或内向特质回避社交，常表现为社交场合紧张或退缩,增强对社交能力的信心,认知重构-增强自信,2,"[简单-心念锚定式,逻辑-心念锚定式,简单-主体自信式,逻辑-主体自信式,简单-潜能确认式，简单-主权宣告式，权力意志-对抗超升式]",,,,,,,,,,,
人际关系,社交场景,社交焦虑,用户因社交表现焦虑或内向特质回避社交，常表现为社交场合紧张或退缩,制定具体社交训练计划（如每周一次小型社交）,认知重构-目标具象化,2,"[简单-心念培育式,逻辑-心念培育式]",,,,,,,,,,,
人际关系,社交场景,社交焦虑,用户因社交表现焦虑或内向特质回避社交，常表现为社交场合紧张或退缩,通过实践逐步适应社交场景,行为驱动-提升行动力,2,"[简单-心念锚定式,逻辑-心念锚定式]",,,,,,,,,,,
人际关系,社交场景,社交焦虑,用户因社交表现焦虑或内向特质回避社交，常表现为社交场合紧张或退缩,完成社交能力提升的里程碑,行为驱动-目标达成,2,"[简单-行动宣告式,简单-自然改变式，简单-爱之循环式]",,,,,,,,,,,
人际关系,人际关系,冲突解决,用户因冲突引发的愤怒或恐惧阻碍关系发展，常表现为关系僵化,缓解冲突引发的愤怒或恐惧,情感安抚-情绪调节,1,"[简单-情绪应对式,简单-环境接纳式,简单-外源锚定式,简单-经历意义式]",,,,,,,,,,,
人际关系,人际关系,冲突解决,用户因冲突引发的愤怒或恐惧阻碍关系发展，常表现为关系僵化,接纳冲突是关系发展的必经过程，接纳人际环境,情感安抚-接纳自我,1,"[简单-自我接纳式,简单-感恩整合式,简单-环境接纳式,简单-经历意义式]",,,,,,,,,,,
人际关系,人际关系,冲突解决,用户因冲突引发的愤怒或恐惧阻碍关系发展，常表现为关系僵化,设定冲突解决的阶段性目标,情感安抚-目标平和化,1,"[简单-心态稳定式,简单-积极感知式,简单-心念培育式]",,,,,,,,,,,
人际关系,人际关系,冲突解决,用户因冲突引发的愤怒或恐惧阻碍关系发展，常表现为关系僵化,修正“冲突必然破坏关系”的负面认知，强化“我有解决冲突的勇气”等思想,认知重构-增强自信,2,"[简单-心念锚定式,逻辑-心念锚定式,简单-主体自信式,逻辑-主体自信式,简单-潜能确认式]",,,,,,,,,,,
人际关系,人际关系,冲突解决,用户因冲突引发的愤怒或恐惧阻碍关系发展，常表现为关系僵化,制定理性沟通的具体步骤,认知重构-目标具象化,2,"[简单-心念培育式,逻辑-心念培育式]",,,,,,,,,,,
人际关系,人际关系,冲突解决,用户因冲突引发的愤怒或恐惧阻碍关系发展，常表现为关系僵化,通过行动实践解决冲突（如主动道歉）,行为驱动-提升行动力,2,"[简单-心念锚定式,逻辑-心念锚定式]",,,,,,,,,,,
人际关系,人际关系,冲突解决,用户因冲突引发的愤怒或恐惧阻碍关系发展，常表现为关系僵化,达成冲突化解的明确成果,行为驱动-目标达成,2,"[简单-行动宣告式,简单-自然改变式，简单-爱之循环式]",,,,,,,,,,,
人际关系,人际关系,家庭关系,用户因代际观念差异或家庭矛盾产生压力，常表现为沟通不畅或情绪压抑,缓解家庭矛盾引发的情绪压力,情感安抚-情绪调节,1,"[简单-情绪应对式,简单-环境接纳式,简单-外源锚定式,简单-经历意义式]",,,,,,,,,,,
人际关系,人际关系,家庭关系,用户因代际观念差异或家庭矛盾产生压力，常表现为沟通不畅或情绪压抑,接纳家庭成员的不同观点，接纳自己的家庭,情感安抚-接纳自我,1,"[简单-自我接纳式,简单-感恩整合式,简单-环境接纳式,简单-经历意义式]",,,,,,,,,,,
人际关系,人际关系,家庭关系,用户因代际观念差异或家庭矛盾产生压力，常表现为沟通不畅或情绪压抑,设定家庭沟通的和谐的渐进式目标,情感安抚-目标平和化,1,"[简单-心态稳定式,简单-积极感知式,简单-心念培育式]",,,,,,,,,,,
人际关系,人际关系,家庭关系,用户因代际观念差异或家庭矛盾产生压力，常表现为沟通不畅或情绪压抑,修正“必须改变家人”的执念，强化“我可以与家人和谐相处”的观点,认知重构-增强自信,2,"[简单-心念锚定式,逻辑-心念锚定式,简单-主体自信式,逻辑-主体自信式,简单-潜能确认式]",,,,,,,,,,,
人际关系,人际关系,家庭关系,用户因代际观念差异或家庭矛盾产生压力，常表现为沟通不畅或情绪压抑,制定改善家庭关系的具体步骤,认知重构-目标具象化,2,"[简单-心念培育式,逻辑-心念培育式]",,,,,,,,,,,
人际关系,人际关系,家庭关系,用户因代际观念差异或家庭矛盾产生压力，常表现为沟通不畅或情绪压抑,通过主动对话减少隔阂,行为驱动-提升行动力,2,"[简单-心念锚定式,逻辑-心念锚定式]",,,,,,,,,,,
人际关系,人际关系,家庭关系,用户因代际观念差异或家庭矛盾产生压力，常表现为沟通不畅或情绪压抑,完成家庭互动的积极尝试（如共同完成家务）,行为驱动-目标达成,2,"[简单-行动宣告式,简单-自然改变式，简单-爱之循环式]",,,,,,,,,,,
人际关系,人际关系,朋友关系,用户因友谊疏远或误会产生失落感，常表现为情感联结减弱,缓解因朋友疏远或误会误解而产生的失落感,情感安抚-情绪调节,1,"[简单-情绪应对式,简单-环境接纳式,简单-外源锚定式,简单-经历意义式]",,,,,,,,,,,
人际关系,人际关系,朋友关系,用户因友谊疏远或误会产生失落感，常表现为情感联结减弱,接纳友谊变化的自然规律,情感安抚-接纳自我,1,"[简单-自我接纳式,简单-感恩整合式,简单-环境接纳式,简单-经历意义式]",,,,,,,,,,,
人际关系,人际关系,朋友关系,用户因友谊疏远或误会产生失落感，常表现为情感联结减弱,设定维护友谊的合理目标,情感安抚-目标平和化,1,"[简单-心态稳定式,简单-积极感知式,简单-心念培育式]",,,,,,,,,,,
人际关系,人际关系,朋友关系,用户因友谊疏远或误会产生失落感，常表现为情感联结减弱,增强主动维系关系的信心,认知重构-增强自信,2,"[简单-心念锚定式,逻辑-心念锚定式,简单-主体自信式,逻辑-主体自信式,简单-潜能确认式，简单-主权宣告式，权力意志-对抗超升式]",,,,,,,,,,,
人际关系,人际关系,朋友关系,用户因友谊疏远或误会产生失落感，常表现为情感联结减弱,制定定期联系朋友的具体计划,认知重构-目标具象化,2,"[简单-心念培育式,逻辑-心念培育式]",,,,,,,,,,,
人际关系,人际关系,朋友关系,用户因友谊疏远或误会产生失落感，常表现为情感联结减弱,通过小行动增进友情（如发送关怀消息）,行为驱动-提升行动力,2,"[简单-心念锚定式,逻辑-心念锚定式]",,,,,,,,,,,
人际关系,人际关系,朋友关系,用户因友谊疏远或误会产生失落感，常表现为情感联结减弱,达成友谊深化的关键行动（如组织聚会）,行为驱动-目标达成,2,"[简单-行动宣告式,简单-自然改变式，简单-爱之循环式]",,,,,,,,,,,
人际关系,人际关系,职场关系,用户因职场竞争、沟通边界模糊或人际差异引发焦虑，常表现为职场压力过大,缓解职场人际压力引发的焦虑,情感安抚-情绪调节,1,"[简单-情绪应对式,简单-环境接纳式,简单-外源锚定式,简单-经历意义式]",,,,,,,,,,,
人际关系,人际关系,职场关系,用户因职场竞争、沟通边界模糊或人际差异引发焦虑，常表现为职场压力过大,接纳职场中的人际差异,情感安抚-接纳自我,1,"[简单-自我接纳式,简单-感恩整合式,简单-环境接纳式,简单-经历意义式]",,,,,,,,,,,
人际关系,人际关系,职场关系,用户因职场竞争、沟通边界模糊或人际差异引发焦虑，常表现为职场压力过大,设定建立职场沟通边界的渐进式目标,情感安抚-目标平和化,1,"[简单-心态稳定式,简单-积极感知式,简单-心念培育式]",,,,,,,,,,,
人际关系,人际关系,职场关系,用户因职场竞争、沟通边界模糊或人际差异引发焦虑，常表现为职场压力过大,增强处理职场矛盾的信心,认知重构-增强自信,2,"[简单-心念锚定式,逻辑-心念锚定式,简单-主体自信式,逻辑-主体自信式,简单-潜能确认式，简单-主权宣告式，权力意志-对抗超升式]",,,,,,,,,,,
人际关系,人际关系,职场关系,用户因职场竞争、沟通边界模糊或人际差异引发焦虑，常表现为职场压力过大,制定职业关系优化的策略（如定期反馈）,认知重构-目标具象化,2,"[简单-心念培育式,逻辑-心念培育式]",,,,,,,,,,,
人际关系,人际关系,职场关系,用户因职场竞争、沟通边界模糊或人际差异引发焦虑，常表现为职场压力过大,通过主动协作改善同事关系,行为驱动-提升行动力,2,"[简单-心念锚定式,逻辑-心念锚定式]",,,,,,,,,,,
人际关系,人际关系,职场关系,用户因职场竞争、沟通边界模糊或人际差异引发焦虑，常表现为职场压力过大,完成团队合作的关键任务,行为驱动-目标达成,2,"[简单-行动宣告式,简单-自然改变式，简单-爱之循环式]",,,,,,,,,,,
人际关系,亲密关系,暗恋,用户因单向情感投入引发焦虑或被动状态，常表现为情感表达困难,采取实际行动增进彼此之间的了解,行为驱动-提升行动力,2,"[简单-心念锚定式,逻辑-心念锚定式]",,,,,,,,,,,
人际关系,亲密关系,暗恋,用户因单向情感投入引发焦虑或被动状态，常表现为情感表达困难,完成设定的情感表达目标,行为驱动-目标达成,2,"[简单-行动宣告式,简单-自然改变式，简单-爱之循环式]",,,,,,,,,,,
人际关系,亲密关系,暗恋,用户因单向情感投入引发焦虑或被动状态，常表现为情感表达困难,理解并接受自己对某人的暗恋情绪，减轻慌张和焦虑,情感安抚-情绪调节,1,"[简单-情绪应对式,简单-环境接纳式,简单-外源锚定式,简单-经历意义式]",,,,,,,,,,,
人际关系,亲密关系,暗恋,用户因单向情感投入引发焦虑或被动状态，常表现为情感表达困难,接纳自己的暗恋情绪，不因此感到羞愧或不安,情感安抚-接纳自我,1,"[简单-自我接纳式,简单-感恩整合式,简单-环境接纳式,简单-经历意义式]",,,,,,,,,,,
人际关系,亲密关系,暗恋,用户因单向情感投入引发焦虑或被动状态，常表现为情感表达困难,逐步克服暗恋中的被动状态，设定情感表达的阶段性目标,情感安抚-目标平和化,1,"[简单-心态稳定式,简单-积极感知式,简单-心念培育式]",,,,,,,,,,,
人际关系,亲密关系,暗恋,用户因单向情感投入引发焦虑或被动状态，常表现为情感表达困难,增强自信，认为自己值得被爱，并有勇气向心仪的对象表达自己的感受,认知重构-增强自信,2,"[简单-心念锚定式,逻辑-心念锚定式,简单-主体自信式,逻辑-主体自信式,简单-潜能确认式，简单-主权宣告式，权力意志-对抗超升式]",,,,,,,,,,,
人际关系,亲密关系,暗恋,用户因单向情感投入引发焦虑或被动状态，常表现为情感表达困难,制定寻找和维持健康关系的具体计划,认知重构-目标具象化,2,"[简单-心念培育式,逻辑-心念培育式]",,,,,,,,,,,
人际关系,亲密关系,伴侣互动,用户因关系冲突或日常分歧产生情绪波动，常表现为争吵或冷战,缓解因争吵引发的情绪波动,情感安抚-情绪调节,1,"[简单-情绪应对式,简单-环境接纳式,简单-外源锚定式,简单-经历意义式]",,,,,,,,,,,
人际关系,亲密关系,伴侣互动,用户因关系冲突或日常分歧产生情绪波动，常表现为争吵或冷战,接纳关系中存在分歧的常态性,情感安抚-接纳自我,1,"[简单-自我接纳式,简单-感恩整合式,简单-环境接纳式,简单-经历意义式]",,,,,,,,,,,
人际关系,亲密关系,伴侣互动,用户因关系冲突或日常分歧产生情绪波动，常表现为争吵或冷战,设定冲突解决的阶段性目标,情感安抚-目标平和化,1,"[简单-心态稳定式,简单-积极感知式,简单-心念培育式]",,,,,,,,,,,
人际关系,亲密关系,伴侣互动,用户因关系冲突或日常分歧产生情绪波动，常表现为争吵或冷战,增强对关系修复的信心,认知重构-增强自信,2,"[简单-心念锚定式,逻辑-心念锚定式,简单-主体自信式,逻辑-主体自信式,简单-潜能确认式，简单-主权宣告式，权力意志-对抗超升式]",,,,,,,,,,,
人际关系,亲密关系,伴侣互动,用户因关系冲突或日常分歧产生情绪波动，常表现为争吵或冷战,制定改善互动的具体计划（如每日倾听10分钟）,认知重构-目标具象化,2,"[简单-心念培育式,逻辑-心念培育式]",,,,,,,,,,,
人际关系,亲密关系,伴侣互动,用户因关系冲突或日常分歧产生情绪波动，常表现为争吵或冷战,通过实际行动增进理解（如写感恩日记）,行为驱动-提升行动力,2,"[简单-心念锚定式,逻辑-心念锚定式]",,,,,,,,,,,
人际关系,亲密关系,伴侣互动,用户因关系冲突或日常分歧产生情绪波动，常表现为争吵或冷战,达成关系改善的里程碑（如成功化解一次矛盾）,行为驱动-目标达成,2,"[简单-行动宣告式,简单-自然改变式，简单-爱之循环式]",,,,,,,,,,,
人际关系,亲密关系,被PUA,用户因情感操控经历陷入自我价值怀疑，常表现为自尊心受损,减轻被情感操控后的痛苦情绪,情感安抚-情绪调节,1,"[简单-情绪应对式,简单-环境接纳式,简单-外源锚定式,简单-经历意义式]",,,,,,,,,,,
人际关系,亲密关系,被PUA,用户因情感操控经历陷入自我价值怀疑，常表现为自尊心受损,接受自己曾经被操控的事实，减少自我责备,情感安抚-接纳自我,1,"[简单-自我接纳式,简单-感恩整合式,简单-环境接纳式,简单-经历意义式]",,,,,,,,,,,
人际关系,亲密关系,被PUA,用户因情感操控经历陷入自我价值怀疑，常表现为自尊心受损,设定恢复自尊心的渐进式目标,情感安抚-目标平和化,1,"[简单-心态稳定式,简单-积极感知式,简单-心念培育式]",,,,,,,,,,,
人际关系,亲密关系,被PUA,用户因情感操控经历陷入自我价值怀疑，常表现为自尊心受损,改变对自己价值的认知，更加自信,认知重构-增强自信,2,"[简单-心念锚定式,逻辑-心念锚定式,简单-主体自信式,逻辑-主体自信式,简单-潜能确认式，简单-主权宣告式，权力意志-对抗超升式]",,,,,,,,,,,
人际关系,亲密关系,被PUA,用户因情感操控经历陷入自我价值怀疑，常表现为自尊心受损,制定重建自我价值的具体计划,认知重构-目标具象化,2,"[简单-心念培育式,逻辑-心念培育式]",,,,,,,,,,,
人际关系,亲密关系,被PUA,用户因情感操控经历陷入自我价值怀疑，常表现为自尊心受损,采取实际行动恢复自信和自尊,行为驱动-提升行动力,2,"[简单-心念锚定式,逻辑-心念锚定式]",,,,,,,,,,,
人际关系,亲密关系,被PUA,用户因情感操控经历陷入自我价值怀疑，常表现为自尊心受损,实现自我价值恢复的目标,行为驱动-目标达成,2,"[简单-行动宣告式,简单-自然改变式，简单-爱之循环式]",,,,,,,,,,,
人际关系,亲密关系,情感需求,用户因情感忽视或沟通障碍感到孤独，常表现为情感需求未被满足,缓解因情感忽视引发的孤独感,情感安抚-情绪调节,1,"[简单-情绪应对式,简单-环境接纳式,简单-外源锚定式,简单-经历意义式]",,,,,,,,,,,
人际关系,亲密关系,情感需求,用户因情感忽视或沟通障碍感到孤独，常表现为情感需求未被满足,接纳自身对情感联结的合理需求,情感安抚-接纳自我,1,"[简单-自我接纳式,简单-感恩整合式,简单-环境接纳式,简单-经历意义式]",,,,,,,,,,,
人际关系,亲密关系,情感需求,用户因情感忽视或沟通障碍感到孤独，常表现为情感需求未被满足,设定情感沟通的渐进式目标,情感安抚-目标平和化,1,"[简单-心态稳定式,简单-积极感知式,简单-心念培育式]",,,,,,,,,,,
人际关系,亲密关系,情感需求,用户因情感忽视或沟通障碍感到孤独，常表现为情感需求未被满足,修正“我不需要爱”的负面认知，强化“我可以积极面对感情”等积极思想,认知重构-增强自信,2,"[简单-心念锚定式,逻辑-心念锚定式,简单-主体自信式,逻辑-主体自信式,简单-潜能确认式，简单-主权宣告式，权力意志-对抗超升式]",,,,,,,,,,,
人际关系,亲密关系,情感需求,用户因情感忽视或沟通障碍感到孤独，常表现为情感需求未被满足,制定表达情感需求的具体方式,认知重构-目标具象化,2,"[简单-心念培育式,逻辑-心念培育式]",,,,,,,,,,,
人际关系,亲密关系,情感需求,用户因情感忽视或沟通障碍感到孤独，常表现为情感需求未被满足,通过主动沟通增进情感联结,行为驱动-提升行动力,2,"[简单-心念锚定式,逻辑-心念锚定式]",,,,,,,,,,,
人际关系,亲密关系,情感需求,用户因情感忽视或沟通障碍感到孤独，常表现为情感需求未被满足,完成情感互动的关键行动（如定期约会）,行为驱动-目标达成,2,"[简单-行动宣告式,简单-自然改变式，简单-爱之循环式]",,,,,,,,,,,
人际关系,亲密关系,失恋,用户因情感断裂陷入自我否定或痛苦回忆，常表现为情绪低落或自我怀疑,提醒自己在爱中受伤能够愈合，自己过去的经历是有意义的，鼓励自己发现关系中的爱，提醒自己保持冷静和理性，减轻分手后的痛苦情绪,情感安抚-情绪调节,1,"[简单-情绪应对式,简单-环境接纳式,简单-外源锚定式,简单-经历意义式]",,,,,,,,,,,
人际关系,亲密关系,失恋,用户因情感断裂陷入自我否定或痛苦回忆，常表现为情绪低落或自我怀疑,允许自己为过去的关系悲伤，提醒自己想念对方也是正常的，提醒自己值得拥有美好的亲密关系,情感安抚-接纳自我,1,"[简单-自我接纳式,简单-感恩整合式,简单-环境接纳式,简单-经历意义式]",,,,,,,,,,,
人际关系,亲密关系,失恋,用户因情感断裂陷入自我否定或痛苦回忆，常表现为情绪低落或自我怀疑,设定走出失恋阴影的渐进式目标，给自己及时的鼓励,情感安抚-目标平和化,1,"[简单-心态稳定式,简单-积极感知式,简单-心念培育式]",,,,,,,,,,,
人际关系,亲密关系,失恋,用户因情感断裂陷入自我否定或痛苦回忆，常表现为情绪低落或自我怀疑,肯定自己在恋情中也有做得好的地方，肯定过去关系中的美好，感恩相遇，避免自我否定,认知重构-增强自信,2,"[简单-心念锚定式,逻辑-心念锚定式,简单-主体自信式,逻辑-主体自信式,简单-潜能确认式，简单-主权宣告式，权力意志-对抗超升式]",,,,,,,,,,,
人际关系,亲密关系,失恋,用户因情感断裂陷入自我否定或痛苦回忆，常表现为情绪低落或自我怀疑,设定情感恢复的短期目标（如减少回忆频率）,认知重构-目标具象化,2,"[简单-心念培育式,逻辑-心念培育式]",,,,,,,,,,,
人际关系,亲密关系,失恋,用户因情感断裂陷入自我否定或痛苦回忆，常表现为情绪低落或自我怀疑,通过实际行动逐步恢复情感活力,行为驱动-提升行动力,2,"[简单-心念锚定式,逻辑-心念锚定式]",,,,,,,,,,,
人际关系,亲密关系,失恋,用户因情感断裂陷入自我否定或痛苦回忆，常表现为情绪低落或自我怀疑,完成情感独立的关键行动,行为驱动-目标达成,2,"[简单-行动宣告式,简单-自然改变式，简单-爱之循环式]",,,,,,,,,,,
健康疗愈,心理健康,创伤疗愈,用户因过往创伤经历影响当前情绪稳定性，常表现为情绪波动或回避行为,缓解因创伤引发的情绪波动,情感安抚-情绪调节,1,"[简单-情绪应对式,简单-环境接纳式,简单-外源锚定式,简单-经历意义式]",,,,,,,,,,,
健康疗愈,心理健康,创伤疗愈,用户因过往创伤经历影响当前情绪稳定性，常表现为情绪波动或回避行为,接纳创伤的存在，减少自我责备,情感安抚-接纳自我,1,"[简单-自我接纳式,简单-感恩整合式,简单-环境接纳式,简单-经历意义式]",,,,,,,,,,,
健康疗愈,心理健康,创伤疗愈,用户因过往创伤经历影响当前情绪稳定性，常表现为情绪波动或回避行为,设定创伤疗愈的渐进式目标,情感安抚-目标平和化,1,"[简单-心态稳定式,简单-积极感知式,简单-心念培育式]",,,,,,,,,,,
健康疗愈,心理健康,创伤疗愈,用户因过往创伤经历影响当前情绪稳定性，常表现为情绪波动或回避行为,增强对疗愈过程的信心,认知重构-增强自信,2,"[简单-主体自信式,逻辑-主体自信式,简单-潜能确认式]",,,,,,,,,,,
健康疗愈,心理健康,创伤疗愈,用户因过往创伤经历影响当前情绪稳定性，常表现为情绪波动或回避行为,制定具体的疗愈计划,认知重构-目标具象化,2,"[简单-心念培育式,逻辑-心念培育式]",,,,,,,,,,,
健康疗愈,心理健康,创伤疗愈,用户因过往创伤经历影响当前情绪稳定性，常表现为情绪波动或回避行为,通过小行动逐步修复创伤（如写疗愈日记）,行为驱动-提升行动力,2,"[简单-心念锚定式,逻辑-心念锚定式]",,,,,,,,,,,
健康疗愈,心理健康,创伤疗愈,用户因过往创伤经历影响当前情绪稳定性，常表现为情绪波动或回避行为,完成创伤疗愈的阶段性目标（如连续一个月情绪稳定）,行为驱动-目标达成,2,"[简单-行动宣告式,简单-自然改变式，简单-爱之循环式]",,,,,,,,,,,
健康疗愈,心理健康,焦虑压力,用户因长期焦虑或突发压力事件陷入情绪波动，常表现为情绪失控或注意力分散,缓解因焦虑引发的情绪波动,情感安抚-情绪调节,1,"[简单-情绪应对式,简单-环境接纳式,简单-外源锚定式,简单-经历意义式]",,,,,,,,,,,
健康疗愈,心理健康,焦虑压力,用户因长期焦虑或突发压力事件陷入情绪波动，常表现为情绪失控或注意力分散,接纳焦虑情绪的存在，减少抗拒,情感安抚-接纳自我,1,"[简单-自我接纳式,简单-感恩整合式,简单-环境接纳式,简单-经历意义式]",,,,,,,,,,,
健康疗愈,心理健康,焦虑压力,用户因长期焦虑或突发压力事件陷入情绪波动，常表现为情绪失控或注意力分散,设定缓解焦虑的渐进式目标,情感安抚-目标平和化,1,"[简单-心态稳定式,简单-积极感知式,简单-心念培育式]",,,,,,,,,,,
健康疗愈,心理健康,焦虑压力,用户因长期焦虑或突发压力事件陷入情绪波动，常表现为情绪失控或注意力分散,增强对焦虑管理能力的信心,认知重构-增强自信,2,"[简单-主体自信式,逻辑-主体自信式,简单-潜能确认式]",,,,,,,,,,,
健康疗愈,心理健康,焦虑压力,用户因长期焦虑或突发压力事件陷入情绪波动，常表现为情绪失控或注意力分散,制定具体的焦虑缓解计划（如每日冥想）,认知重构-目标具象化,2,"[简单-心念培育式,逻辑-心念培育式]",,,,,,,,,,,
健康疗愈,心理健康,焦虑压力,用户因长期焦虑或突发压力事件陷入情绪波动，常表现为情绪失控或注意力分散,通过小行动逐步缓解焦虑（如深呼吸练习）,行为驱动-提升行动力,2,"[简单-心念锚定式,逻辑-心念锚定式]",,,,,,,,,,,
健康疗愈,心理健康,焦虑压力,用户因长期焦虑或突发压力事件陷入情绪波动，常表现为情绪失控或注意力分散,完成焦虑管理的阶段性目标（如连续一周情绪平稳）,行为驱动-目标达成,2,"[简单-行动宣告式,简单-自然改变式，简单-爱之循环式]",,,,,,,,,,,
健康疗愈,心理健康,学会感恩,用户因负面思维模式忽视生活中的积极面，常表现为情绪低落或抱怨,缓解因负面情绪引发的压力,情感安抚-情绪调节,1,"[简单-情绪应对式,简单-环境接纳式,简单-外源锚定式,简单-经历意义式]",,,,,,,,,,,
健康疗愈,心理健康,学会感恩,用户因负面思维模式忽视生活中的积极面，常表现为情绪低落或抱怨,接纳生活中的不完美，减少抱怨,情感安抚-接纳自我,1,"[简单-自我接纳式,简单-感恩整合式,简单-环境接纳式,简单-经历意义式]",,,,,,,,,,,
健康疗愈,心理健康,学会感恩,用户因负面思维模式忽视生活中的积极面，常表现为情绪低落或抱怨,设定感恩练习的渐进式目标,情感安抚-目标平和化,1,"[简单-心态稳定式,简单-积极感知式,简单-心念培育式]",,,,,,,,,,,
健康疗愈,心理健康,学会感恩,用户因负面思维模式忽视生活中的积极面，常表现为情绪低落或抱怨,增强对感恩练习的信心,认知重构-增强自信,2,"[简单-主体自信式,逻辑-主体自信式,简单-潜能确认式]",,,,,,,,,,,
健康疗愈,心理健康,学会感恩,用户因负面思维模式忽视生活中的积极面，常表现为情绪低落或抱怨,制定具体的感恩计划,认知重构-目标具象化,2,"[简单-心念培育式,简单-感恩整合式,逻辑-心念培育式]",,,,,,,,,,,
健康疗愈,心理健康,学会感恩,用户因负面思维模式忽视生活中的积极面，常表现为情绪低落或抱怨,通过小行动逐步培养感恩心态（如表达感谢）,行为驱动-提升行动力,2,"[简单-心念锚定式,逻辑-心念锚定式]",,,,,,,,,,,
健康疗愈,心理健康,学会感恩,用户因负面思维模式忽视生活中的积极面，常表现为情绪低落或抱怨,完成感恩练习的阶段性目标,行为驱动-目标达成,2,"[简单-行动宣告式,简单-自然改变式，简单-感恩整合式，简单-爱之循环式]",,,,,,,,,,,
健康疗愈,心理健康,自我接纳,用户因过度追求完美导致自我批判，常表现为自我否定或情绪内耗,减少因自我否定引发的情绪波动,情感安抚-情绪调节,1,"[简单-情绪应对式,简单-环境接纳式,简单-外源锚定式,简单-经历意义式]",,,,,,,,,,,
健康疗愈,心理健康,自我接纳,用户因过度追求完美导致自我批判，常表现为自我否定或情绪内耗,接纳自身的不完美，停止自我批判,情感安抚-接纳自我,1,"[简单-自我接纳式,简单-感恩整合式]",,,,,,,,,,,
健康疗愈,心理健康,自我接纳,用户因过度追求完美导致自我批判，常表现为自我否定或情绪内耗,设定自我接纳的阶段性目标,情感安抚-目标平和化,1,"[简单-心态稳定式,简单-积极感知式,简单-心念培育式]",,,,,,,,,,,
健康疗愈,心理健康,自我接纳,用户因过度追求完美导致自我批判，常表现为自我否定或情绪内耗,修正“必须完美”的负面思维,认知重构-增强自信,2,"[简单-主体自信式,逻辑-主体自信式,简单-潜能确认式]",,,,,,,,,,,
健康疗愈,心理健康,自我接纳,用户因过度追求完美导致自我批判，常表现为自我否定或情绪内耗,将自我接纳转化为具体行动计划,认知重构-目标具象化,2,"[简单-心念培育式,逻辑-心念培育式]",,,,,,,,,,,
健康疗愈,心理健康,自我接纳,用户因过度追求完美导致自我批判，常表现为自我否定或情绪内耗,通过日常练习强化自我接纳,行为驱动-提升行动力,2,"[简单-心念锚定式,逻辑-心念锚定式]",,,,,,,,,,,
健康疗愈,心理健康,自我接纳,用户因过度追求完美导致自我批判，常表现为自我否定或情绪内耗,完成自我疗愈的阶段性里程碑,行为驱动-目标达成,2,"[简单-行动宣告式,简单-自然改变式，简单-爱之循环式]",,,,,,,,,,,
健康疗愈,身体健康,作息,用户因作息紊乱导致身心疲劳，常表现为精力不足或情绪波动,缓解因作息不规律引发的疲劳感,情感安抚-情绪调节,1,[简单-情绪应对式],,,,,,,,,,,
健康疗愈,身体健康,作息,用户因作息紊乱导致身心疲劳，常表现为精力不足或情绪波动,接纳偶尔熬夜的行为，减少自责,情感安抚-接纳自我,1,"[简单-自我接纳式,简单-感恩整合式]",,,,,,,,,,,
健康疗愈,身体健康,作息,用户因作息紊乱导致身心疲劳，常表现为精力不足或情绪波动,设定逐步调整作息的渐进式目标,情感安抚-目标平和化,1,"[简单-心态稳定式,简单-积极感知式,简单-心念培育式]",,,,,,,,,,,
健康疗愈,身体健康,作息,用户因作息紊乱导致身心疲劳，常表现为精力不足或情绪波动,增强对作息调整的信心,认知重构-增强自信,2,"[简单-主体自信式,逻辑-主体自信式,简单-潜能确认式]",,,,,,,,,,,
健康疗愈,身体健康,作息,用户因作息紊乱导致身心疲劳，常表现为精力不足或情绪波动,制定具体的作息改善计划,认知重构-目标具象化,2,"[简单-心念培育式,逻辑-心念培育式]",,,,,,,,,,,
健康疗愈,身体健康,作息,用户因作息紊乱导致身心疲劳，常表现为精力不足或情绪波动,通过小行动逐步调整作息,行为驱动-提升行动力,2,"[简单-心念锚定式,逻辑-心念锚定式]",,,,,,,,,,,
健康疗愈,身体健康,作息,用户因作息紊乱导致身心疲劳，常表现为精力不足或情绪波动,完成作息调整的阶段性目标,行为驱动-目标达成,2,"[简单-行动宣告式,简单-自然改变式，简单-爱之循环式]",,,,,,,,,,,
个人成长,自我探索,三观建立,用户因价值观模糊或外部冲击陷入迷茫，常表现为生活方向感缺失,通过日常行为实践价值观,行为驱动-提升行动力,2,"[简单-心念锚定式,逻辑-心念锚定式]",,,,,,,,,,,
个人成长,自我探索,三观建立,用户因价值观模糊或外部冲击陷入迷茫，常表现为生活方向感缺失,在行动中验证并巩固价值观,行为驱动-目标达成,2,"[简单-行动宣告式,简单-自然改变式]",,,,,,,,,,,
个人成长,自我探索,三观建立,用户因价值观模糊或外部冲击陷入迷茫，常表现为生活方向感缺失,设定三观培养的渐进式目标，缓解因价值观模糊引发的焦虑,情感安抚-目标平和化,1,"[简单-心态稳定式,简单-积极感知式,简单-心念培育式]",,,,,,,,,,,
个人成长,自我探索,三观建立,用户因价值观模糊或外部冲击陷入迷茫，常表现为生活方向感缺失,建立对自我价值观的坚定信念,认知重构-增强自信,2,[简单-主体自信式，简单-主体意义式，简单-独特价值宣言式],,,,,,,,,,,
个人成长,自我探索,三观建立,用户因价值观模糊或外部冲击陷入迷茫，常表现为生活方向感缺失,将抽象价值观转化为具体生活准则,认知重构-目标具象化,2,"[简单-心念培育式,逻辑-心念培育式]",,,,,,,,,,,
个人成长,自我探索,兴趣培养,用户因兴趣探索动力不足或自我怀疑阻碍行动，常表现为兴趣发展停滞,设定兴趣培养的渐进式目标，缓解因兴趣培养引发的压力,情感安抚-目标平和化,1,"[简单-心态稳定式,简单-积极感知式,简单-心念培育式]",,,,,,,,,,,
个人成长,自我探索,兴趣培养,用户因兴趣探索动力不足或自我怀疑阻碍行动，常表现为兴趣发展停滞,克服自我怀疑，相信自己的学习能力,认知重构-增强自信,2,"[简单-主体自信式,逻辑-主体自信式,简单-潜能确认式]",,,,,,,,,,,
个人成长,自我探索,兴趣培养,用户因兴趣探索动力不足或自我怀疑阻碍行动，常表现为兴趣发展停滞,明确兴趣发展的阶段性目标,认知重构-目标具象化,2,"[简单-心念培育式,逻辑-心念培育式]",,,,,,,,,,,
个人成长,自我探索,兴趣培养,用户因兴趣探索动力不足或自我怀疑阻碍行动，常表现为兴趣发展停滞,启动兴趣学习的行动，减少拖延,行为驱动-提升行动力,2,"[简单-心念锚定式,逻辑-心念锚定式]",,,,,,,,,,,
个人成长,自我探索,兴趣培养,用户因兴趣探索动力不足或自我怀疑阻碍行动，常表现为兴趣发展停滞,完成兴趣学习的短期任务,行为驱动-目标达成,2,"[简单-行动宣告式,简单-自然改变式]",,,,,,,,,,,
个人成长,职业发展,求职,用户因求职压力或目标模糊产生焦虑，常表现为投递简历动力不足,缓解求职过程中的焦虑,情感安抚-情绪调节,1,"[简单-情绪应对式,简单-环境接纳式,简单-外源锚定式,简单-经历意义式]",,,,,,,,,,,
个人成长,职业发展,求职,用户因求职压力或目标模糊产生焦虑，常表现为投递简历动力不足,设定求职的渐进式目标,情感安抚-目标平和化,1,"[简单-心态稳定式,简单-积极感知式,简单-心念培育式]",,,,,,,,,,,
个人成长,职业发展,求职,用户因求职压力或目标模糊产生焦虑，常表现为投递简历动力不足,增强对求职能力的信心,认知重构-增强自信,2,"[简单-主体自信式,逻辑-主体自信式,简单-潜能确认式]",,,,,,,,,,,
个人成长,职业发展,求职,用户因求职压力或目标模糊产生焦虑，常表现为投递简历动力不足,制定具体的求职计划（如每日投递简历）,认知重构-目标具象化,2,"[简单-心念培育式,逻辑-心念培育式]",,,,,,,,,,,
个人成长,职业发展,求职,用户因求职压力或目标模糊产生焦虑，常表现为投递简历动力不足,通过小行动逐步接近求职目标,行为驱动-提升行动力,2,"[简单-心念锚定式,逻辑-心念锚定式]",,,,,,,,,,,
个人成长,职业发展,求职,用户因求职压力或目标模糊产生焦虑，常表现为投递简历动力不足,完成求职的阶段性成果（如获得面试机会）,行为驱动-目标达成,2,"[简单-行动宣告式,简单-自然改变式]",,,,,,,,,,,
个人成长,职业发展,失业,用户因失业产生情绪波动或自我怀疑，常表现为求职动力不足,缓解因失业引发的情绪波动,情感安抚-情绪调节,1,"[简单-情绪应对式,简单-环境接纳式,简单-外源锚定式,简单-经历意义式]",,,,,,,,,,,
个人成长,职业发展,失业,用户因失业产生情绪波动或自我怀疑，常表现为求职动力不足,接纳失业的现实，减少自我责备,情感安抚-接纳自我,1,"[简单-自我接纳式,简单-环境接纳式,简单-经历意义式]",,,,,,,,,,,
个人成长,职业发展,失业,用户因失业产生情绪波动或自我怀疑，常表现为求职动力不足,设定失业后的渐进式目标,情感安抚-目标平和化,1,"[简单-心态稳定式,简单-积极感知式,简单-心念培育式]",,,,,,,,,,,
个人成长,职业发展,失业,用户因失业产生情绪波动或自我怀疑，常表现为求职动力不足,增强对重新就业的信心,认知重构-增强自信,2,"[简单-主体自信式,逻辑-主体自信式,简单-潜能确认式]",,,,,,,,,,,
个人成长,职业发展,失业,用户因失业产生情绪波动或自我怀疑，常表现为求职动力不足,制定具体的求职计划（如每日投递简历）,认知重构-目标具象化,2,"[简单-心念培育式,逻辑-心念培育式]",,,,,,,,,,,
个人成长,职业发展,失业,用户因失业产生情绪波动或自我怀疑，常表现为求职动力不足,通过小行动逐步接近就业目标,行为驱动-提升行动力,2,"[简单-心念锚定式,逻辑-心念锚定式]",,,,,,,,,,,
个人成长,职业发展,失业,用户因失业产生情绪波动或自我怀疑，常表现为求职动力不足,完成求职的阶段性成果（如获得面试机会）,行为驱动-目标达成,2,"[简单-行动宣告式,简单-自然改变式]",,,,,,,,,,,
个人成长,职业发展,职业规划,用户因职业规划迷茫或目标模糊产生焦虑，常表现为职业方向感缺失,缓解因职业规划引发的迷茫,情感安抚-情绪调节,1,"[简单-情绪应对式,简单-环境接纳式,简单-外源锚定式,简单-经历意义式]",,,,,,,,,,,
个人成长,职业发展,职业规划,用户因职业规划迷茫或目标模糊产生焦虑，常表现为职业方向感缺失,设定职业规划的渐进式目标,情感安抚-目标平和化,1,"[简单-心态稳定式,简单-积极感知式,简单-心念培育式]",,,,,,,,,,,
个人成长,职业发展,职业规划,用户因职业规划迷茫或目标模糊产生焦虑，常表现为职业方向感缺失,增强对职业规划的信心,认知重构-增强自信,2,"[简单-主体自信式,逻辑-主体自信式,简单-潜能确认式]",,,,,,,,,,,
个人成长,职业发展,职业规划,用户因职业规划迷茫或目标模糊产生焦虑，常表现为职业方向感缺失,制定具体的职业规划步骤,认知重构-目标具象化,2,"[简单-心念培育式,逻辑-心念培育式]",,,,,,,,,,,
个人成长,职业发展,职业规划,用户因职业规划迷茫或目标模糊产生焦虑，常表现为职业方向感缺失,通过小行动逐步实现职业目标,行为驱动-提升行动力,2,"[简单-心念锚定式,逻辑-心念锚定式]",,,,,,,,,,,
个人成长,职业发展,职业规划,用户因职业规划迷茫或目标模糊产生焦虑，常表现为职业方向感缺失,完成职业规划的阶段性成果,行为驱动-目标达成,2,"[简单-行动宣告式,简单-自然改变式]",,,,,,,,,,,
个人成长,职业发展,转型适应,用户因职业转型压力或适应困难产生焦虑，常表现为职业方向感缺失,缓解因职业转型引发的焦虑,情感安抚-情绪调节,1,"[简单-情绪应对式,简单-环境接纳式,简单-外源锚定式,简单-经历意义式]",,,,,,,,,,,
个人成长,职业发展,转型适应,用户因职业转型压力或适应困难产生焦虑，常表现为职业方向感缺失,设定转型适应的渐进式目标,情感安抚-目标平和化,1,"[简单-心态稳定式,简单-积极感知式,简单-心念培育式]",,,,,,,,,,,
个人成长,职业发展,转型适应,用户因职业转型压力或适应困难产生焦虑，常表现为职业方向感缺失,增强对转型能力的信心,认知重构-增强自信,2,"[简单-主体自信式,逻辑-主体自信式,简单-潜能确认式]",,,,,,,,,,,
个人成长,职业发展,转型适应,用户因职业转型压力或适应困难产生焦虑，常表现为职业方向感缺失,制定具体的转型计划（如学习新技能）,认知重构-目标具象化,2,"[简单-心念培育式,逻辑-心念培育式]",,,,,,,,,,,
个人成长,职业发展,转型适应,用户因职业转型压力或适应困难产生焦虑，常表现为职业方向感缺失,通过小行动逐步适应新职业,行为驱动-提升行动力,2,"[简单-心念锚定式,逻辑-心念锚定式]",,,,,,,,,,,
个人成长,职业发展,转型适应,用户因职业转型压力或适应困难产生焦虑，常表现为职业方向感缺失,完成转型适应的阶段性目标,行为驱动-目标达成,2,"[简单-行动宣告式,简单-自然改变式]",,,,,,,,,,,
个人成长,生活过渡,身份转变,用户因重大生活变化（如步入社会、结婚、成为父母）产生适应焦虑，常表现为角色冲突或情绪波动,缓解因身份转变引发的焦虑,情感安抚-情绪调节,1,"[简单-情绪应对式,简单-环境接纳式,简单-外源锚定式,简单-经历意义式]",,,,,,,,,,,
个人成长,生活过渡,身份转变,用户因重大生活变化（如步入社会、结婚、成为父母）产生适应焦虑，常表现为角色冲突或情绪波动,设定适应新身份的渐进式目标,情感安抚-目标平和化,1,"[简单-心态稳定式,简单-积极感知式,简单-心念培育式]",,,,,,,,,,,
个人成长,生活过渡,身份转变,用户因重大生活变化（如步入社会、结婚、成为父母）产生适应焦虑，常表现为角色冲突或情绪波动,增强对新身份的适应信心,认知重构-增强自信,2,"[简单-主体自信式,逻辑-主体自信式,简单-潜能确认式]",,,,,,,,,,,
个人成长,生活过渡,身份转变,用户因重大生活变化（如步入社会、结婚、成为父母）产生适应焦虑，常表现为角色冲突或情绪波动,制定具体的适应计划（如学习新技能）,认知重构-目标具象化,2,"[简单-心念培育式,逻辑-心念培育式]",,,,,,,,,,,
个人成长,生活过渡,身份转变,用户因重大生活变化（如步入社会、结婚、成为父母）产生适应焦虑，常表现为角色冲突或情绪波动,通过小行动逐步适应新身份,行为驱动-提升行动力,2,"[简单-心念锚定式,逻辑-心念锚定式]",,,,,,,,,,,
个人成长,生活过渡,身份转变,用户因重大生活变化（如步入社会、结婚、成为父母）产生适应焦虑，常表现为角色冲突或情绪波动,完成身份转变的阶段性目标,行为驱动-目标达成,2,"[简单-行动宣告式,简单-自然改变式]",,,,,,,,,,,
个人成长,工作学习,动力不足,用户在面对工作或学习任务时难以启动或持续进行，导致拖延，影响学业或职业发展,增强自信心，相信自己能够找到并维持动力,情感安抚-情绪调节,1,"[简单-情绪应对式,简单-环境接纳式,简单-外源锚定式,简单-经历意义式]",,,,,,,,,,,
个人成长,工作学习,动力不足,用户在面对工作或学习任务时难以启动或持续进行，导致拖延，影响学业或职业发展,设定具体的目标以提升动力,情感安抚-目标平和化,1,"[简单-心态稳定式,简单-积极感知式,简单-心念培育式]",,,,,,,,,,,
个人成长,工作学习,动力不足,用户在面对工作或学习任务时难以启动或持续进行，导致拖延，影响学业或职业发展,制定具体的行动计划来提升动力,认知重构-增强自信,2,"[简单-主体自信式,逻辑-主体自信式,简单-潜能确认式]",,,,,,,,,,,
个人成长,工作学习,动力不足,用户在面对工作或学习任务时难以启动或持续进行，导致拖延，影响学业或职业发展,达到设定的动力提升目标,认知重构-目标具象化,2,"[简单-心念培育式,逻辑-心念培育式]",,,,,,,,,,,
个人成长,工作学习,动力不足,用户在面对工作或学习任务时难以启动或持续进行，导致拖延，影响学业或职业发展,缓解因缺乏动力引发的拖延,行为驱动-提升行动力,2,"[简单-心念锚定式,逻辑-心念锚定式]",,,,,,,,,,,
个人成长,工作学习,动力不足,用户在面对工作或学习任务时难以启动或持续进行，导致拖延，影响学业或职业发展,通过小行动逐步恢复动力,行为驱动-目标达成,2,"[简单-行动宣告式,简单-自然改变式]",,,,,,,,,,,
个人成长,工作学习,技能拓展,用户因学习新技能时的挫败感或压力产生逃避心理，常表现为学习动力不足,设定技能拓展的渐进式目标，缓解学习新技能时的紧张感，享受每次进步带来的满足感,情感安抚-目标平和化,1,"[简单-心态稳定式,简单-积极感知式,简单-心念培育式]",,,,,,,,,,,
个人成长,工作学习,技能拓展,用户因学习新技能时的挫败感或压力产生逃避心理，常表现为学习动力不足,克服自我怀疑，确信自己有能力学会并精通新技能,认知重构-增强自信,2,"[简单-主体自信式,逻辑-主体自信式,简单-潜能确认式]",,,,,,,,,,,
个人成长,工作学习,技能拓展,用户因学习新技能时的挫败感或压力产生逃避心理，常表现为学习动力不足,提升对新技能的兴趣和热情,认知重构-目标具象化,2,"[简单-心念培育式,逻辑-心念培育式]",,,,,,,,,,,
个人成长,工作学习,技能拓展,用户因学习新技能时的挫败感或压力产生逃避心理，常表现为学习动力不足,找到有效的练习方式，将理论知识转化为实际操作能力,行为驱动-提升行动力,2,"[简单-心念锚定式,逻辑-心念锚定式]",,,,,,,,,,,
个人成长,工作学习,技能拓展,用户因学习新技能时的挫败感或压力产生逃避心理，常表现为学习动力不足,完成特定技能的学习目标,行为驱动-目标达成,2,"[简单-行动宣告式,简单-自然改变式]",,,,,,,,,,,
个人成长,工作学习,领导力培养,用户因角色转换压力或经验不足影响领导效能，常表现为决策犹豫或团队管理困难,设定领导力培养的渐进式目标，减轻担任领导者角色的压力,情感安抚-目标平和化,1,"[简单-心态稳定式,简单-积极感知式,简单-心念培育式]",,,,,,,,,,,
个人成长,工作学习,领导力培养,用户因角色转换压力或经验不足影响领导效能，常表现为决策犹豫或团队管理困难,提升自信，相信自己的领导能力,认知重构-增强自信,2,"[简单-主体自信式,逻辑-主体自信式,简单-潜能确认式]",,,,,,,,,,,
个人成长,工作学习,领导力培养,用户因角色转换压力或经验不足影响领导效能，常表现为决策犹豫或团队管理困难,设定并达成领导力发展的目标,认知重构-目标具象化,2,"[简单-心念培育式,逻辑-心念培育式]",,,,,,,,,,,
个人成长,工作学习,领导力培养,用户因角色转换压力或经验不足影响领导效能，常表现为决策犹豫或团队管理困难,采取实际行动提高领导力,行为驱动-提升行动力,2,"[简单-心念锚定式,逻辑-心念锚定式]",,,,,,,,,,,
个人成长,工作学习,领导力培养,用户因角色转换压力或经验不足影响领导效能，常表现为决策犹豫或团队管理困难,实现具体领导力发展目标,行为驱动-目标达成,2,"[简单-行动宣告式,简单-自然改变式]",,,,,,,,,,,
个人成长,工作学习,任务管理,用户因多任务并行或优先级混乱导致效率低下，常表现为拖延或压力过大,缓解处理复杂任务时的压力,情感安抚-情绪调节,1,"[简单-情绪应对式,简单-环境接纳式,简单-外源锚定式,简单-经历意义式]",,,,,,,,,,,
个人成长,工作学习,任务管理,用户因多任务并行或优先级混乱导致效率低下，常表现为拖延或压力过大,设定改善任务管理表现的渐进式目标，增强自信心，相信可以有效管理任务,情感安抚-目标平和化,1,"[简单-心态稳定式,简单-积极感知式,简单-心念培育式]",,,,,,,,,,,
个人成长,工作学习,任务管理,用户因多任务并行或优先级混乱导致效率低下，常表现为拖延或压力过大,设定并达成任务管理的目标,认知重构-增强自信,2,"[简单-主体自信式,逻辑-主体自信式,简单-潜能确认式]",,,,,,,,,,,
个人成长,工作学习,任务管理,用户因多任务并行或优先级混乱导致效率低下，常表现为拖延或压力过大,采取实际行动提高任务执行效率,认知重构-目标具象化,2,"[简单-心念培育式,逻辑-心念培育式]",,,,,,,,,,,
个人成长,工作学习,任务管理,用户因多任务并行或优先级混乱导致效率低下，常表现为拖延或压力过大,完成重要任务以达成目标,行为驱动-提升行动力,2,"[简单-心念锚定式,逻辑-心念锚定式]",,,,,,,,,,,
个人成长,工作学习,任务管理,用户因多任务并行或优先级混乱导致效率低下，常表现为拖延或压力过大,减轻因时间安排不当带来的压力,行为驱动-目标达成,2,"[简单-行动宣告式,简单-自然改变式]",,,,,,,,,,,
个人成长,工作学习,时间管理,用户因时间分配不合理引发疲惫或拖延，常表现为时间利用率低,提高自我效能感，相信能有效利用时间,情感安抚-情绪调节,1,"[简单-情绪应对式,简单-环境接纳式,简单-外源锚定式,简单-经历意义式]",,,,,,,,,,,
个人成长,工作学习,时间管理,用户因时间分配不合理引发疲惫或拖延，常表现为时间利用率低,设定改善时间管理的渐进式目标,情感安抚-目标平和化,1,"[简单-心态稳定式,简单-积极感知式,简单-心念培育式]",,,,,,,,,,,
个人成长,工作学习,时间管理,用户因时间分配不合理引发疲惫或拖延，常表现为时间利用率低,制定具体的时间管理计划,认知重构-增强自信,2,"[简单-主体自信式,逻辑-主体自信式,简单-潜能确认式]",,,,,,,,,,,
个人成长,工作学习,时间管理,用户因时间分配不合理引发疲惫或拖延，常表现为时间利用率低,实现高效的时间管理目标,认知重构-目标具象化,2,"[简单-心念培育式,逻辑-心念培育式]",,,,,,,,,,,
个人成长,工作学习,时间管理,用户因时间分配不合理引发疲惫或拖延，常表现为时间利用率低,减轻长时间工作带来的疲惫感,行为驱动-提升行动力,2,"[简单-心念锚定式,逻辑-心念锚定式]",,,,,,,,,,,
个人成长,工作学习,时间管理,用户因时间分配不合理引发疲惫或拖延，常表现为时间利用率低,接纳当前的职业状态并寻找新的兴趣点,行为驱动-目标达成,2,"[简单-行动宣告式,简单-自然改变式]",,,,,,,,,,,
个人成长,工作学习,学业压力,用户因学业任务繁重或目标模糊产生焦虑，常表现为学习效率低下,缓解面对学业任务时的压力,情感安抚-情绪调节,1,"[简单-情绪应对式,简单-环境接纳式,简单-外源锚定式,简单-经历意义式]",,,,,,,,,,,
个人成长,工作学习,学业压力,用户因学业任务繁重或目标模糊产生焦虑，常表现为学习效率低下,设定提高学业表现的渐进式目标，减轻面对学业任务时的压力,情感安抚-目标平和化,1,"[简单-心态稳定式,简单-积极感知式,简单-心念培育式]",,,,,,,,,,,
个人成长,工作学习,学业压力,用户因学业任务繁重或目标模糊产生焦虑，常表现为学习效率低下,增强自信心，相信能够应对学业挑战,认知重构-增强自信,2,"[简单-主体自信式,逻辑-主体自信式,简单-潜能确认式]",,,,,,,,,,,
个人成长,工作学习,学业压力,用户因学业任务繁重或目标模糊产生焦虑，常表现为学习效率低下,制定并达成学业上的目标,认知重构-目标具象化,2,"[简单-心念培育式,逻辑-心念培育式]",,,,,,,,,,,
个人成长,工作学习,学业压力,用户因学业任务繁重或目标模糊产生焦虑，常表现为学习效率低下,通过行动改善学习习惯,行为驱动-提升行动力,2,"[简单-心念锚定式,逻辑-心念锚定式]",,,,,,,,,,,
个人成长,工作学习,学业压力,用户因学业任务繁重或目标模糊产生焦虑，常表现为学习效率低下,完成特定学习任务以达成目标,行为驱动-目标达成,2,"[简单-行动宣告式,简单-自然改变式]",,,,,,,,,,,
个人成长,工作学习,职业倦怠,用户因长期职业压力或动力缺失陷入倦怠，常表现为工作热情减退,增强自信心，找到重新激发工作热情的方法,情感安抚-情绪调节,1,"[简单-情绪应对式,简单-环境接纳式,简单-外源锚定式,简单-经历意义式]",,,,,,,,,,,
个人成长,工作学习,职业倦怠,用户因长期职业压力或动力缺失陷入倦怠，常表现为工作热情减退,设定职业发展或调整的渐进式目标,情感安抚-目标平和化,1,"[简单-心态稳定式,简单-积极感知式,简单-心念培育式]",,,,,,,,,,,
个人成长,工作学习,职业倦怠,用户因长期职业压力或动力缺失陷入倦怠，常表现为工作热情减退,改变工作方式或寻找新的职业方向,认知重构-增强自信,2,"[简单-主体自信式,逻辑-主体自信式,简单-潜能确认式]",,,,,,,,,,,
个人成长,工作学习,职业倦怠,用户因长期职业压力或动力缺失陷入倦怠，常表现为工作热情减退,实现职业活力恢复的目标,认知重构-目标具象化,2,"[简单-心念培育式,逻辑-心念培育式]",,,,,,,,,,,
个人成长,工作学习,职业倦怠,用户因长期职业压力或动力缺失陷入倦怠，常表现为工作热情减退,减轻缺乏动力时的焦虑感,行为驱动-提升行动力,2,"[简单-心念锚定式,逻辑-心念锚定式]",,,,,,,,,,,
个人成长,工作学习,职业倦怠,用户因长期职业压力或动力缺失陷入倦怠，常表现为工作热情减退,接纳当前的动力状态，并寻找新的激励点,行为驱动-目标达成,2,"[简单-行动宣告式,简单-自然改变式]",,,,,,,,,,,
个人成长,创造力,创造性问题解决,用户因问题复杂性或思维局限导致解决方案匮乏，常表现为决策困难,增强解决问题的信心,认知重构-增强自信,2,"[简单-主体自信式,逻辑-主体自信式,简单-潜能确认式]",,,,,,,,,,,
个人成长,创造力,创造性问题解决,用户因问题复杂性或思维局限导致解决方案匮乏，常表现为决策困难,设定并实现创造性解决方案的目标,认知重构-目标具象化,2,"[简单-心念培育式,逻辑-心念培育式]",,,,,,,,,,,
个人成长,创造力,创造性问题解决,用户因问题复杂性或思维局限导致解决方案匮乏，常表现为决策困难,采取具体步骤解决实际问题,行为驱动-提升行动力,2,"[简单-心念锚定式,逻辑-心念锚定式]",,,,,,,,,,,
个人成长,创造力,创造性问题解决,用户因问题复杂性或思维局限导致解决方案匮乏，常表现为决策困难,完成设定的问题解决目标,行为驱动-目标达成,2,"[简单-行动宣告式,简单-自然改变式]",,,,,,,,,,,
擦拭信念,内在特质,唤醒勇气,用户因恐惧或自我设限回避挑战，常表现为行动力不足,提醒自己是个勇敢的人,认知重构-增强自信,2,"[简单-主体自信式,逻辑-主体自信式,简单-潜能确认式]",,,,,,,,,,,
擦拭信念,内在特质,唤醒勇气,用户因恐惧或自我设限回避挑战，常表现为行动力不足,将勇气目标转化为具体行动计划,认知重构-目标具象化,2,"[简单-心念培育式,逻辑-心念培育式]",,,,,,,,,,,
擦拭信念,内在特质,唤醒勇气,用户因恐惧或自我设限回避挑战，常表现为行动力不足,通过小行动积累勇气（如尝试公开发言）,行为驱动-提升行动力,2,"[简单-心念锚定式,逻辑-心念锚定式]",,,,,,,,,,,
擦拭信念,内在特质,唤醒勇气,用户因恐惧或自我设限回避挑战，常表现为行动力不足,完成一次突破舒适区的挑战,行为驱动-目标达成,2,"[简单-行动宣告式,简单-自然改变式，简单-爱之循环式]",,,,,,,,,,,
擦拭信念,内在特质,坚固信心,用户因过往失败或外界否定导致信心动摇，常表现为自我怀疑,提醒自己保持信心,认知重构-增强自信,2,"[简单-主体自信式,逻辑-主体自信式,简单-潜能确认式]",,,,,,,,,,,
擦拭信念,内在特质,坚固信心,用户因过往失败或外界否定导致信心动摇，常表现为自我怀疑,将信心目标拆解为可执行步骤,认知重构-目标具象化,2,"[简单-心念培育式,逻辑-心念培育式]",,,,,,,,,,,
擦拭信念,内在特质,坚固信心,用户因过往失败或外界否定导致信心动摇，常表现为自我怀疑,通过正向反馈强化信心,行为驱动-提升行动力,2,"[简单-心念锚定式,逻辑-心念锚定式]",,,,,,,,,,,
擦拭信念,内在特质,坚固信心,用户因过往失败或外界否定导致信心动摇，常表现为自我怀疑,实现信心建设的标志性事件,行为驱动-目标达成,2,"[简单-行动宣告式,简单-自然改变式，简单-爱之循环式]",,,,,,,,,,,
擦拭信念,内在特质,提醒坚持,用户因短期目标模糊或动力波动难以持续行动，常表现为行动中断,提醒自己能够坚持,认知重构-增强自信,2,"[简单-主体自信式,逻辑-主体自信式,简单-潜能确认式]",,,,,,,,,,,
擦拭信念,内在特质,提醒坚持,用户因短期目标模糊或动力波动难以持续行动，常表现为行动中断,明确坚持的长期价值与短期目标,认知重构-目标具象化,2,"[简单-心念培育式,逻辑-心念培育式]",,,,,,,,,,,
擦拭信念,内在特质,提醒坚持,用户因短期目标模糊或动力波动难以持续行动，常表现为行动中断,通过每日微行动保持持续性,行为驱动-提升行动力,2,"[简单-心念锚定式,逻辑-心念锚定式]",,,,,,,,,,,
擦拭信念,内在特质,提醒坚持,用户因短期目标模糊或动力波动难以持续行动，常表现为行动中断,达成连续坚持的阶段性成果,行为驱动-目标达成,2,"[简单-行动宣告式,简单-自然改变式，简单-爱之循环式]",,,,,,,,,,,
擦拭信念,个人追求,坚持善良,用户因外界压力或自我怀疑偏离善良初心，常表现为行动犹豫,提醒自己有能力保持善良,认知重构-增强自信,3,"[简单-主体自信式,逻辑-主体自信式,简单-潜能确认式]",,,,,,,,,,,
擦拭信念,个人追求,坚持善良,用户因外界压力或自我怀疑偏离善良初心，常表现为行动犹豫,制定践行善良的具体行动方案,认知重构-目标具象化,3,"[简单-心念培育式,逻辑-心念培育式,简单-爱之循环式]",,,,,,,,,,,
擦拭信念,个人追求,坚持善良,用户因外界压力或自我怀疑偏离善良初心，常表现为行动犹豫,通过日常善举积累正向能量,行为驱动-提升行动力,3,"[简单-心念锚定式,逻辑-心念锚定式，简单-爱之循环式]",,,,,,,,,,,
擦拭信念,个人追求,坚持善良,用户因外界压力或自我怀疑偏离善良初心，常表现为行动犹豫,完成一次有影响力的善意行动,行为驱动-目标达成,3,"[简单-行动宣告式,简单-自然改变式，简单-爱之循环式]",,,,,,,,,,,
擦拭信念,个人追求,追求理想,用户因现实阻力或自我怀疑偏离长期追求，常表现为动力不足,提醒自己有能力追求理想,认知重构-增强自信,3,"[简单-主体自信式,逻辑-主体自信式,简单-潜能确认式]",,,,,,,,,,,
擦拭信念,个人追求,追求理想,用户因现实阻力或自我怀疑偏离长期追求，常表现为动力不足,将理想转化为可落地的阶段性目标,认知重构-目标具象化,3,"[简单-心念培育式,逻辑-心念培育式,简单-爱之循环式]",,,,,,,,,,,
擦拭信念,个人追求,追求理想,用户因现实阻力或自我怀疑偏离长期追求，常表现为动力不足,通过持续行动接近理想,行为驱动-提升行动力,3,"[简单-心念锚定式,逻辑-心念锚定式，简单-爱之循环式]",,,,,,,,,,,
擦拭信念,个人追求,追求理想,用户因现实阻力或自我怀疑偏离长期追求，常表现为动力不足,完成理想推进的关键任务,行为驱动-目标达成,3,"[简单-行动宣告式,简单-自然改变式，简单-爱之循环式]",,,,,,,,,,,
擦拭信念,个人追求,追求梦想,用户因现实阻力或自我怀疑偏离长期梦想，常表现为动力不足,提醒自己有能力逐梦,认知重构-增强自信,2,"[简单-主体自信式,逻辑-主体自信式,简单-潜能确认式]",,,,,,,,,,,
擦拭信念,个人追求,追求梦想,用户因现实阻力或自我怀疑偏离长期梦想，常表现为动力不足,明确梦想实现的路径与优先级,认知重构-目标具象化,2,"[简单-心念培育式,逻辑-心念培育式,简单-爱之循环式]",,,,,,,,,,,
擦拭信念,个人追求,追求梦想,用户因现实阻力或自我怀疑偏离长期梦想，常表现为动力不足,通过每日努力积累梦想资源,行为驱动-提升行动力,2,"[简单-心念锚定式,逻辑-心念锚定式]",,,,,,,,,,,
擦拭信念,个人追求,追求梦想,用户因现实阻力或自我怀疑偏离长期梦想，常表现为动力不足,达成梦想相关的里程碑事件,行为驱动-目标达成,2,"[简单-行动宣告式,简单-自然改变式，简单-爱之循环式]",,,,,,,,,,,
擦拭信念,个人追求,追求仁爱,用户因外界压力或自我怀疑偏离仁爱初心，常表现为行动犹豫,提醒自己有能力爱与被爱,认知重构-增强自信,3,"[简单-主体自信式,逻辑-主体自信式,简单-潜能确认式，简单-爱之循环式]",,,,,,,,,,,
擦拭信念,个人追求,追求仁爱,用户因外界压力或自我怀疑偏离仁爱初心，常表现为行动犹豫,将“爱”的目标分解为可操作的表达方式,认知重构-目标具象化,3,"[简单-心念培育式,逻辑-心念培育式,简单-爱之循环式]",,,,,,,,,,,
擦拭信念,个人追求,追求仁爱,用户因外界压力或自我怀疑偏离仁爱初心，常表现为行动犹豫,通过主动关怀传递爱的能量,行为驱动-提升行动力,3,"[简单-心念锚定式,逻辑-心念锚定式，简单-爱之循环式]",,,,,,,,,,,
擦拭信念,个人追求,追求仁爱,用户因外界压力或自我怀疑偏离仁爱初心，常表现为行动犹豫,达成深化爱的关键行动（如长期陪伴）,行为驱动-目标达成,3,"[简单-行动宣告式,简单-自然改变式，简单-爱之循环式]",,,,,,,,,,,