大场景,子场景,选项,用户问题/症状,用户1级需求,用户2级需求
情感问题,失恋,"最近刚分手,感情",自我价值感降低（自我怀疑）,承认和接受自己价值感降低,自我肯定
,失恋,,情感压抑,承认内心的情感,表达内心的情感
,失恋,,社交隔离（无法开始重建社交）,承认并接受自己缺乏社交支持,接纳自己，包容他人，重建社交关系
,失恋,,认知混乱（无法诠释这段经历的缘由，价值和意义）,承认和接受自己对过去的经历感到混乱,尝试诠释这段经历的缘由、价值和意义，并从中学习和成长
,失恋,,认知失调（以沉迷痛苦的形式伤害自己，证明自己的爱和自义，自怜）,识别对自己有害的行为，承认自己受到了伤害,阻止对自己有害的行为
,失恋,,不合理信念（觉得自己是失败者）,承认自己在恋情中也有做得好的地方,肯定自己在恋情中做得好的地方
,失恋,,情感依赖（不由自主地想起对方）,提醒自己想念对方也是正常的,鼓励自己慢慢地不去想对方，设立界限，转移注意力
,失恋,,共生依赖（拯救欲，希望对方反过来也依赖自己）,肯定自己的同理心,理解健康关系的含义，放下拯救欲，培养独立性
,失恋,,否定过去的关系（否定关系中的爱）,提醒自己过去的经历是有意义的，鼓励自己发现关系中的爱,鼓励自己从这份爱里获得力量，继续前行
,失恋,,对关系过度理想化（美化回忆使得单身难以承受，恐惧孤独和丧失）,肯定过去关系中的美好，感恩相遇,鼓励自己客观看待过去的关系，继续前行
,失恋,,悲观（觉得自己遇不到更好的了）,允许自己为过去的关系悲伤,祝福自己未来的恋情
,失恋,,道德内疚（觉得不该用新恋情解决情绪问题，在接受新的感情上自弃）,肯定自己的道德原则,鼓励自己尝试新感情
,失恋,,社交退缩,提醒自己值得拥有亲密关系,鼓励自己尝试社交，建立新的连接
,失恋,,对爱失去信心（恐惧再次受伤）,提醒自己在爱中受伤能够愈合,提醒自己爱的益处，鼓励自己重拾对爱的信心
,失恋,,未能充分处理好负面情绪而常常动摇（想要通过复合来寻求某种形式的解脱或证明）,提醒自己值得拥有健康的关系,鼓励自己离开不健康的关系
,失恋,,自我防御（想要证明对方是错的）,提醒自己保持冷静和理性,鼓励自己停止自我防御，尝试倾听和理解对方
,失恋,,情绪：后悔与懊恼（不甘心）,承认并接受自己对关系存在疑问,鼓励自己反思、分析和改进
,失恋,,情绪：悔恨（想要被原谅）,肯定自己的自我反省意愿和能力,鼓励自己认错和改正
,失恋,,情绪：愤怒与怨恨,承认并接受自己对自己或对方存在不满,鼓励自己反思和分析自己的负面情绪，找到平和心境的方法
,失恋,,情绪：安全感缺失,承认并接受自己的不安,提醒自己有能力关怀保护自己，鼓励自己采取行动增强个人的安全感
,失恋,,情绪：孤独,承认并接受自己的孤独感,提醒自己不是一个人，有人愿意关心自己，鼓励自己寻求支持和新的连接
,失恋,,情绪：迷茫（人生规划）,承认并接受自己对于人生规划的迷茫,鼓励自己重新评估现状与规划未来
,失恋,,情绪：焦虑（外部评价）,承认并接受自己受到了外部评价的影响,鼓励自己建立内在价值感与应对外部评价的策略
,被PUA,"处在一段艰难的亲密关系中,感情",自我价值感降低（自我怀疑）,承认和接受自己价值感降低,自我肯定
,被PUA,,去人格化（对自己和他人冷漠或消极的态度),承认自己对自己和他人关怀不足,鼓励自己关怀自己并培养对他人的同理心
,被PUA,,情感认知障碍（无法识别什么是健康的爱）,提醒自己有能力识别健康的爱,鼓励自己追求健康的爱
,被PUA,,对关系过度理想化,提醒自己理性客观看待所处的关系,鼓励自己重新评估关系的现实性
,被PUA,,过度反思自我责备,提醒自己他人的指责不是事实,提醒自己课题分离，不为别人的情绪自我责备
,被PUA,,失去了独立思考和做决定的能力,提醒自己有能力独立思考和做决定,鼓励自己开始独立思考和做决定
,被PUA,,社交隔离（无法开始重建社交）,承认并接受自己缺乏社交支持,接纳自己，包容他人，重建社交关系
,被PUA,,认知失调,识别对自己有害的行为，承认自己受到了伤害,阻止对自己有害的行为
,被PUA,,沟通障碍（不敢尝试表达）,承认自己很少对恋人主动沟通,提醒自己恋人是愿意倾听自己的，鼓励自己尝试沟通
,被PUA,,恐惧离开关系,承认并接受自己不愿意离开关系,提醒自己有能力独立生活，鼓励自己离开不健康的关系
,被PUA,,情绪：无力感,承认并接受自己感到无力,鼓励自己从小事中获得自信和力量
,被PUA,,情绪：孤独,承认并接受自己的孤独感,提醒自己不是一个人，有人愿意关心自己，鼓励自己寻求支持和新的连接
,被PUA,,情绪：焦虑（不够独立）,承认并接受自己不够独立,鼓励自己提高独立性，增强自信
,被PUA,,情绪：焦虑（生活不受控）,承认并接受自己生活不受控,鼓励自己提高对生活的掌控
,被PUA,,情绪：安全感缺失,承认并接受自己的不安,提醒自己有能力关怀保护自己，鼓励自己采取行动增强个人的安全感
,父母反对,"处在一段艰难的亲密关系中,感情",自我怀疑（怀疑自己的眼光和判断能力）,承认和接受自己价值感降低,鼓励自己重新评估自己的判断
,父母反对,,道德内疚（觉得对父母有亏欠）,承认并接受自己的内疚感,鼓励自己课题分离，重视自己的需求，不为他人的需求过度妥协
,父母反对,,自我防御（想要证明对方是错的）,承认并接受自己的防御心理,鼓励自己停止防御，尝试理解父母的立场
,父母反对,,家庭冲突,承认并接受家庭冲突的存在,鼓励自己寻找解决冲突的方法
,父母反对,,情绪：孤独,承认并接受自己的孤独感,提醒自己不是一个人，有人愿意关心自己，鼓励自己寻求支持和新的连接
,父母反对,,情绪：焦虑（关系进展）,承认并接受自己对于关系进展的关注,提醒自己在爱里任何进展都是能接受的
,父母反对,,情绪：焦虑（人际关系）,承认并接受自己对于人际关系的关注,鼓励自己改善人际关系，寻求支持
,父母反对,,情绪：焦虑（不够独立）,承认并接受自己不够独立,鼓励自己提高独立性，增强自信
,异地恋,"处在一段艰难的亲密关系中,感情",沟通障碍（不敢尝试表达）,承认自己很少对恋人主动沟通,提醒自己恋人是愿意倾听自己的，鼓励自己尝试沟通
,异地恋,,猜疑（对对方负面想象）,承认自己的猜疑,鼓励自己信任对方，减少负面想象
,异地恋,,冲突化解难度高,承认并接受冲突的存在,鼓励自己寻找解决冲突的方法
,异地恋,,信任问题,承认并接受自己存在信任问题,鼓励自己建立信任，减少猜疑
,异地恋,,对爱失去信心,承认并接受自己对爱失去信心,鼓励自己重新评估关系，寻找爱的意义
,异地恋,,情感波动（难以抵抗新人的诱惑）,承认并接受自己的情感波动,鼓励自己专注于现有关系，抵抗诱惑
,异地恋,,悲观（觉得两人没有未来）,允许自己为关系担忧,鼓励自己重新评估关系，寻找未来的可能性
,异地恋,,情绪：孤独,承认并接受自己的孤独感,提醒自己不是一个人，有人愿意关心自己，鼓励自己寻求支持和新的连接
,异地恋,,情绪：焦虑（关系进展）,承认并接受自己对于关系进展的关注,提醒自己在爱里任何进展都是可以承受的
,异地恋,,情绪：迷茫（人生规划）,承认并接受自己对于人生规划的迷茫,鼓励自己重新评估现状与规划未来
,异地恋,,情绪：焦虑（外部评价）,承认并接受自己受到了外部评价的影响,鼓励自己建立内在价值感与应对外部评价的策略
,异地恋,,情绪：安全感缺失,承认并接受自己的不安,提醒自己有能力关怀保护自己，鼓励自己采取行动增强个人的安全感
,经济压力,"处在一段艰难的亲密关系中,感情",社交隔离（无法开始重建社交）,承认并接受自己缺乏社交支持,接纳自己，包容他人，重建社交关系
,经济压力,,虚荣（觉得没钱没面子）,承认并接受自己的虚荣心,鼓励自己重新评估价值观，减少对外在物质的依赖
,经济压力,,自我价值感降低（自我怀疑）,承认和接受自己价值感降低,自我肯定
,经济压力,,悲观（觉得两人没有未来）,允许自己为关系担忧,鼓励自己重新评估关系，寻找未来的可能性
,经济压力,,不合理信念（觉得自己是失败者）,承认自己在恋情中也有做得好的地方,肯定自己在恋情中做得好的地方
,经济压力,,情绪：焦虑（关系进展）,承认并接受自己对于关系进展的关注,提醒自己在爱里任何进展都是可以承受的
,经济压力,,情绪：迷茫（人生规划）,承认并接受自己对于人生规划的迷茫,鼓励自己重新评估现状与规划未来
,经济压力,,情绪：焦虑（外部评价）,承认并接受自己受到了外部评价的影响,鼓励自己建立内在价值感与应对外部评价的策略
,经济压力,,情绪：匮乏感,承认并接受自己的匮乏感,鼓励自己寻找资源，改善经济状况
,经济压力,,情绪：内疚感（觉得自己爱很有限）,承认并接受自己的内疚感,鼓励自己重新评估爱的能力，增强自信
,经济压力,,情绪：安全感缺失,承认并接受自己的不安,提醒自己有能力关怀保护自己，鼓励自己采取行动增强个人的安全感
,不会爱与被爱,"处在一段艰难的亲密关系中,感情",占有欲,承认自己的占有欲,鼓励自己理解健康关系的边界，尊重对方的自由
,不会爱与被爱,,权力欲,承认自己的权力欲,鼓励自己放下控制欲，尊重对方的自主权
,不会爱与被爱,,无意识侵犯对方自主权（包办/强制放债/爹味）,承认自己的越界行为,鼓励自己尊重对方的自主权，改善沟通
,不会爱与被爱,,沟通障碍,承认自己很少对恋人主动沟通,提醒自己恋人是愿意倾听自己的，鼓励自己尝试沟通
,不会爱与被爱,,猜疑（对对方负面想象）,承认并接受自己的猜疑,鼓励自己信任对方，减少负面想象
,不会爱与被爱,,情感认知障碍（无法识别什么是健康的爱）,提醒自己有能力识别健康的爱,鼓励自己追求健康的爱
,不会爱与被爱,,缺乏感恩的能力,提醒自己拥有许多东西,感恩自己所拥有的东西
,不会爱与被爱,,缺乏珍惜的能力,提醒自己现在的关系值得珍惜,鼓励自己珍惜现有关系
,不会爱与被爱,,恐惧离开关系,承认并接受自己不愿意离开关系,提醒自己有能力独立生活，鼓励自己离开不健康的关系
,不会爱与被爱,,情绪：焦虑（关系进展）,承认并接受自己对于关系进展的关注,提醒自己在爱里任何进展都是可以承受的
,不会爱与被爱,,情绪：焦虑（外部评价）,承认并接受自己受到了外部评价的影响,鼓励自己建立内在价值感与应对外部评价的策略
,暗恋,"有点辛苦的暗恋,感情",自卑,承认并接受自己的自卑,鼓励自己增强自信
,暗恋,,社交退缩,提醒自己值得拥有亲密关系,鼓励自己尝试社交，建立新的连接
,暗恋,,理想化对方,允许自己看到别人的优点,鼓励自己客观看待对方，减少过度美化
,暗恋,,情感压抑,承认内心的情感,表达内心的情感
,暗恋,,情绪：安全感缺失,承认并接受自己的不安,提醒自己有能力关怀保护自己，鼓励自己采取行动增强个人的安全感
,暗恋,,情绪：焦虑（被拒绝）,承认并接受自己对于表白被拒绝的担忧,鼓励自己面对可能的拒绝，增强心理韧性
,暗恋,,情绪：焦虑（表白后果）,承认并接受自己对于表白后果的担忧,鼓励自己评估表白后果，做出理性决定
,暗恋,,情绪：焦虑（自己误解了对方的信号）,承认并接受自己对于误解对方信号的担忧,鼓励自己重新评估对方的信号，减少误解
自我认知,低自尊（长期自卑）,自己,自我价值感降低（自我怀疑）,承认和接受自己价值感降低,自我肯定
,低自尊（长期自卑）,,身材焦虑,提醒自己身体天然是美的,鼓励自己接受并赞美自己的身体
,低自尊（长期自卑）,,容貌焦虑,提醒自己容貌天然是美的,鼓励自己接受并赞美自己的外貌
,低自尊（长期自卑）,,社交隔离（无法开始重建社交）,承认并接受自己缺乏社交支持,接纳自己，包容他人，重建社交关系
,低自尊（长期自卑）,,社交退缩,提醒自己值得拥有健康的人际关系,鼓励自己尝试社交，建立新的连接
,低自尊（长期自卑）,,外部依赖,承认并接受自己对外部存在依赖,鼓励自己增强独立性，减少对外界的依赖
,低自尊（长期自卑）,,决策困难,承认并接受自己对于决策的慎重,鼓励自己从小事做起，逐步提高决策能力和效率
,低自尊（长期自卑）,,过度妥协（讨好）,提醒自己重视自己的需求,鼓励自己设立界限，减少过度妥协
,低自尊（长期自卑）,,受辱敏感,承认并接受自己受辱敏感,提醒自己对他人补强，鼓励自己增强心理韧性
,低自尊（长期自卑）,,情绪：焦虑（不够独立）,承认并接受自己不够独立,鼓励自己提高独立性，增强自信
,低自尊（长期自卑）,,情绪：焦虑（人际关系）,承认并接受自己对于人际关系的关注,鼓励自己改善人际关系，寻求支持
,低自尊（长期自卑）,,情绪：焦虑（学历）,承认并接受自己但对于学历的关注,鼓励自己重新评估自身的能力和价值
,低自尊（长期自卑）,,情绪：焦虑（职业发展）,承认并接受自己对于职业发展的关注,鼓励自己制定职业规划，逐步实现目标
,安全感缺失,自己,自我价值感降低（自我怀疑）,承认和接受自己价值感降低,自我肯定
,安全感缺失,,情绪波动,承认并接受自己的情绪波动,鼓励自己寻找情绪稳定的方法
,安全感缺失,,外部依赖,承认并接受自己的外部依赖,鼓励自己增强独立性，减少对外界的依赖
,安全感缺失,,社交隔离（无法开始重建社交）,承认并接受自己缺乏社交支持,接纳自己，包容他人，重建社交关系
,安全感缺失,,社交退缩,提醒自己值得拥有健康的人际关系,鼓励自己尝试社交，建立新的连接
,安全感缺失,,受辱敏感,承认并接受自己受辱敏感,提醒自己对他人补强，鼓励自己增强心理韧性
,安全感缺失,,缺乏感恩的能力,提醒自己拥有许多东西,感恩自己所拥有的东西
,安全感缺失,,情绪：孤独,承认并接受自己的孤独感,提醒自己不是一个人，有人愿意关心自己，鼓励自己寻求支持和新的连接
,安全感缺失,,情绪：焦虑（不够独立）,承认并接受自己不够独立,鼓励自己提高独立性，增强自信
,安全感缺失,,情绪：焦虑（人际关系）,承认并接受自己对于人际关系的关注,鼓励自己改善人际关系，寻求支持
,安全感缺失,,情绪：迷茫（人生规划）,承认并接受自己对于人生规划的迷茫,鼓励自己重新评估现状与规划未来
,完美主义,自己,强迫症,承认并接受自己的强迫症,鼓励自己减少过度追求完美
,完美主义,,自我中心（自恋、自负，过度关注自我需要，缺乏对他人的关注）,承认自己自我中心,鼓励自己关注他人，减少自我中心的意识
,完美主义,,自我价值感降低（自我怀疑）,承认和接受自己价值感降低,自我肯定
,完美主义,,拖延交付,提醒自己完成比完美更重要,鼓励自己制定计划，及时完成任务
,完美主义,,社交退缩,提醒自己值得拥有健康的人际关系,鼓励自己尝试社交，建立新的连接
,完美主义,,过劳,承认并接受自己过劳,鼓励自己寻找工作与生活的平衡
,完美主义,,对旁人和环境苛刻,承认自己对旁人和环境苛刻,提醒自己包容，减少对他人和环境的过度要求
,完美主义,,情绪：焦虑（犯错失败）,承认并接受自己对于犯错的担忧,鼓励自己接受错误，减少对失败的恐惧
,完美主义,,情绪：焦虑（达不到他人期待）,承认并接受自己对于达不到他人期待的担忧,鼓励自己减少对外界期待的过度关注
,完美主义,,情绪：焦虑（外部评价）,承认并接受自己受到了外部评价的影响,鼓励自己建立内在价值感与应对外部评价的策略
,内耗（个体内部矛盾、冲突或斗争）,自己,自我价值感降低（自我怀疑）,承认和接受自己价值感降低,自我肯定
,内耗（个体内部矛盾、冲突或斗争）,,拖延决策,承认并接受自己对于决策的慎重,鼓励自己从小事做起，逐步提高决策能力和效率
,内耗（个体内部矛盾、冲突或斗争）,,决策困难,承认并接受自己对于决策的慎重,鼓励自己从小事做起，逐步提高决策能力和效率
,内耗（个体内部矛盾、冲突或斗争）,,情绪波动,承认并接受自己的情绪波动,鼓励自己寻找情绪稳定的方法
,内耗（个体内部矛盾、冲突或斗争）,,社交退缩,提醒自己值得拥有健康的人际关系,鼓励自己尝试社交，建立新的连接
,内耗（个体内部矛盾、冲突或斗争）,,受辱敏感,承认并接受自己受辱敏感,提醒自己对他人补强，鼓励自己增强心理韧性
,内耗（个体内部矛盾、冲突或斗争）,,情绪：焦虑（外部评价）,承认并接受自己受到了外部评价的影响,鼓励自己建立内在价值感与应对外部评价的策略
,内向,自己,社交隔离（无法开始重建社交）,承认并接受自己缺乏社交支持,接纳自己，包容他人，重建社交关系
,内向,,社交退缩,提醒自己值得拥有健康的人际关系,鼓励自己尝试社交，建立新的连接
,内向,,自我价值感降低（自我怀疑）,承认和接受自己价值感降低,自我肯定
,内向,,情绪波动,承认并接受自己的情绪波动,鼓励自己寻找情绪稳定的方法
,内向,,情感压抑,承认内心情感,表达内心情感
,内向,,适应困难,承认并接受自己的适应困难,鼓励自己逐步适应新环境
,内向,,情绪：安全感缺失,承认并接受自己的不安,提醒自己有能力关怀保护自己，鼓励自己采取行动增强个人的安全感
,内向,,情绪：孤独,承认并接受自己的孤独感,提醒自己不是一个人，有人愿意关心自己，鼓励自己寻求支持和新的连接
,敏感,自己,自我价值感降低（自我怀疑）,承认和接受自己价值感降低,自我肯定
,敏感,,情绪波动,承认并接受自己的情绪波动,鼓励自己寻找情绪稳定的方法
,敏感,,适应困难,承认并接受自己的适应困难,鼓励自己逐步适应新环境
,敏感,,受辱敏感,承认并接受自己受辱敏感,提醒自己对他人补强，鼓励自己增强心理韧性
,敏感,,情绪：安全感缺失,承认并接受自己的不安,提醒自己有能力关怀保护自己，鼓励自己采取行动增强个人的安全感
,敏感,,情绪：焦虑（外部评价）,承认并接受自己受到了外部评价的影响,鼓励自己建立内在价值感与应对外部评价的策略
,身份认同困惑,自己,自我价值感降低（自我怀疑）,承认和接受自己价值感降低,自我肯定
,身份认同困惑,,不合理信念（觉得自己不正常）,提醒自己存在无须他人许可,鼓励自己重新评估自我认同，减少自我怀疑
,身份认同困惑,,家庭冲突,承认并接受家庭冲突的存在,鼓励自己寻找解决冲突的方法
,身份认同困惑,,身材焦虑,提醒自己身体天然是美的,鼓励自己接受并赞美自己的身体
,身份认同困惑,,容貌焦虑,提醒自己容貌天然是美的,鼓励自己接受并赞美自己的外貌
,身份认同困惑,,社交隔离（无法开始重建社交）,承认并接受自己缺乏社交支持,接纳自己，包容他人，重建社交关系
,身份认同困惑,,社交退缩,提醒自己值得拥有健康的人际关系,鼓励自己尝试社交，建立新的连接
,身份认同困惑,,情绪：焦虑（人际关系）,承认并接受自己对于人际关系的关注,鼓励自己改善人际关系，寻求支持
,身份认同困惑,,情绪：焦虑（外部评价）,承认并接受自己受到了外部评价的影响,鼓励自己建立内在价值感与应对外部评价的策略
,身份认同困惑,,情绪：焦虑（职业发展）,承认并接受自己对于职业发展的关注,鼓励自己制定职业规划，逐步实现目标
情绪,压力与焦虑,"不好,糟糕",情绪波动,承认并接受自己的情绪波动,鼓励自己寻找情绪稳定的方法
,压力与焦虑,,自我价值感降低（自我怀疑）,承认和接受自己价值感降低,自我肯定
,压力与焦虑,,缺乏感恩的能力,提醒自己拥有许多东西,感恩自己所拥有的东西
,压力与焦虑,,注意力涣散,承认并接受自己注意力不集中,鼓励自己寻找提高注意力的方法
,压力与焦虑,,记忆力减退,承认自己记忆力减退,鼓励自己寻找提高记忆力的方法
,压力与焦虑,,决策困难,承认并接受自己对于决策的慎重,鼓励自己从小事做起，逐步提高决策能力和效率
,压力与焦虑,,回避交流,承认并接受自己的回避交流,鼓励自己尝试表达，改善沟通
,压力与焦虑,,睡眠障碍,承认并接受自己的睡眠障碍,鼓励自己寻找改善睡眠的方法
,压力与焦虑,,过劳,承认并接受自己的过劳,鼓励自己寻找工作与生活的平衡
,压力与焦虑,,情绪：迷茫（人生规划）,承认并接受自己对于人生规划的迷茫,鼓励自己重新评估现状与规划未来
,压力与焦虑,,情绪：无助感,承认并接受自己的无助感,鼓励自己寻求支持，增强自信
,压力与焦虑,,情绪：安全感缺失,承认并接受自己的不安,提醒自己有能力关怀保护自己，鼓励自己采取行动增强个人的安全感
,愤怒与怨恨,"不好,糟糕",情绪波动,承认并接受自己的情绪波动,鼓励自己寻找情绪稳定的方法
,愤怒与怨恨,,受辱敏感,承认并接受自己受辱敏感,提醒自己对他人补强，鼓励自己增强心理韧性
,愤怒与怨恨,,缺乏感恩的能力,提醒自己拥有许多东西,感恩自己所拥有的东西
,愤怒与怨恨,,记忆闪回,承认并接受自己的记忆闪回,鼓励自己寻找处理记忆闪回的方法
,愤怒与怨恨,,攻击性行为,承认自己有时失去控制,鼓励自己寻找替代行为，减少攻击性
,愤怒与怨恨,,冲突转移,承认自己有时转移冲突,鼓励自己寻找解决冲突的方法
,愤怒与怨恨,,回避交流,承认并接受自己的回避交流,鼓励自己尝试表达，改善沟通
,愤怒与怨恨,,睡眠障碍,承认并接受自己的睡眠障碍,鼓励自己寻找改善睡眠的方法
,愤怒与怨恨,,情绪：愤怒与怨恨,承认并接受自己对自己存在不满,鼓励自己反思和分析自己的负面情绪，找到平和心境的方法
,愤怒与怨恨,,情绪：后悔与懊恼（不甘心）,承认并接受自己对生活存在疑问,鼓励自己反思、分析和改进
,愤怒与怨恨,,情绪：焦虑（生活不受控）,承认并接受自己的焦虑,鼓励自己提高对生活的掌控
,抑郁,糟糕,注意力涣散,承认并接受自己注意力不集中,鼓励自己寻找提高注意力的方法
,抑郁,,记忆力减退,承认并接受自己的记忆力减退,鼓励自己寻找提高记忆力的方法
,抑郁,,决策困难,承认并接受自己对于决策的慎重,鼓励自己从小事做起，逐步提高决策能力和效率
,抑郁,,自我价值感降低（自我怀疑）,承认和接受自己价值感降低,自我肯定
,抑郁,,缺乏感恩的能力,提醒自己拥有许多东西,感恩自己所拥有的东西
,抑郁,,否认或解离,承认并接受自己的否认或解离,鼓励自己聚焦当下，平和心境
,抑郁,,回避交流,承认并接受自己的回避交流,鼓励自己尝试表达，改善沟通
,抑郁,,社交隔离（无法开始重建社交）,承认并接受自己缺乏社交支持,接纳自己，包容他人，重建社交关系
,抑郁,,社交退缩,提醒自己值得拥有健康的人际关系,鼓励自己尝试社交，建立新的连接
,抑郁,,情感麻木,承认并接受自己的情感麻木,鼓励自己关注、倾听并表达自己的内心情感
,抑郁,,生活功能下降,承认并接受自己的生活功能下降,肯定自己的每一个生活举动
,抑郁,,欲望降低,承认并接受自己的欲望降低,肯定自己的每一次快乐
,抑郁,,悲观,承认并接受自己的悲观情绪,鼓励自己冷静理性，重拾生活的信心
,抑郁,,认知失调,承认并接受自己的认知失调,鼓励自己寻找处理认知失调的方法
,抑郁,,不合理信念（觉得自己是失败者）,提醒自己也有做得好的地方,肯定自己做得好的地方
,抑郁,,不合理信念（宿命论）,提醒自己未来是不可知的,鼓励自己重新评估信念，减少宿命论
,抑郁,,睡眠障碍,承认并接受自己的睡眠障碍,鼓励自己寻找改善睡眠的方法
,抑郁,,药物依赖,承认并接受自己的药物依赖,鼓励自己寻找替代方法，减少药物依赖
,抑郁,,消极行为（熬夜酗酒吸烟不健康饮食）,承认自己的不健康行为，提醒自己值得好好活着,鼓励自己寻找替代行为，减少不健康行为
,抑郁,,自毁冲动,承认并接受自己的自毁冲动,鼓励自己寻找替代行为，减少自毁冲动
,抑郁,,情绪：安全感缺失,承认并接受自己的不安,提醒自己有能力关怀保护自己，鼓励自己采取行动增强个人的安全感
,抑郁,,情绪：悲伤,承认并接受自己的悲伤,鼓励自己寻找处理悲伤的方法
,抑郁,,情绪：空虚,承认并接受自己的空虚感,鼓励自己寻找填补空虚的方法
,抑郁,,情绪：无意义感,承认并接受自己的无意义感,鼓励自己寻找生活的意义
人际问题,家人关系不和,家庭,自我价值感降低（自我怀疑）,承认和接受自己价值感降低,自我肯定
,家人关系不和,,情感压抑,承认内心对家人的情感,表达内心对家人的情感
,家人关系不和,,沟通障碍,承认自己很少对家人主动沟通,提醒自己家人愿意倾听自己，鼓励自己尝试沟通
,家人关系不和,,缺乏感恩的能力,提醒自己拥有许多东西,感恩自己所拥有的东西
,家人关系不和,,攻击性行为,承认并接受自己的攻击性行为,鼓励自己寻找替代行为，减少攻击性
,家人关系不和,,回避交流,承认并接受自己的回避交流,鼓励自己尝试表达，改善沟通
,家人关系不和,,认知混乱（无法诠释自己和家人的关系）,承认并接受自己的认知混乱,鼓励自己寻找处理认知混乱的方法
,家人关系不和,,角色混淆（如孩子过早承担成人责任）,承认并接受自己的角色混淆,鼓励自己重新评估角色，减少混淆
,家人关系不和,,不合理信念（认为自己是问题的原因）,提醒自己课题分离,鼓励自己理性判断问题的责任归属
,家人关系不和,,社交退缩,提醒自己值得拥有健康的人际关系,鼓励自己尝试社交，建立新的连接
,家人关系不和,,猜疑（对对方负面想象）,承认并接受自己的猜疑,鼓励自己信任对方，减少负面想象
,家人关系不和,,过度依赖外界,承认并接受自己的过度依赖,鼓励自己增强独立性，减少对外界的依赖
,家人关系不和,,代际传递,承认并接受自己的代际传递,鼓励自己寻找处理代际传递的方法
,家人关系不和,,情绪：安全感缺失,承认并接受自己的不安,提醒自己有能力关怀保护自己，鼓励自己采取行动增强个人的安全感
,家人关系不和,,情绪：孤立感,承认并接受自己的孤立感,鼓励自己寻求支持，建立新的社交连接
,家人关系不和,,情绪：焦虑（达不到他人期待）,承认并接受自己对于达不到他人期待的担忧,鼓励自己减少对外界期待的过度关注
,家人关系不和,,情绪：焦虑（生活不受控）,承认并接受自己的焦虑,鼓励自己提高对生活的掌控
,家人关系不和,,情绪：焦虑（不够独立）,承认并接受自己不够独立,鼓励自己提高独立性，增强自信
,家人关系不和,,情绪：愤怒与怨恨（自主性被侵犯）,承认并接受自己对家人存在不满,鼓励自己反思和分析自己的负面情绪，找到平和心境的方法
,友情障碍,朋友,自我价值感降低（自我怀疑）,承认和接受自己价值感降低,自我肯定
,友情障碍,,社交退缩,提醒自己值得拥有健康的人际关系,鼓励自己尝试社交，建立新的连接
,友情障碍,,缺乏感恩的能力,提醒自己拥有许多东西,感恩自己所拥有的东西
,友情障碍,,沟通障碍（不敢尝试表达）,承认自己很少对朋友主动沟通,提醒自己朋友愿意倾听自己，鼓励自己尝试沟通
,友情障碍,,猜疑（对对方负面想象）,承认并接受自己的猜疑,鼓励自己信任对方，减少负面想象
,友情障碍,,信任问题,承认并接受自己的信任问题,鼓励自己建立信任，减少猜疑
,友情障碍,,去人格化（对他人冷漠或消极的态度),承认自己对他人关怀不足,鼓励自己培养对他人的同理心
,友情障碍,,受辱敏感,承认并接受自己受辱敏感,提醒自己对他人补强，鼓励自己增强心理韧性
,友情障碍,,情绪：安全感缺失,承认并接受自己的不安,提醒自己有能力关怀保护自己，鼓励自己采取行动增强个人的安全感
,友情障碍,,情绪：孤立感,承认并接受自己的孤立感,鼓励自己寻求支持，建立新的社交连接
,职场人际,工作,自我价值感降低（自我怀疑）,承认和接受自己价值感降低,自我肯定
,职场人际,,缺乏感恩的能力,提醒自己拥有许多东西,感恩自己所拥有的东西
,职场人际,,情感麻木,承认并接受自己的情感麻木,鼓励自己关注、倾听并表达自己的内心情感
,职场人际,,猜疑（对对方负面想象）,承认并接受自己的猜疑,鼓励自己信任对方，减少负面想象
,职场人际,,去人格化（对他人冷漠或消极的态度),承认自己对他人关怀不足,鼓励自己培养对他人的同理心
,职场人际,,受辱敏感,承认并接受自己受辱敏感,提醒自己对他人补强，鼓励自己增强心理韧性
,职场人际,,情绪：孤立感,承认并接受自己的孤立感,鼓励自己寻求支持，建立新的社交连接
,职场人际,,情绪：无助感,承认并接受自己的无助感,鼓励自己寻求支持，增强自信
,职场人际,,情绪：愤怒与怨恨,承认并接受自己对职场人际存在不满,鼓励自己反思和分析自己的负面情绪，找到平和心境的方法
,职场人际,,情绪：焦虑（人际关系）,承认并接受自己对于人际关系的关注,鼓励自己改善人际关系，寻求支持
,职场人际,,情绪：焦虑（外部评价）,承认并接受自己受到了外部评价的影响,鼓励自己建立内在价值感与应对外部评价的策略
,职场人际,,情绪：焦虑（职业发展）,承认并接受自己对于职业发展的关注,鼓励自己制定职业规划，逐步实现目标
,同辈竞争,"朋友,工作,学业,自己",自我价值感降低（自我怀疑）,承认和接受自己价值感降低,自我肯定
,同辈竞争,,消极比较,承认并接受自己的消极比较,鼓励自己减少与他人比较，增强自信
,同辈竞争,,情绪波动,承认并接受自己的情绪波动,鼓励自己寻找情绪稳定的方法
,同辈竞争,,情绪：孤立感,承认并接受自己的孤立感,鼓励自己寻求支持，建立新的社交连接
,同辈竞争,,情绪：焦虑（人际关系）,承认并接受自己对于人际关系的关注,鼓励自己改善人际关系，寻求支持
,同辈竞争,,情绪：焦虑（外部评价）,承认并接受自己受到了外部评价的影响,鼓励自己建立内在价值感与应对外部评价的策略
,同辈竞争,,情绪：焦虑（未来发展）,承认并接受自己的焦虑,鼓励自己制定未来规划，逐步实现目标
,社交焦虑社交恐惧,"朋友,自己",自我价值感降低（自我怀疑）,承认和接受自己价值感降低,自我肯定
,社交焦虑社交恐惧,,容貌焦虑,提醒自己容貌天然是美的,鼓励自己接受并赞美自己的外貌
,社交焦虑社交恐惧,,身材焦虑,提醒自己身体天然是美的,鼓励自己接受并赞美自己的身体
,社交焦虑社交恐惧,,社交退缩,提醒自己值得拥有健康的人际关系,鼓励自己尝试社交，建立新的连接
,社交焦虑社交恐惧,,虚拟世界依赖,承认并接受自己的虚拟世界依赖,鼓励自己减少对虚拟世界的依赖，增强现实社交
,社交焦虑社交恐惧,,沟通障碍（不敢尝试表达）,承认自己很少主动沟通,提醒自己他人愿意倾听，鼓励自己尝试沟通
,社交焦虑社交恐惧,,受辱敏感,承认并接受自己受辱敏感,提醒自己对他人补强，鼓励自己增强心理韧性
,社交焦虑社交恐惧,,对人失去信心（恐惧再次受伤）,承认并接受自己的恐惧,鼓励自己增强心理韧性，减少对受伤的恐惧
,社交焦虑社交恐惧,,情绪：安全感缺失,承认并接受自己的不安,提醒自己有能力关怀保护自己，鼓励自己采取行动增强个人的安全感
,社交焦虑社交恐惧,,情绪：孤立感,承认并接受自己的孤立感,鼓励自己寻求支持，建立新的社交连接
,社交焦虑社交恐惧,,情绪：焦虑（人际关系）,承认并接受自己对于人际关系的关注,鼓励自己改善人际关系，寻求支持
,被歧视,自己,自我价值感降低（自我怀疑）,承认和接受自己价值感降低,自我肯定
,被歧视,,社交隔离（无法开始重建社交）,承认并接受自己缺乏社交支持,接纳自己，包容他人，重建社交关系
,被歧视,,社交退缩,提醒自己值得拥有健康的人际关系,鼓励自己尝试社交，建立新的连接
,被歧视,,认知失调,承认并接受自己的认知失调,鼓励自己寻找处理认知失调的方法
,被歧视,,不合理信念（觉得自己不正常）,提醒自己存在无须他人许可,自我肯定
,被歧视,,受辱敏感,承认并接受自己受辱敏感,提醒自己对他人补强，鼓励自己增强心理韧性
,被歧视,,悲观,承认并接受自己的悲观情绪,鼓励自己冷静理性，重拾生活的信心
,被歧视,,情绪：无助感,承认并接受自己的无助感,鼓励自己寻求支持，增强自信
,被歧视,,情绪：孤立感,承认并接受自己的孤立感,鼓励自己寻求支持，建立新的社交连接
,被歧视,,情绪：愤怒与怨恨,承认并接受自己存在不满,鼓励自己反思和分析自己的负面情绪，找到平和心境的方法
,被歧视,,情绪：焦虑（人际关系）,承认并接受自己对于人际关系的关注,鼓励自己改善人际关系，寻求支持
,被歧视,,情绪：焦虑（外部评价）,承认并接受自己受到了外部评价的影响,鼓励自己建立内在价值感与应对外部评价的策略
,被歧视,,情绪：焦虑（职业发展）,承认并接受自己对于职业发展的关注,鼓励自己制定职业规划，逐步实现目标
自我关怀,不重视自己的感受,"处在一段艰难的亲密关系中,家庭,朋友,工作,自己",忽视自身需求,承认自己忽视了自身需求,鼓励自己重视自身需求
,不重视自己的感受,,情感压抑,承认内心情感,表达内心情感
,不重视自己的感受,,情感麻木,承认并接受自己的情感麻木,鼓励自己关注、倾听并表达自己的内心情感
,不重视自己的感受,,自我价值感降低（自我怀疑）,承认和接受自己价值感降低,自我肯定
,不重视自己的感受,,过度妥协（讨好）,承认并接受自己的讨好行为,鼓励自己设立界限，减少过度妥协
,不重视自己的感受,,去人格化（对自己冷漠或消极的态度),承认自己对自己关怀不足,鼓励自己关怀自己
,不重视自己的感受,,不合理信念（觉得自己无关紧要）,提醒自己每个人都至关重要,自我肯定
,不重视自己的感受,,风险感知迟钝,承认并接受自己的风险感知迟钝,鼓励自己提高风险感知能力
,不重视自己的感受,,拖延自我关怀,提醒自己随时随地自我关怀,鼓励自己制定计划，逐步进行自我关怀
,不重视自己的感受,,回避交流（关于自己的话题）,承认并接受自己的回避交流,鼓励自己尝试表达，改善沟通
,不重视自己的健康,"健康,自己",否认疾病,承认并接受自己的否认,鼓励自己正视健康问题
,不重视自己的健康,,拖延就诊拖延健身,提醒自己随时随地自我关怀,鼓励自己制定计划，逐步进行健康管理
,不重视自己的健康,,去人格化（对自己冷漠或消极的态度),承认自己对自己关怀不足,鼓励自己关怀自己
,不重视自己的健康,,消极行为（熬夜酗酒吸烟不健康饮食）,承认自己的不健康行为，提醒自己值得好好活着,鼓励自己寻找替代行为，减少不健康行为
,不重视自己的健康,,回避责任,承认自己的回避责任,鼓励自己承担责任，减少回避
,不重视自己的健康,,不合理信念（宿命论）,提醒自己未来是不可知的,鼓励自己重新评估信念，减少宿命论
,不重视自己的健康,,悲观,承认并接受自己的悲观情绪,鼓励自己冷静理性，重拾生活的信心
,不重视自己的健康,,情绪：无助感,承认并接受自己的无助感,鼓励自己寻求支持，增强自信
,不重视自己的健康,,情绪：无力感,承认并接受自己的无力感,鼓励自己从小事中获得自信和力量
个人成长,考试焦虑,学业,自我价值感降低（自我怀疑）,承认和接受自己价值感降低,自我肯定
,考试焦虑,,灾难化思维,承认并接受自己的灾难化思维,鼓励自己减少过度担忧，增强自信
,考试焦虑,,注意力涣散,承认并接受自己注意力不集中,鼓励自己寻找提高注意力的方法
,考试焦虑,,拖延学习,提醒自己学一点点就好,鼓励自己制定计划，逐步完成学习任务
,考试焦虑,,情绪波动,承认并接受自己的情绪波动,鼓励自己寻找情绪稳定的方法
,考试焦虑,,情绪：无助感,承认并接受自己的无助感,鼓励自己寻求支持，增强自信
,考试焦虑,,情绪：焦虑（外部评价）,承认并接受自己受到了外部评价的影响,鼓励自己建立内在价值感与应对外部评价的策略
,考试焦虑,,情绪：焦虑（学历）,承认并接受自己但对于学历的关注,鼓励自己重新评估自身的能力和价值
,落榜,学业,自我价值感降低（自我怀疑）,承认和接受自己价值感降低,自我肯定
,落榜,,灾难化思维,承认并接受自己的灾难化思维,鼓励自己减少过度担忧，增强自信
,落榜,,社交退缩,提醒自己值得拥有健康的人际关系,鼓励自己尝试社交，建立新的连接
,落榜,,情绪：嫉妒,承认并接受自己的嫉妒,鼓励自己减少嫉妒，增强自信
,落榜,,情绪：失望与沮丧,承认并接受自己的失望与沮丧,鼓励自己寻找处理失望与沮丧的方法
,落榜,,情绪：愤怒与怨恨,承认并接受自己对自己存在不满,鼓励自己反思和分析自己的负面情绪，找到平和心境的方法
,落榜,,情绪：焦虑（外部评价）,承认并接受自己受到了外部评价的影响,鼓励自己建立内在价值感与应对外部评价的策略
,落榜,,情绪：焦虑（学历）,承认并接受自己但对于学历的关注,鼓励自己重新评估自身的能力和价值
,落榜,,情绪：迷茫（人生规划）,承认并接受自己对于人生规划的迷茫,鼓励自己重新评估现状与规划未来
,留学适应,学业,文化冲击,承认并接受自己的文化冲击,鼓励自己逐步适应新文化
,留学适应,,思乡,承认并接受自己的思乡,鼓励自己寻找处理思乡的方法
,留学适应,,自我价值感降低（自我怀疑）,承认和接受自己价值感降低,自我肯定
,留学适应,,情绪：无助感,承认并接受自己的无助感,鼓励自己寻求支持，增强自信
,留学适应,,情绪：孤独,承认并接受自己的孤独感,提醒自己不是一个人，有人愿意关心自己，鼓励自己寻求支持和新的连接
,留学适应,,情绪：孤立感,承认并接受自己的孤立感,鼓励自己寻求支持，建立新的社交连接
,留学适应,,情绪：焦虑（人际关系）,承认并接受自己对于人际关系的关注,鼓励自己改善人际关系，寻求支持
,留学适应,,情绪：焦虑（考试）,承认并接受自己的焦虑,鼓励自己制定计划，逐步应对考试
,留学适应,,情绪：焦虑（学历）,承认并接受自己但对于学历的关注,鼓励自己重新评估自身的能力和价值
,留学适应,,情绪：焦虑（经济压力）,承认并接受自己的焦虑,鼓励自己寻找资源，改善经济状况
,留学适应,,情绪：迷茫（人生规划）,承认并接受自己对于人生规划的迷茫,鼓励自己重新评估现状与规划未来
,职业迷茫,工作,自我价值感降低（自我怀疑）,承认和接受自己价值感降低,自我肯定
,职业迷茫,,过度研究,承认并接受自己的过度研究,鼓励自己减少过度研究，增强行动力
,职业迷茫,,回避责任,承认并接受自己的回避责任,鼓励自己承担责任，减少回避
,职业迷茫,,拖延求职,提醒自己做一点点求职准备就好,鼓励自己制定计划，逐步进行求职
,职业迷茫,,决策困难,承认并接受自己对于决策的慎重,鼓励自己从小事做起，逐步提高决策能力和效率
,职业迷茫,,情绪：迷茫（人生规划）,承认并接受自己对于人生规划的迷茫,鼓励自己重新评估现状与规划未来
,职业迷茫,,情绪：愤怒与怨恨（自主性被侵犯）,承认并接受自己对自己存在不满,鼓励自己反思和分析自己的负面情绪，找到平和心境的方法
,职业迷茫,,情绪：无助感,承认并接受自己的无助感,鼓励自己寻求支持，增强自信
,职业迷茫,,情绪：焦虑（经济压力）,承认并接受自己的焦虑,鼓励自己寻找资源，改善经济状况
,职业迷茫,,情绪：焦虑（职业发展）,承认并接受自己对于职业发展的关注,鼓励自己制定职业规划，逐步实现目标
,定居点选择迷茫,工作,自我价值感降低（自我怀疑）,承认和接受自己价值感降低,自我肯定
,定居点选择迷茫,,文化冲击,承认并接受自己的文化冲击,鼓励自己逐步适应新文化
,定居点选择迷茫,,拖延决策,承认并接受自己对于决策的慎重,鼓励自己从小事做起，逐步提高决策能力和效率
,定居点选择迷茫,,过度研究,承认并接受自己的过度研究,鼓励自己减少过度研究，增强行动力
,定居点选择迷茫,,决策困难,承认并接受自己对于决策的慎重,鼓励自己从小事做起，逐步提高决策能力和效率
,定居点选择迷茫,,回避责任,承认并接受自己的回避责任,鼓励自己承担责任，减少回避
,定居点选择迷茫,,情绪：无助感,承认并接受自己的无助感,鼓励自己寻求支持，增强自信
,定居点选择迷茫,,情绪：迷茫（人生规划）,承认并接受自己对于人生规划的迷茫,鼓励自己重新评估现状与规划未来
,定居点选择迷茫,,情绪：焦虑（经济压力）,承认并接受自己的焦虑,鼓励自己寻找资源，改善经济状况
,定居点选择迷茫,,情绪：焦虑（职业发展）,承认并接受自己对于职业发展的关注,鼓励自己制定职业规划，逐步实现目标
,找不到工作,工作,自我价值感降低（自我怀疑）,承认和接受自己价值感降低,自我肯定
,找不到工作,,拖延求职,提醒自己做一点点求职准备就好,鼓励自己制定计划，逐步进行求职
,找不到工作,,灾难化思维,承认并接受自己的灾难化思维,鼓励自己减少过度担忧，增强自信
,找不到工作,,过度准备,承认并接受自己的过度准备,鼓励自己减少过度准备，增强行动力
,找不到工作,,家庭冲突,承认并接受家庭冲突的存在,鼓励自己寻找解决冲突的方法
,找不到工作,,回避交流,承认并接受自己的回避交流,鼓励自己尝试表达，改善沟通
,找不到工作,,社交退缩,提醒自己值得拥有健康的人际关系,鼓励自己尝试社交，建立新的连接
,找不到工作,,消极行为（熬夜酗酒吸烟不健康饮食）,承认自己的不健康行为，提醒自己值得好好活着,鼓励自己寻找替代行为，减少不健康行为
,找不到工作,,情绪：愤怒与怨恨,承认并接受自己对自己存在不满,鼓励自己反思和分析自己的负面情绪，找到平和心境的方法
,找不到工作,,情绪：无助感,承认并接受自己的无助感,鼓励自己寻求支持，增强自信
,找不到工作,,情绪：孤立感,承认并接受自己的孤立感,鼓励自己寻求支持，建立新的社交连接
,找不到工作,,情绪：安全感缺失,承认并接受自己的不安,提醒自己有能力关怀保护自己，鼓励自己采取行动增强个人的安全感
,找不到工作,,情绪：焦虑（经济压力）,承认并接受自己的焦虑,鼓励自己寻找资源，改善经济状况
,找不到工作,,情绪：焦虑（职业发展）,承认并接受自己对于职业发展的关注,鼓励自己制定职业规划，逐步实现目标
,生活工作不平衡,工作,社交隔离（无法开始重建社交）,承认并接受自己缺乏社交支持,接纳自己，包容他人，重建社交关系
,生活工作不平衡,,过劳,承认并接受自己的过劳,鼓励自己寻找工作与生活的平衡
,生活工作不平衡,,情绪：迷茫（人生规划）,承认并接受自己对于人生规划的迷茫,鼓励自己重新评估现状与规划未来
,生活工作不平衡,,情绪：焦虑（疾病）,承认并接受自己的焦虑,鼓励自己寻找处理焦虑的方法
,生活工作不平衡,,情绪：焦虑（人际关系）,承认并接受自己对于人际关系的关注,鼓励自己改善人际关系，寻求支持
,职业倦怠,工作,自我价值感降低（自我怀疑）,承认和接受自己价值感降低,自我肯定
,职业倦怠,,去人格化（对自己和他人冷漠或消极的态度),承认自己对自己和他人关怀不足,鼓励自己关怀自己并培养对他人的同理心
,职业倦怠,,注意力涣散,承认并接受自己注意力不集中,鼓励自己寻找提高注意力的方法
,职业倦怠,,拖延交付,提醒自己完成比完美更重要,鼓励自己制定计划，及时完成任务
,职业倦怠,,情绪：孤立感,承认并接受自己的孤立感,鼓励自己寻求支持，建立新的社交连接
,职业倦怠,,情绪：焦虑（职业发展）,承认并接受自己对于职业发展的关注,鼓励自己制定职业规划，逐步实现目标
,职业倦怠,,情绪：迷茫（人生规划）,承认并接受自己对于人生规划的迷茫,鼓励自己重新评估现状与规划未来
,失业,工作,自我价值感降低（自我怀疑）,承认和接受自己价值感降低,自我肯定
,失业,,拖延求职,提醒自己做一点点求职准备就好,鼓励自己制定计划，逐步进行求职
,失业,,灾难化思维,承认并接受自己的灾难化思维,鼓励自己减少过度担忧，增强自信
,失业,,过度准备,承认并接受自己的过度准备,鼓励自己减少过度准备，增强行动力
,失业,,家庭冲突,承认并接受家庭冲突的存在,鼓励自己寻找解决冲突的方法
,失业,,回避交流,承认并接受自己的回避交流,鼓励自己尝试表达，改善沟通
,失业,,社交退缩,提醒自己值得拥有健康的人际关系,鼓励自己尝试社交，建立新的连接
,失业,,社交隔离（无法开始重建社交）,承认并接受自己缺乏社交支持,接纳自己，包容他人，重建社交关系
,失业,,消极行为（熬夜酗酒吸烟不健康饮食）,承认自己的不健康行为，提醒自己值得好好活着,鼓励自己寻找替代行为，减少不健康行为
,失业,,情绪：愤怒与怨恨,承认并接受自己对自己存在不满,鼓励自己反思和分析自己的负面情绪，找到平和心境的方法
,失业,,情绪：无助感,承认并接受自己的无助感,鼓励自己寻求支持，增强自信
,失业,,情绪：孤立感,承认并接受自己的孤立感,鼓励自己寻求支持，建立新的社交连接
,失业,,情绪：安全感缺失,承认并接受自己的不安,提醒自己有能力关怀保护自己，鼓励自己采取行动增强个人的安全感
,失业,,情绪：焦虑（经济压力）,承认并接受自己的焦虑,鼓励自己寻找资源，改善经济状况
,失业,,情绪：焦虑（职业发展）,承认并接受自己对于职业发展的关注,鼓励自己制定职业规划，逐步实现目标
擦拭信念,补强,更勇敢,,,
,原谅,更勇敢,,,
,净输出,更勇敢,,,
,爱仇敌,更勇敢,,,
,为他人留下贡献和遗产,更勇敢,,,